model,scene,view,fg_iou,fg_precision,fg_recall,fg_fbeta,fg_mae,fg_boundary_f,n_gt,n_pred,inst_f075,sq,rq,pq,inst_under_seg,inst_over_seg,inst_overlap_p,inst_overlap_r,inst_overlap_f,inst_boundary_p,inst_boundary_r,inst_boundary_f,pc_purity,pc_outlier_ratio,pc_chamfer_mm,pc_chamfer_p95_mm,pc_completeness,pc_scale_err,pc_n_points,pc_ge4096,plane_angle_deg,plane_offset_mm,latency_ms,sd_radial_gt_mm,sd_radial_pred_mm,sd_n_sq,sd_flatness,sd_latency_ms
geometric,90,0,0.620483,0.808689,0.727231,0.788312,0.14402,0.462735,10,3,0.1,0.923275,0.153846,0.142042,2,0,0.358149,0.322073,0.339154,0.298769,0.225888,0.257266,0.561426,0.434953,36.2425,112.352,0.984876,0.977334,27922.7,0.666667,0.86907,7.2658,39.6971,11.9384,9.50728,2.66667,0.441648,721.872
geometric,90,8,0.630397,0.809207,0.740454,0.792231,0.138118,0.487542,10,6,0.1,0.834152,0.125,0.104269,2,0,0.44285,0.405224,0.423203,0.30955,0.21678,0.254989,0.782373,0.206846,14.0456,47.7102,0.844969,0.651688,13966,0.4,1.06775,0.498734,39.0336,,,,,
geometric,90,16,0.653175,0.750002,0.834966,0.768038,0.139665,0.460058,10,4,0,0.573217,0.142857,0.0818881,2,0,0.339011,0.377415,0.357184,0.275951,0.218648,0.24398,0.667563,0.316935,32.1586,106.311,0.914657,1.49841,25165.2,0.5,0.977709,1.20626,32.5273,,,,,
geometric,90,24,0.626767,0.772267,0.768877,0.771482,0.147015,0.483198,10,7,0.1,0.720014,0.235294,0.169415,2,0,0.413514,0.411699,0.412605,0.332186,0.248244,0.284145,0.813721,0.181475,12.919,40.891,0.780225,0.686336,12096,0.333333,1.00184,1.22693,31.5542,,,,,
geometric,90,32,0.600266,0.800813,0.705618,0.776634,0.145544,0.474987,10,6,0.2,0.664595,0.375,0.249223,2,0,0.465763,0.410396,0.43633,0.327189,0.23545,0.27384,0.8018,0.190137,13.5263,49.5193,0.811367,0.708755,12671.2,0.6,1.20618,3.87951,32.004,10.5794,4.59864,2.2,0.429549,126.271
geometric,90,40,0.655744,0.744605,0.84603,0.765791,0.147464,0.505035,10,5,0.2,0.68618,0.4,0.274472,2,0,0.355389,0.403798,0.37805,0.345759,0.266172,0.30079,0.725033,0.269037,25.7743,71.9372,0.927108,0.887,21549.6,0.6,0.802329,1.20311,33.7419,,,,,
geometric,90,48,0.63066,0.713665,0.844293,0.740089,0.171605,0.395337,10,5,0.2,0.711378,0.266667,0.189701,3,0,0.425197,0.503025,0.460848,0.329687,0.248922,0.283668,0.676862,0.318091,18.8317,51.6134,0.903604,0.369286,22997.2,0.8,0.844703,0.284557,32.1312,,,,,
geometric,90,56,0.623353,0.751486,0.78522,0.759011,0.162425,0.435679,10,5,0.2,0.729634,0.266667,0.194569,2,0,0.395927,0.4137,0.404618,0.267547,0.204698,0.23194,0.736482,0.248297,18.1181,52.8648,0.898882,0.698586,20309.8,0.6,1.40597,1.80772,32.2467,,,,,
geometric,90,64,0.649379,0.76744,0.808474,0.776535,0.15515,0.461597,10,7,0.3,0.84256,0.352941,0.297374,2,1,0.505842,0.532889,0.519013,0.419585,0.299275,0.349363,0.791479,0.196538,14.0292,41.0691,0.890534,0.433175,17766,0.666667,1.38896,3.47219,30.601,8.67018,5.31551,3,0.415885,174.889
geometric,90,72,0.625133,0.729631,0.8136,0.747433,0.180228,0.387868,10,5,0.1,0.72796,0.133333,0.0970613,2,0,0.343167,0.38266,0.361839,0.243264,0.196747,0.217547,0.672108,0.321034,21.5136,62.8295,0.849206,0.250099,28606.2,0.75,0.79801,1.11967,27.7329,,,,,
geometric,90,80,0.641501,0.742577,0.824959,0.760093,0.175475,0.427146,10,4,0,,0,0,2,0,0.307516,0.341632,0.323677,0.228265,0.193791,0.20962,0.576529,0.416567,32.9854,91.5755,0.837239,0.395683,39640.7,0.666667,1.22929,0.703805,30.7453,,,,,
geometric,90,88,0.597057,0.762944,0.733047,0.75583,0.177044,0.380394,10,6,0.2,0.777848,0.25,0.194462,2,1,0.396757,0.381209,0.388828,0.237616,0.187942,0.20988,0.745543,0.239063,15.3507,51.9967,0.830195,0.467349,19491.2,0.6,1.25946,4.22104,31.2368,,,,,
geometric,90,96,0.620833,0.796906,0.737526,0.78237,0.172142,0.397533,10,8,0.3,0.771089,0.333333,0.25703,2,1,0.468156,0.433272,0.450039,0.286511,0.236358,0.259029,0.822548,0.16868,11.0392,35.0145,0.748926,0.361859,16725.3,0.5,0.932083,3.9271,28.9153,14.9775,5.29099,2.16667,0.36042,138.277
geometric,90,104,0.560573,0.656792,0.792809,0.683868,0.249326,0.394731,10,3,0,,0,0,2,0,0.280082,0.338085,0.306363,0.192213,0.158583,0.173786,0.516831,0.477191,74.4601,210.112,0.809243,1.507,46339.7,0.666667,0.610437,1.93603,36.8537,,,,,
geometric,90,112,0.649387,0.75634,0.821182,0.770378,0.17444,0.474796,10,7,0.1,0.896032,0.117647,0.105416,2,1,0.33393,0.362559,0.347656,0.265005,0.236493,0.249939,0.67065,0.32518,35.1923,90.9406,0.818304,0.909337,28599.5,0.5,0.830987,3.0951,33.5939,,,,,
geometric,90,120,0.639819,0.857459,0.715971,0.820061,0.138366,0.402138,10,8,0.4,0.769445,0.444444,0.341976,2,0,0.61586,0.514237,0.56048,0.416872,0.275301,0.331609,0.856248,0.124759,5.72105,25.4198,0.729308,0.393759,10028.7,0.571429,1.36159,6.64385,29.6612,,,,,
geometric,90,128,0.609679,0.749369,0.765842,0.753107,0.189928,0.406122,9,6,0.111111,0.918025,0.133333,0.122403,2,1,0.36832,0.376417,0.372325,0.236653,0.22843,0.232468,0.708303,0.28566,31.9831,97.3435,0.823803,0.942378,24850.2,0.5,0.883155,3.20477,30.1523,11.6818,8.1805,2.75,0.510013,157.969
geometric,90,136,0.566233,0.663409,0.794476,0.689665,0.255931,0.384584,9,5,0.111111,0.906705,0.142857,0.129529,2,1,0.304995,0.365252,0.332415,0.241222,0.18521,0.209538,0.643854,0.349431,60.4385,167.397,0.75955,1.61945,36263.8,0.5,0.275477,3.89721,32.3923,,,,,
geometric,90,144,0.619652,0.783805,0.747394,0.775091,0.175072,0.438791,10,5,0.1,0.70761,0.266667,0.188696,2,0,0.413238,0.394041,0.403411,0.257269,0.215432,0.234499,0.727658,0.260839,25.6527,83.4382,0.8325,0.682113,22250.2,0.5,0.746111,5.74294,33.4759,,,,,
geometric,90,152,0.5774,0.782139,0.688062,0.758216,0.16307,0.466885,10,8,0.3,0.861293,0.333333,0.287098,1,0,0.505919,0.445067,0.473546,0.409576,0.312033,0.354212,0.779393,0.179808,13.737,40.3364,0.820925,0.466465,9266.14,0.428571,0.665336,6.82467,29.776,,,,,
geometric,90,160,0.604872,0.728022,0.781458,0.739695,0.192845,0.414635,9,5,0.111111,0.714532,0.285714,0.204152,1,0,0.423966,0.455084,0.438974,0.274054,0.232091,0.251333,0.631743,0.352441,32.841,94.9377,0.879919,0.246359,23444.8,0.6,0.79217,3.96245,32.5151,9.41577,7.01921,2.4,0.304699,203.397
geometric,90,168,0.568399,0.689209,0.764298,0.705197,0.220391,0.42672,9,7,0.111111,0.913641,0.125,0.114205,2,1,0.36013,0.399366,0.378734,0.25377,0.23768,0.245462,0.622088,0.343022,36.8631,93.1775,0.743635,0.742822,20197.7,0.5,0.125713,3.20181,37.594,,,,,
geometric,90,176,0.579745,0.757977,0.711442,0.746706,0.172021,0.502962,9,7,0.222222,0.91294,0.25,0.228235,1,0,0.456388,0.428368,0.441934,0.387282,0.336911,0.360345,0.817801,0.171731,12.5019,43.5718,0.818369,0.378677,11251.7,0.5,0.536394,6.17663,33.9861,,,,,
geometric,90,184,0.501134,0.686913,0.649483,0.677898,0.183271,0.492248,9,7,0.333333,0.77703,0.375,0.291386,1,0,0.442278,0.418179,0.429891,0.400893,0.326724,0.360028,0.864321,0.123584,9.44552,32.0099,0.800874,0.604992,8804.33,0.5,0.34086,5.64567,32.0709,,,,,
geometric,90,192,0.498391,0.67994,0.651153,0.673073,0.240553,0.40002,9,7,0.111111,0.90156,0.125,0.112695,1,1,0.374465,0.358611,0.366367,0.303434,0.266703,0.283885,0.58598,0.354525,32.1809,82.3566,0.65163,0.608491,14420.9,0.428571,0.210349,3.37316,31.3955,25.8566,6.90357,2.42857,0.354494,180.503
geometric,90,200,0.457967,0.641352,0.615628,0.635226,0.233057,0.371538,9,5,0,0.55922,0.142857,0.0798885,1,0,0.367544,0.352802,0.360022,0.220452,0.17771,0.196787,0.743151,0.220183,24.893,68.7307,0.723659,0.866551,17488.8,0.4,0.246546,4.02321,35.3171,,,,,
geometric,90,208,0.532971,0.673161,0.719039,0.683221,0.156702,0.534329,9,7,0.222222,0.740178,0.375,0.277567,1,0,0.438579,0.468469,0.453032,0.413417,0.350519,0.379379,0.860736,0.122591,8.2131,33.1038,0.804768,0.36521,8399.17,0.5,0.286089,5.08869,33.0309,,,,,
geometric,90,216,0.50006,0.646594,0.688139,0.65573,0.176683,0.446102,9,8,0.222222,0.769321,0.235294,0.181017,1,0,0.408108,0.43433,0.420811,0.337582,0.291611,0.312917,0.864342,0.119597,11.2766,43.646,0.780366,0.794028,7284,0.285714,0.0635419,3.54402,30.5991,,,,,
geometric,90,224,0.416423,0.671629,0.522879,0.630253,0.253138,0.365004,9,5,0,0.503659,0.142857,0.0719513,1,0,0.328068,0.255409,0.287214,0.185508,0.146949,0.163992,0.639757,0.34226,26.3216,79.0145,0.839503,0.28716,17764.3,0.666667,0.71108,1.29915,32.0081,9.98335,7.35322,2.66667,0.332835,87.7008
geometric,90,232,0.470907,0.638062,0.642543,0.63909,0.199769,0.412676,9,7,0.111111,0.730017,0.25,0.182504,1,1,0.357359,0.359869,0.358609,0.258476,0.203083,0.227456,0.815368,0.177083,11.2841,43.7672,0.757419,0.428056,9800.6,0.4,0.195043,3.05224,32.4668,,,,,
geometric,90,240,0.435461,0.602456,0.611044,0.604416,0.181794,0.363809,9,9,0.222222,0.840005,0.222222,0.186668,1,1,0.380762,0.38619,0.383457,0.272316,0.215605,0.240664,0.911273,0.0833333,7.40622,22.9561,0.738999,0.500107,5670,0.285714,0.141732,3.95954,32.5168,,,,,
geometric,90,248,0.523971,0.6499,0.730032,0.66679,0.16694,0.495006,9,7,0.333333,0.835392,0.375,0.313272,1,1,0.398743,0.447908,0.421898,0.338566,0.282763,0.308158,0.820615,0.167905,15.4852,61.0982,0.853293,0.860567,10462,0.6,0.370852,1.74946,31.2579,,,,,
geometric,91,0,0.729911,0.851258,0.836612,0.847832,0.10543,0.471033,10,4,0.2,0.924687,0.285714,0.264196,1,0,0.296007,0.290914,0.293438,0.242166,0.174301,0.202704,0.733781,0.256558,26.4966,68.1511,0.994112,0.313279,30769.3,0.666667,1.03749,4.01039,35.2914,8.66376,6.63259,3.33333,0.454961,127.167
geometric,91,8,0.695142,0.823541,0.816803,0.821976,0.131966,0.455637,10,3,0.1,0.83631,0.153846,0.128663,1,0,0.225182,0.223339,0.224257,0.166474,0.114765,0.135866,0.69504,0.257543,28.4126,68.6478,0.684446,0.810981,34906.7,0.333333,0.842077,1.03586,52.3153,,,,,
geometric,91,16,0.679684,0.780631,0.840154,0.793607,0.134567,0.415484,10,4,0.1,0.817627,0.142857,0.116804,2,0,0.276636,0.297729,0.286795,0.246357,0.189197,0.214027,0.580371,0.38581,20.5126,57.115,0.963602,0.814755,25683.5,0.5,1.08785,1.80981,35.6727,,,,,
geometric,91,24,0.69761,0.791972,0.854121,0.805497,0.137298,0.443816,10,3,0.1,0.770161,0.153846,0.118486,1,0,0.21012,0.226609,0.218053,0.144961,0.0953807,0.115057,0.703413,0.260233,26.4763,65.778,0.68922,0.69525,37896,0.333333,0.879164,0.783742,33.1808,,,,,
geometric,91,32,0.680298,0.81516,0.804381,0.812647,0.138187,0.404579,10,6,0.2,0.737882,0.25,0.184471,1,2,0.307846,0.303776,0.305797,0.14945,0.112006,0.128047,0.794798,0.189734,18.9691,51.0679,0.792682,0.585517,25800,0.5,1.14251,1.47846,32.5315,18.3404,5.15339,4.25,0.466723,111.179
geometric,91,40,0.662218,0.733163,0.872507,0.761218,0.157868,0.454362,10,3,0.1,0.893229,0.153846,0.13742,1,0,0.180727,0.215076,0.196411,0.208206,0.128735,0.159098,0.719604,0.271889,26.4732,66.033,0.677905,0.69954,39997,0.333333,0.878677,1.64333,33.3853,,,,,
geometric,91,48,0.61473,0.688816,0.851091,0.720519,0.184736,0.393593,10,3,0.1,0.911738,0.153846,0.140267,1,0,0.155296,0.191881,0.171661,0.175194,0.108253,0.133819,0.565756,0.422882,56.5186,152.557,0.964223,0.954076,60356,0.5,0.870651,1.59488,35.3998,,,,,
geometric,91,56,0.692531,0.762848,0.882534,0.787494,0.139398,0.445204,10,2,0.1,0.899474,0.166667,0.149912,1,0,0.204756,0.236881,0.219651,0.114127,0.0810013,0.0947525,0.570333,0.398926,36.5678,98.4271,0.998423,0.582418,59234.5,0.5,1.33492,0.237615,40.7856,,,,,
geometric,91,64,0.682539,0.757824,0.872943,0.78161,0.143021,0.43221,10,3,0.1,0.920691,0.153846,0.141645,1,0,0.219159,0.252451,0.23463,0.139296,0.096478,0.113999,0.714848,0.267706,25.0192,66.7159,0.684512,0.57617,38955.7,0.333333,1.22867,1.36743,33.4543,19.5873,5.4049,4,0.442801,156.302
geometric,91,72,0.647196,0.701001,0.893977,0.737752,0.174687,0.413906,10,3,0.1,0.947306,0.153846,0.145739,1,0,0.175843,0.22425,0.197118,0.220588,0.113335,0.149737,0.57374,0.415171,47.4813,112.204,0.968223,0.579859,65071,0.5,0.863901,1.34338,29.3933,,,,,
geometric,91,80,0.647408,0.716546,0.870293,0.747,0.177598,0.450158,10,3,0.1,0.914215,0.153846,0.140649,1,0,0.198728,0.241369,0.217983,0.216343,0.123939,0.157595,0.582564,0.408288,42.9788,101.536,0.953717,0.525496,65152,1,0.944113,1.13989,23.7876,,,,,
geometric,91,88,0.692506,0.775834,0.86573,0.794881,0.135879,0.506394,10,4,0.2,0.848898,0.285714,0.242542,1,0,0.269491,0.300717,0.284249,0.22546,0.162663,0.188982,0.792184,0.19577,19.1042,50.1778,0.760349,0.309821,28466.5,0.5,1.08441,2.11017,23.2077,,,,,
geometric,91,96,0.703252,0.779738,0.877591,0.800332,0.138704,0.497376,10,2,0.1,0.899798,0.166667,0.149966,1,0,0.205452,0.231235,0.217582,0.205985,0.129706,0.159179,0.57921,0.408594,33.7576,77.7971,0.96534,0.481286,60120,1,0.955439,1.46852,22.8248,6.90866,7.38047,3.5,0.451488,154.439
geometric,91,104,0.635264,0.692475,0.884914,0.729063,0.201507,0.460768,10,3,0.1,0.886743,0.153846,0.136422,1,0,0.183297,0.234235,0.205659,0.200118,0.132952,0.159763,0.581536,0.409988,51.418,132.033,0.934239,1.15314,68827,1,1.10856,2.2738,31.4806,,,,,
geometric,91,112,0.689427,0.758552,0.883252,0.784099,0.156237,0.512088,10,3,0.1,0.915817,0.153846,0.140895,1,0,0.194081,0.225986,0.208822,0.227123,0.144917,0.176938,0.584177,0.40496,37.1186,84.1483,0.95698,0.634806,63340.5,1,1.06861,0.482469,23.5779,,,,,
geometric,91,120,0.75081,0.874605,0.841381,0.866707,0.100456,0.451793,10,4,0.2,0.706486,0.428571,0.30278,1,0,0.351635,0.338277,0.344827,0.240195,0.164858,0.195521,0.802788,0.189278,20.0609,51.8635,0.891676,0.470271,24840,0.5,1.18667,4.93059,23.4486,,,,,
geometric,91,128,0.687952,0.767505,0.869061,0.788776,0.154447,0.538701,10,3,0.1,0.92943,0.153846,0.142989,1,0,0.192168,0.217595,0.204093,0.239162,0.165174,0.195398,0.582471,0.403165,34.2701,78.1768,0.962207,0.435786,59891.5,0.5,1.14307,0.324774,22.7573,6.8851,7.11562,4,0.597298,145.676
geometric,91,136,0.625184,0.681483,0.883282,0.719412,0.20266,0.493465,10,2,0.1,0.879087,0.166667,0.146515,1,0,0.166546,0.215864,0.188025,0.241806,0.165767,0.196694,0.567544,0.418513,58.0596,152.858,0.960254,0.748123,71552,0.5,0.976452,1.43153,29.9784,,,,,
geometric,91,144,0.710617,0.824076,0.837698,0.82718,0.132201,0.531257,10,4,0.1,0.930116,0.142857,0.132874,1,0,0.220265,0.223906,0.22207,0.249665,0.172016,0.203691,0.719126,0.260969,20.6282,45.6077,0.690868,0.43764,36445,0.333333,1.04406,1.86057,22.6444,,,,,
geometric,91,152,0.701639,0.818649,0.830766,0.821413,0.127572,0.537727,10,3,0.2,0.931434,0.307692,0.286595,1,0,0.288185,0.292451,0.290302,0.291274,0.191599,0.231149,0.723205,0.259858,23.5765,62.7007,0.991331,0.503395,35221.7,0.666667,0.688839,4.21819,22.645,,,,,
geometric,91,160,0.693632,0.782546,0.85925,0.799006,0.147503,0.540603,10,3,0.1,0.911765,0.153846,0.140271,1,0,0.193281,0.212227,0.202311,0.212221,0.134309,0.164506,0.576959,0.405888,39.267,90.7327,0.998648,0.461247,60266,0.5,0.602194,2.20098,22.3985,15.2083,11.8176,4,0.561649,87.6479
geometric,91,168,0.680478,0.746518,0.884953,0.774476,0.16237,0.566881,10,4,0,,0,0,1,0,0.168442,0.199678,0.182735,0.182536,0.112884,0.139499,0.176066,0.820683,108.625,244.877,1,0.899496,129843,1,0.47417,0.842141,29.9909,,,,,
geometric,91,176,0.711943,0.786454,0.882554,0.806725,0.131475,0.618802,10,3,0.2,0.934383,0.307692,0.287502,1,0,0.261715,0.293695,0.276785,0.327143,0.219872,0.26299,0.713258,0.270514,23.2336,55.0046,0.998573,0.28394,39442,0.666667,0.504107,3.4673,23.3167,,,,,
geometric,91,184,0.673602,0.760041,0.85555,0.780139,0.148252,0.595808,10,4,0.2,0.931238,0.285714,0.266068,1,0,0.259706,0.292341,0.275059,0.297665,0.215147,0.249766,0.786775,0.205965,17.7759,40.9818,0.771531,0.538459,28916.5,0.5,0.332934,3.38833,22.4613,,,,,
geometric,91,192,0.680954,0.757047,0.871378,0.780685,0.157695,0.544134,10,1,0,,0,0,1,0,0.174172,0.200475,0.1864,0.146667,0.0993976,0.118492,0.176296,0.822016,105.328,236.147,0.998132,0.326614,126180,1,0.262101,1.40311,28.1834,15.3971,17.5991,7,0.412975,150.947
geometric,91,200,0.662191,0.738901,0.86447,0.764529,0.164453,0.518877,9,2,0,,0,0,1,0,0.176764,0.206804,0.190608,0.124976,0.0961039,0.108655,0.180941,0.805904,90.1034,250.748,0.931093,0.879583,121316,1,0.121957,2.04725,30.945,,,,,
geometric,91,208,0.698888,0.764401,0.890765,0.790272,0.133717,0.551916,10,4,0.2,0.908757,0.285714,0.259645,1,0,0.248715,0.28983,0.267703,0.250397,0.181818,0.210667,0.781903,0.205446,18.426,47.4829,0.928843,0.350878,29156.2,0.5,0.329691,2.90891,23.0377,,,,,
geometric,91,216,0.691817,0.759724,0.885582,0.785485,0.143291,0.543768,10,2,0.1,0.934143,0.166667,0.15569,1,0,0.191348,0.223047,0.205985,0.187219,0.137292,0.158415,0.569351,0.416843,39.9802,104.367,0.970426,0.413094,60494.5,0.5,0.296691,1.77317,25.0084,,,,,
geometric,91,224,0.654961,0.754851,0.831918,0.77134,0.168464,0.375338,9,2,0,,0,0,1,0,0.21877,0.241106,0.229396,0.0916695,0.0768786,0.0836251,0.228827,0.75321,97.0753,343.676,0.948626,1.3236,115795,1,0.443438,0.944932,30.065,33.1768,34.4983,2,0.537659,80.8917
geometric,91,232,0.68697,0.777397,0.855195,0.794067,0.148457,0.455223,10,2,0,0.584677,0.166667,0.0974462,1,0,0.210734,0.231824,0.220776,0.107679,0.087676,0.0966533,0.604248,0.388099,43.2069,130.45,0.942585,0.470473,59189.5,0.5,0.237687,1.34826,22.9848,,,,,
geometric,91,240,0.704429,0.797982,0.857318,0.810934,0.131761,0.425013,10,3,0.2,0.853207,0.307692,0.262525,1,0,0.25845,0.277668,0.267714,0.187604,0.136889,0.158283,0.716973,0.271504,26.2208,65.9151,0.985214,0.595954,37504.7,0.666667,0.181262,2.3487,23.0834,,,,,
geometric,91,248,0.716703,0.798863,0.874509,0.815134,0.131784,0.366564,10,3,0,,0,0,1,0,0.206527,0.226084,0.215863,0.0997839,0.0789703,0.0881654,0.619858,0.370776,28.6691,71.1339,0.818715,0.39829,49184.5,0.5,0.222022,0.903017,23.3429,,,,,
geometric,92,0,0.697249,0.822521,0.820726,0.822106,0.0930436,0.514382,9,9,0.555556,0.683374,0.888889,0.607444,1,0,0.765794,0.764123,0.764957,0.442496,0.462093,0.452082,0.900549,0.0847795,9.73863,42.0424,0.881414,0.29792,9008.62,0.625,1.2433,4.90709,26.8909,5.07133,4.36866,3.125,0.508694,216.83
geometric,92,8,0.694224,0.816231,0.822832,0.817745,0.096862,0.432519,9,6,0.444444,0.775312,0.666667,0.516875,1,0,0.624186,0.629234,0.6267,0.385718,0.288136,0.329861,0.881333,0.109211,7.82643,23.1716,0.919207,0.282324,12830.7,0.5,1.31378,1.81772,24.4744,,,,,
geometric,92,16,0.707562,0.786518,0.875752,0.805457,0.0958333,0.414993,9,5,0.333333,0.759357,0.571429,0.433918,1,0,0.540805,0.602161,0.569836,0.33756,0.235523,0.277458,0.863225,0.122748,8.70991,31.8449,0.928408,0.210624,16567.2,0.6,1.21646,2.8751,23.713,,,,,
geometric,92,24,0.701316,0.800062,0.850348,0.811132,0.0996908,0.43304,9,6,0.444444,0.788416,0.666667,0.525611,2,0,0.587808,0.624753,0.605718,0.374913,0.282275,0.322065,0.864006,0.121366,7.76832,29.8678,0.936157,0.292898,14035.2,0.5,1.30898,0.888936,24.1218,,,,,
geometric,92,32,0.700093,0.815358,0.831998,0.819139,0.0974414,0.45204,9,7,0.444444,0.703389,0.875,0.615465,2,0,0.736888,0.751926,0.744331,0.378212,0.333877,0.354664,0.853809,0.128908,6.03993,31.3911,0.920007,0.184205,11578.7,0.571429,1.42183,1.64832,25.1471,4.69202,4.16934,3,0.569191,178.946
geometric,92,40,0.715053,0.788017,0.885356,0.808531,0.0989355,0.497604,9,6,0.444444,0.790017,0.666667,0.526678,2,0,0.566094,0.636021,0.599024,0.43213,0.321216,0.368509,0.869705,0.11647,7.34463,22.9208,0.944276,0.256351,15027.8,0.5,1.15294,0.724176,23.664,,,,,
geometric,92,48,0.674144,0.731618,0.895633,0.763901,0.121807,0.463033,9,5,0.222222,0.731567,0.428571,0.313529,1,0,0.382121,0.467785,0.420636,0.30815,0.247296,0.27439,0.797155,0.189318,18.0038,47.4936,0.909124,0.259083,24240.2,0.5,1.10991,1.27399,23.2463,,,,,
geometric,92,56,0.697959,0.795244,0.850867,0.807424,0.105938,0.426073,9,6,0.444444,0.747302,0.666667,0.498201,2,0,0.540934,0.57877,0.559213,0.383954,0.311746,0.344103,0.838687,0.137272,9.14574,31.9691,0.905224,0.22236,14909,0.666667,1.53274,0.473668,23.1352,,,,,
geometric,92,64,0.690807,0.794089,0.841554,0.804561,0.108678,0.447071,9,7,0.444444,0.688277,0.875,0.602243,2,0,0.715939,0.758732,0.736715,0.400203,0.347004,0.37171,0.841185,0.134983,7.12628,34.2332,0.910256,0.167033,12697,0.714286,1.66708,1.36672,22.8308,6.0346,4.81634,3.28571,0.514927,174.845
geometric,92,72,0.647142,0.706145,0.885647,0.740794,0.137012,0.427006,9,5,0.222222,0.755061,0.428571,0.323598,1,0,0.352638,0.442279,0.392404,0.224149,0.180346,0.199876,0.784859,0.20666,20.2343,47.9719,0.933615,0.328431,25156.5,0.5,1.24077,1.49324,22.8569,,,,,
geometric,92,80,0.628903,0.694851,0.868876,0.728523,0.147275,0.437677,9,5,0.222222,0.751713,0.428571,0.322163,1,0,0.356551,0.44585,0.396231,0.24884,0.205308,0.224988,0.786895,0.20462,21.2298,54.2884,0.912589,0.395685,25465,0.75,1.38069,1.15977,22.6733,,,,,
geometric,92,88,0.663339,0.780303,0.81568,0.788192,0.116488,0.464604,9,8,0.444444,0.728416,0.705882,0.514176,1,0,0.719968,0.752609,0.735926,0.413226,0.383103,0.397595,0.87377,0.100694,7.28794,26.0694,0.882907,0.183834,10708.1,0.625,1.44454,2.28088,35.4231,,,,,
geometric,92,96,0.656965,0.756962,0.832584,0.773168,0.124274,0.456568,9,6,0.333333,0.710792,0.666667,0.473861,1,0,0.530676,0.583691,0.555922,0.34851,0.311493,0.328963,0.862568,0.121916,13.5021,39.1618,0.900813,0.302106,15234.3,0.666667,1.33452,1.25761,24.9218,5.92842,5.49873,2,0.622761,200.202
geometric,92,104,0.549183,0.601194,0.863908,0.646569,0.207116,0.399987,9,5,0.333333,0.778027,0.428571,0.33344,1,0,0.324972,0.46698,0.383244,0.240223,0.209026,0.223541,0.808893,0.170576,19.4847,52.3529,0.936241,0.37878,23945.6,0.6,1.63037,3.50494,22.8926,,,,,
geometric,92,112,0.607229,0.694572,0.828439,0.721476,0.158356,0.443808,9,6,0.333333,0.737603,0.533333,0.393388,1,0,0.431304,0.51443,0.469214,0.25073,0.242332,0.246459,0.830093,0.147312,16.3582,53.7083,0.930979,0.427983,19107.8,0.6,1.77403,0.674484,22.3786,,,,,
geometric,92,120,0.683277,0.831433,0.793152,0.822275,0.101999,0.453751,9,8,0.555556,0.700569,0.705882,0.49452,1,0,0.772641,0.737067,0.754435,0.398631,0.39524,0.396928,0.880261,0.0954177,8.92235,32.3239,0.883601,0.197545,9513.62,0.5,1.62153,4.4205,23.0196,,,,,
geometric,92,128,0.597172,0.708814,0.791295,0.726284,0.161279,0.444702,9,7,0.222222,0.654152,0.625,0.408845,1,0,0.574517,0.64137,0.606106,0.308937,0.314629,0.311757,0.828045,0.15902,17.985,59.5349,0.924626,0.367898,14359.5,0.5,1.5553,0.922916,23.1642,5.35408,4.64036,3.16667,0.491682,161.081
geometric,92,136,0.530386,0.579997,0.861125,0.627253,0.23766,0.424468,9,5,0.333333,0.737387,0.571429,0.421364,1,0,0.326234,0.484361,0.389874,0.235327,0.227747,0.231475,0.818342,0.165312,20.6592,64.3882,0.929037,0.585194,26611.2,0.6,2.44524,4.1004,22.9076,,,,,
geometric,92,144,0.596826,0.735574,0.759851,0.741037,0.156383,0.447072,9,8,0.333333,0.678993,0.588235,0.399407,1,0,0.666077,0.688061,0.676891,0.338599,0.3527,0.345506,0.87447,0.100803,9.6914,45.8294,0.858952,0.360808,11094.1,0.428571,1.25692,2.55793,22.766,,,,,
geometric,92,152,0.646736,0.819836,0.753882,0.803611,0.123802,0.470912,9,10,0.666667,0.763542,0.736842,0.56261,0,0,0.814996,0.749432,0.78084,0.459421,0.476261,0.467689,0.934999,0.0328059,0.778069,3.02718,0.811124,0.312056,7790.78,0.333333,0.873633,5.04501,22.6845,,,,,
geometric,92,160,0.586128,0.675982,0.81514,0.703705,0.17887,0.449242,9,7,0.333333,0.66964,0.625,0.418525,2,0,0.543155,0.65497,0.593845,0.373541,0.395422,0.38417,0.851221,0.128769,9.61577,37.8017,0.886439,0.412951,15507.4,0.571429,1.2445,3.87109,22.8933,5.75416,5.42312,3,0.515118,202.558
geometric,92,168,0.563298,0.629596,0.842501,0.668586,0.198633,0.380674,9,5,0.222222,0.678317,0.428571,0.290707,2,0,0.332384,0.444783,0.380456,0.189505,0.193447,0.191456,0.746953,0.232949,21.9513,81.0081,0.912149,0.491471,29586.8,0.75,1.32489,0.573254,22.277,,,,,
geometric,92,176,0.621346,0.772861,0.760158,0.769892,0.141842,0.484366,9,8,0.333333,0.747545,0.470588,0.351786,1,0,0.74973,0.737407,0.743517,0.438325,0.476474,0.456604,0.877313,0.0918603,5.09767,26.1762,0.806135,0.146587,10590.6,0.571429,0.76618,3.98623,23.4098,,,,,
geometric,92,184,0.622412,0.761756,0.77286,0.76429,0.137786,0.447675,8,9,0.625,0.699782,0.823529,0.576291,0,0,0.761494,0.772594,0.767004,0.434412,0.461706,0.447643,0.913062,0.0501436,2.13922,10.9819,0.85423,0.264077,9304.62,0.375,0.539054,4.1536,23.5705,,,,,
geometric,92,192,0.583934,0.660975,0.833607,0.694148,0.180283,0.42993,8,6,0.125,0.627814,0.571429,0.358751,2,0,0.576134,0.726607,0.64268,0.353355,0.362426,0.357833,0.708152,0.271045,26.9564,90.0794,0.922299,0.368104,18581.8,0.666667,0.590479,2.14684,25.4328,5.99681,5.183,3.16667,0.435465,180.313
geometric,92,200,0.582015,0.675907,0.807315,0.702287,0.16998,0.450685,8,6,0.25,0.581209,0.428571,0.249089,2,0,0.587149,0.701301,0.639169,0.345336,0.360265,0.352642,0.667661,0.287618,23.3113,84.1971,0.917882,0.381818,17006,0.666667,0.502759,2.90129,22.3629,,,,,
geometric,92,208,0.615678,0.744493,0.780621,0.752531,0.139902,0.482459,7,7,0.571429,0.764863,0.714286,0.546331,0,0,0.744493,0.780621,0.762129,0.461047,0.505342,0.482179,0.870069,0.101565,9.6933,21.0556,0.856154,0.123153,12436.3,0.571429,0.420009,3.88316,23.7488,,,,,
geometric,92,216,0.593103,0.713526,0.778478,0.727534,0.152174,0.458522,7,7,0.571429,0.80362,0.571429,0.459211,0,0,0.713526,0.778478,0.744588,0.441361,0.477962,0.458933,0.867093,0.110345,6.86046,15.3847,0.849717,0.142209,12948.3,0.571429,0.290978,2.75179,22.667,,,,,
geometric,92,224,0.58813,0.673917,0.822071,0.703161,0.170583,0.366779,7,5,0,,0,0,3,0,0.481231,0.587026,0.52889,0.205395,0.217428,0.21124,0.690329,0.304464,32.9152,130.851,0.867464,1.01245,25669,0.5,0.267962,2.26462,23.5418,7.91793,6.78688,3.5,0.557142,110.718
geometric,92,232,0.565667,0.675412,0.776852,0.696397,0.163298,0.432769,7,7,0.428571,0.740483,0.571429,0.423133,1,0,0.648431,0.745818,0.693723,0.38852,0.427717,0.407178,0.931554,0.0482035,4.04773,20.8273,0.864123,0.196142,10770.8,0.833333,0.0733249,1.42398,22.3331,,,,,
geometric,92,240,0.540834,0.662185,0.746911,0.679986,0.149876,0.406981,8,7,0.375,0.737848,0.4,0.295139,1,0,0.602452,0.679535,0.638676,0.299245,0.326743,0.31239,0.789757,0.172081,23.9884,57.9332,0.819654,0.156408,11258.7,0.5,0.368611,3.20313,22.5642,,,,,
geometric,92,248,0.561704,0.684272,0.758213,0.700026,0.148249,0.419244,7,7,0.142857,0.646573,0.428571,0.277103,2,0,0.594337,0.65856,0.624803,0.295377,0.298737,0.297048,0.852439,0.1243,8.40301,38.5803,0.859675,0.143786,11572,0.8,0.22483,1.49705,22.8216,,,,,
geometric,93,0,0.697288,0.885633,0.766288,0.854907,0.0856315,0.517291,9,9,0.888889,0.705073,0.888889,0.626731,0,0,0.833207,0.720927,0.773011,0.490263,0.451927,0.470315,0.920933,0.0638521,3.28861,22.0509,0.875713,0.242952,7838.88,0.625,1.44624,4.85559,26.3236,6.41497,5.15233,2.75,0.511435,163.631
geometric,93,8,0.73136,0.931758,0.772752,0.88952,0.0855957,0.45441,9,5,0.222222,0.649465,0.428571,0.278342,1,0,0.625823,0.519025,0.567443,0.241709,0.193992,0.215237,0.801524,0.175551,12.8456,40.4485,0.810337,0.390641,14270.6,0.6,1.31419,1.32935,22.7595,,,,,
geometric,93,16,0.730454,0.836242,0.852379,0.839912,0.0883431,0.451621,9,4,0.333333,0.743285,0.461538,0.343055,2,0,0.511115,0.520978,0.515999,0.264832,0.213081,0.236154,0.790592,0.193182,11.4576,41.3912,0.920965,0.610066,20020.8,0.75,1.10568,1.65758,26.1955,,,,,
geometric,93,24,0.727603,0.919623,0.777016,0.882256,0.0911751,0.445139,9,6,0.222222,0.614278,0.666667,0.409518,2,1,0.682745,0.576871,0.625358,0.315789,0.262535,0.28671,0.687301,0.299262,15.0799,40.4762,0.827072,0.417314,12591.3,0.833333,1.127,0.268468,30.5985,,,,,
geometric,93,32,0.701999,0.951869,0.727835,0.888739,0.100732,0.428403,9,9,0.777778,0.720732,0.777778,0.560569,0,1,0.814698,0.622948,0.706035,0.338192,0.323098,0.330473,0.936698,0.0491318,1.48045,9.98142,0.846246,0.209087,8102.62,0.5,1.39931,2.18732,22.976,5.72481,3.40212,2.125,0.503922,152.054
geometric,93,40,0.739351,0.861171,0.8394,0.856047,0.0896582,0.505903,9,4,0.333333,0.715888,0.461538,0.33041,2,0,0.559516,0.545372,0.552353,0.269775,0.218812,0.241636,0.797042,0.191837,9.32193,36.3171,0.906782,0.435105,21086.2,0.75,1.09811,0.118838,24.7169,,,,,
geometric,93,48,0.664175,0.754237,0.847612,0.773912,0.123564,0.475492,9,5,0.333333,0.706057,0.428571,0.302596,2,0,0.486964,0.547251,0.51535,0.281491,0.219258,0.246507,0.783166,0.204054,9.96088,33.7674,0.908306,0.649441,22677,0.75,1.06808,0.372803,31.5451,,,,,
geometric,93,56,0.706533,0.892641,0.772146,0.861613,0.0994922,0.472446,9,6,0.666667,0.686938,0.8,0.549551,2,0,0.768712,0.664946,0.713074,0.354135,0.314955,0.333397,0.853344,0.133467,5.33625,28.8491,0.899219,0.288595,12700.3,0.666667,1.53091,0.843026,23.5563,,,,,
geometric,93,64,0.715722,0.878978,0.793962,0.857782,0.0944596,0.469088,9,8,0.888889,0.71154,0.941176,0.669685,1,0,0.817426,0.738364,0.775886,0.44248,0.381558,0.409767,0.91079,0.0750445,2.11352,12.1951,0.881143,0.148739,9633,0.5,1.61579,1.96382,23.547,5.12666,4.01937,2.25,0.557198,166.271
geometric,93,72,0.641568,0.726743,0.845538,0.751095,0.135482,0.462771,9,5,0.333333,0.708491,0.428571,0.303639,2,0,0.468285,0.544832,0.503667,0.281242,0.215775,0.244197,0.771153,0.218844,11.776,38.924,0.914663,0.577948,23500,0.75,1.23326,0.978945,25.2087,,,,,
geometric,93,80,0.614333,0.703728,0.828653,0.729093,0.147572,0.416316,9,5,0.333333,0.680587,0.428571,0.29168,2,0,0.44473,0.523679,0.480987,0.257482,0.194748,0.221764,0.751325,0.236948,12.4642,39.3674,0.906694,0.516338,23578.2,0.75,1.33869,0.280597,23.0282,,,,,
geometric,93,88,0.688741,0.858366,0.777049,0.838126,0.101468,0.46818,9,8,0.777778,0.706452,0.941176,0.664896,0,0,0.802501,0.726477,0.762599,0.440738,0.385072,0.411029,0.907863,0.0744172,2.12568,12.2995,0.882743,0.119388,9328.5,0.5,1.34841,3.1808,22.935,,,,,
geometric,93,96,0.627181,0.763615,0.778286,0.766951,0.127142,0.459741,9,6,0.555556,0.709624,0.666667,0.473083,1,0,0.546673,0.557176,0.551874,0.367525,0.323507,0.344114,0.859069,0.124236,7.40189,20.3104,0.858721,0.0831205,13360.7,0.666667,1.44811,1.64584,22.5257,6.79009,4.98128,2.5,0.454491,156.195
geometric,93,104,0.534204,0.598586,0.832403,0.640077,0.201901,0.398482,9,3,0.222222,0.680182,0.333333,0.226727,1,0,0.337855,0.469826,0.393059,0.177176,0.143047,0.158293,0.730489,0.26141,24.7038,67.8796,0.893055,0.607935,36761.3,0.666667,1.58167,2.33765,26.1491,,,,,
geometric,93,112,0.565772,0.673426,0.779696,0.695295,0.161042,0.435891,9,7,0.444444,0.701122,0.625,0.438201,1,0,0.475647,0.550706,0.510432,0.343867,0.309641,0.325857,0.859801,0.128158,9.18207,23.819,0.868153,0.283198,14197.2,0.5,1.9743,1.09838,23.2602,,,,,
geometric,93,120,0.669484,0.860812,0.750754,0.832644,0.0991602,0.467612,9,8,0.888889,0.701665,0.941176,0.66039,0,0,0.809919,0.706368,0.754608,0.438773,0.389178,0.41249,0.895745,0.0752268,3.29715,17.6554,0.865631,0.238251,8324.5,0.625,1.59351,5.19243,24.1754,,,,,
geometric,93,128,0.564126,0.684955,0.761787,0.701277,0.159795,0.437951,9,6,0.555556,0.692003,0.666667,0.461336,1,0,0.497073,0.55283,0.523471,0.330659,0.310731,0.320385,0.866278,0.124494,14.1213,37.7105,0.867022,0.531118,14397.7,0.666667,1.76453,0.825619,25.2904,9.05148,6.80211,2.5,0.485849,139.031
geometric,93,136,0.52375,0.591701,0.820166,0.63235,0.219395,0.376785,9,5,0.222222,0.692786,0.428571,0.296908,2,0,0.440806,0.611008,0.512136,0.27939,0.249433,0.263563,0.776094,0.213439,19.5988,53.8569,0.929262,0.240131,23514.2,0.8,1.89061,2.85743,23.0764,,,,,
geometric,93,144,0.662302,0.794562,0.79915,0.795616,0.117611,0.455087,9,6,0.444444,0.730075,0.666667,0.486717,1,0,0.606907,0.610412,0.608655,0.361238,0.338227,0.349354,0.885735,0.106382,7.89689,24.3874,0.89006,0.307835,13720.8,0.666667,1.60488,2.41549,23.4681,,,,,
geometric,93,152,0.789737,0.962007,0.815162,0.923611,0.070026,0.442604,9,9,0.666667,0.746153,0.888889,0.663247,0,0,0.910714,0.771699,0.835463,0.431998,0.384851,0.407064,0.92753,0.0484295,1.21257,6.49495,0.916348,0.218007,9786.62,0.625,1.00983,4.98522,22.3286,,,,,
geometric,93,160,0.664303,0.7648,0.834859,0.779903,0.13097,0.401732,9,6,0.444444,0.720676,0.666667,0.480451,1,0,0.592817,0.647121,0.61878,0.347906,0.284801,0.313206,0.880809,0.106399,7.7648,25.4034,0.901589,0.347959,16275.2,0.666667,1.61791,1.61722,23.3266,7.48318,5.90973,2.16667,0.49645,163.643
geometric,93,168,0.627644,0.739945,0.805277,0.754063,0.159066,0.383298,9,5,0.111111,0.674219,0.285714,0.192634,2,0,0.554822,0.603809,0.57828,0.258241,0.204574,0.228296,0.769502,0.224247,12.2113,41.3412,0.878936,0.249,26086,0.75,1.77206,0.3616,22.375,,,,,
geometric,93,176,0.788069,0.935484,0.833363,0.909757,0.0749284,0.437111,9,7,0.333333,0.674322,0.625,0.421451,3,0,0.778318,0.693354,0.733383,0.344472,0.311353,0.327076,0.821905,0.15954,6.45339,25.0955,0.91389,0.199262,14122.7,0.666667,1.097,4.17534,23.9135,,,,,
geometric,93,184,0.785079,0.925183,0.838301,0.903572,0.0785482,0.44171,9,8,0.666667,0.814999,0.705882,0.575294,1,0,0.846135,0.766677,0.804449,0.414495,0.370322,0.391165,0.904263,0.0729252,2.61807,10.4001,0.937301,0.16409,12348.3,0.714286,0.812067,4.4238,24.652,,,,,
geometric,93,192,0.705516,0.79122,0.866902,0.807488,0.123623,0.440318,9,4,0.222222,0.779782,0.307692,0.239933,2,0,0.57137,0.626023,0.597449,0.290572,0.249859,0.268682,0.727417,0.260952,18.1247,53.7939,0.929552,0.58844,26892.5,0.75,1.23545,1.38565,24.8802,9.71097,7.34463,3.25,0.435984,163.014
geometric,93,200,0.72416,0.823421,0.857292,0.830997,0.113109,0.361989,9,5,0.222222,0.791598,0.285714,0.226171,2,0,0.587337,0.611497,0.599174,0.247125,0.206929,0.225248,0.719673,0.262718,19.4508,54.5028,0.937486,0.198323,24944,0.75,0.860718,2.30714,25.4002,,,,,
geometric,93,208,0.765411,0.895611,0.840385,0.882232,0.0899707,0.390763,9,7,0.666667,0.752315,0.875,0.658275,1,0,0.822606,0.771881,0.796437,0.360033,0.319378,0.338489,0.878796,0.0923028,3.61909,19.3745,0.931558,0.125889,13507.9,0.714286,0.71849,4.06879,27.0898,,,,,
geometric,93,216,0.767887,0.888643,0.849644,0.879329,0.0883919,0.395002,9,7,0.666667,0.807739,0.75,0.605804,1,0,0.805706,0.770347,0.78763,0.358146,0.321465,0.338815,0.868891,0.0994718,4.17985,19.6378,0.945113,0.173397,13756.1,0.714286,0.547345,2.74504,25.1717,,,,,
geometric,93,224,0.705915,0.795278,0.86268,0.80988,0.121003,0.347438,9,7,0.444444,0.806361,0.5,0.403181,1,0,0.628026,0.681253,0.653558,0.242549,0.217946,0.229591,0.871705,0.0965315,6.44356,21.7006,0.951092,0.184105,19953,0.8,0.677561,1.86987,24.7475,7.92006,6.12329,2.6,0.46863,128.837
geometric,93,232,0.781874,0.870867,0.88441,0.873955,0.0827344,0.435522,8,5,0.5,0.789639,0.769231,0.607414,1,0,0.703851,0.714797,0.709282,0.343464,0.309957,0.325852,0.894602,0.0902037,5.84714,23.223,0.951599,0.172424,19609.8,0.8,0.376518,1.59474,25.844,,,,,
geometric,93,240,0.72405,0.873781,0.808625,0.85783,0.10557,0.300354,8,3,0.25,0.75514,0.363636,0.274596,1,0,0.608835,0.563435,0.585256,0.168426,0.16205,0.165177,0.821438,0.152518,8.8597,32.8117,0.90313,0.137403,30481,0.666667,0.483156,3.81998,25.0739,,,,,
geometric,93,248,0.758142,0.864313,0.860566,0.863445,0.0896647,0.374084,8,5,0.5,0.74741,0.769231,0.574931,1,0,0.686503,0.683527,0.685012,0.316403,0.268943,0.290749,0.886027,0.0913738,5.62719,23.1493,0.935477,0.167792,18660.4,0.6,0.547063,2.72884,23.8773,,,,,
geometric,94,0,0.674765,0.836261,0.777484,0.821922,0.0960482,0.444426,9,6,0.222222,0.608262,0.533333,0.324407,3,0,0.581514,0.540642,0.560334,0.266559,0.248529,0.257228,0.775402,0.215023,9.60212,40.7206,0.862356,0.221118,12366.8,0.6,1.19225,6.21101,28.0259,5.50009,4.20428,3,0.498609,133.302
geometric,94,8,0.631732,0.868693,0.698425,0.822424,0.12627,0.416445,9,5,0.111111,0.748875,0.142857,0.106982,2,0,0.53237,0.428023,0.474528,0.26352,0.22807,0.244517,0.727474,0.26192,14.5234,55.6051,0.803385,0.244978,14144.4,0.6,1.07114,0.995707,26.0388,,,,,
geometric,94,16,0.722501,0.9149,0.774554,0.878179,0.090918,0.435859,9,7,0.111111,0.590443,0.375,0.221416,2,0,0.59424,0.503084,0.544876,0.290445,0.253938,0.270968,0.775986,0.213079,8.20114,31.7002,0.779078,0.350604,11431.3,0.666667,1.17864,0.804588,26.7897,,,,,
geometric,94,24,0.616587,0.849392,0.692273,0.807118,0.131979,0.4817,9,5,0.111111,0.625712,0.428571,0.268162,2,0,0.491324,0.40044,0.44125,0.269364,0.245507,0.256883,0.703267,0.288217,15.7305,52.5816,0.778053,0.389734,14189.6,0.6,1.05269,2.07459,32.5911,,,,,
geometric,94,32,0.632048,0.858985,0.705222,0.817835,0.12609,0.488652,9,7,0.333333,0.712841,0.5,0.356421,2,1,0.666254,0.54699,0.60076,0.382174,0.364765,0.373267,0.768523,0.215789,10.2736,39.1358,0.775845,0.292951,10315.9,0.714286,1.25164,3.68178,23.9059,5.47837,3.79547,2.71429,0.513298,169.265
geometric,94,40,0.678254,0.847951,0.772164,0.829171,0.114251,0.450104,9,5,0.111111,0.665053,0.285714,0.190015,2,0,0.432331,0.39369,0.412107,0.236701,0.213208,0.224341,0.68648,0.310518,19.3485,57.5759,0.773246,0.363952,15912.6,0.6,1.014,1.29381,24.4493,,,,,
geometric,94,48,0.68855,0.795836,0.836269,0.804816,0.120381,0.449571,9,5,0.111111,0.660557,0.428571,0.283096,3,0,0.518188,0.544515,0.531026,0.292241,0.25321,0.271329,0.723429,0.269262,24.9024,82.3554,0.833158,0.652099,19137,0.6,1.02279,0.877068,27.3205,,,,,
geometric,94,56,0.661591,0.887908,0.721883,0.843158,0.115605,0.44025,9,7,0.222222,0.680605,0.5,0.340302,2,1,0.646231,0.525395,0.579582,0.330565,0.318324,0.324329,0.750674,0.230491,9.79046,34.8801,0.738306,0.132413,10236.3,0.714286,1.41508,2.12997,25.9459,,,,,
geometric,94,64,0.704402,0.92086,0.749793,0.874801,0.100042,0.465327,9,7,0.444444,0.720674,0.625,0.450421,2,0,0.743845,0.605662,0.667679,0.344747,0.306317,0.324398,0.862808,0.120163,4.73728,24.366,0.883251,0.27904,11800.7,0.666667,1.39317,3.45137,26.0632,6.27821,4.68747,3.16667,0.554024,134.344
geometric,94,72,0.697102,0.802065,0.841943,0.810929,0.119111,0.425014,9,4,0.111111,0.616586,0.307692,0.189719,3,0,0.527668,0.553904,0.540468,0.237503,0.209559,0.222658,0.670897,0.319474,25.5225,86.7108,0.827522,0.681525,24606.8,0.75,1.23626,0.199519,35.2162,,,,,
geometric,94,80,0.695937,0.798314,0.844402,0.808497,0.120381,0.4154,9,4,0.111111,0.618517,0.307692,0.190313,3,0,0.537189,0.568202,0.55226,0.222747,0.193939,0.207347,0.674079,0.318725,22.9344,75.6792,0.857995,0.592655,25035.5,0.75,1.3136,0.681264,26.2918,,,,,
geometric,94,88,0.730118,0.941039,0.765118,0.893624,0.0903385,0.428657,9,7,0.666667,0.714301,0.75,0.535726,1,0,0.841155,0.683906,0.754424,0.371778,0.341849,0.356186,0.895948,0.0826805,1.96544,13.78,0.895419,0.170164,12075.3,0.833333,1.31536,3.98355,25.2363,,,,,
geometric,94,96,0.720544,0.880679,0.798497,0.860247,0.0975521,0.44501,9,6,0.222222,0.6597,0.4,0.26388,3,0,0.61703,0.559451,0.586832,0.267689,0.248882,0.257943,0.785676,0.20464,8.68173,37.3693,0.862956,0.420116,15040.8,0.6,1.3015,3.04455,24.2724,6.01467,4.85636,3.2,0.534776,153.534
geometric,94,104,0.60005,0.675792,0.842615,0.708146,0.182432,0.38494,9,3,0,0.550394,0.166667,0.0917324,2,0,0.372689,0.46469,0.413636,0.196691,0.170004,0.182376,0.674781,0.318989,33.2285,118.579,0.810456,0.251489,38787,0.666667,1.51299,1.97727,25.1584,,,,,
geometric,94,112,0.621312,0.734346,0.801449,0.748814,0.149495,0.411444,9,4,0.111111,0.65779,0.307692,0.202397,2,0,0.396445,0.432671,0.413766,0.215954,0.204115,0.209868,0.737394,0.256278,20.5701,73.3236,0.833645,0.42741,23810.5,0.5,1.50568,1.49875,24.8434,,,,,
geometric,94,120,0.760307,0.954183,0.789116,0.910243,0.0753581,0.472878,9,6,0.333333,0.693436,0.666667,0.462291,2,0,0.76378,0.631652,0.691461,0.348923,0.305782,0.325931,0.864965,0.12035,5.03966,26.1435,0.859638,0.313054,11769.2,0.666667,1.49184,6.16117,27.8615,,,,,
geometric,94,128,0.576083,0.67669,0.794864,0.700731,0.166735,0.422898,9,5,0.111111,0.685205,0.285714,0.195773,2,1,0.339011,0.398214,0.366235,0.234256,0.231694,0.232968,0.711902,0.283829,24.4814,82.6483,0.854095,0.629446,23898.8,0.5,1.49219,2.8605,33.4313,9.50058,7.29507,2.75,0.485164,158.383
geometric,94,136,0.496034,0.550623,0.833426,0.597403,0.252513,0.363739,9,4,0.111111,0.673845,0.307692,0.207337,2,0,0.32284,0.488653,0.388806,0.22878,0.202977,0.215107,0.720319,0.267103,30.2387,87.1236,0.871622,0.249671,32405.2,0.5,1.80242,0.822979,28.5312,,,,,
geometric,94,144,0.604793,0.700687,0.815468,0.724211,0.145758,0.45509,9,4,0.111111,0.619194,0.461538,0.285782,2,0,0.348549,0.405646,0.374936,0.244714,0.231604,0.237978,0.710735,0.284101,26.4562,77.6698,0.85952,0.604247,23032.8,0.5,1.56848,3.10278,32.5927,,,,,
geometric,94,152,0.635271,0.750061,0.805862,0.762241,0.120758,0.439218,9,6,0.222222,0.607537,0.533333,0.32402,3,0,0.480655,0.516413,0.497893,0.307723,0.275642,0.2908,0.750579,0.236437,10.5456,40.7675,0.883977,0.276472,12631.4,0.6,0.994051,6.04097,24.2919,,,,,
geometric,94,160,0.552177,0.622698,0.829807,0.660756,0.184004,0.409101,9,4,0.222222,0.651784,0.461538,0.300824,2,0,0.324232,0.432072,0.370464,0.237739,0.202147,0.218503,0.711196,0.286437,22.5985,62.2973,0.890666,0.418299,26294,0.5,1.66755,2.61983,32.9164,5.98115,5.42378,3.25,0.461255,157.726
geometric,94,168,0.546949,0.598525,0.863894,0.64419,0.20041,0.480726,9,6,0.444444,0.723239,0.533333,0.385728,1,0,0.393696,0.56825,0.465136,0.349645,0.297017,0.321189,0.800393,0.176309,13.889,32.8025,0.908243,0.280083,23216.4,0.6,1.33147,1.76377,26.1231,,,,,
geometric,94,176,0.626919,0.716595,0.833601,0.740584,0.133604,0.521025,9,5,0.222222,0.676564,0.428571,0.289956,2,0,0.365529,0.425213,0.393119,0.260878,0.236383,0.248027,0.599992,0.389591,22.7968,58.7224,0.757761,0.246235,18112.2,0.6,1.11376,4.63228,22.5642,,,,,
geometric,94,184,0.682767,0.7836,0.841419,0.796226,0.112246,0.547447,9,6,0.444444,0.70785,0.666667,0.4719,3,0,0.588645,0.632079,0.609589,0.402294,0.373628,0.387432,0.79996,0.189465,8.56743,32.5792,0.915195,0.209492,14855.2,0.666667,0.846721,5.19646,24.416,,,,,
geometric,94,192,0.582145,0.649155,0.849385,0.686501,0.170521,0.491348,9,5,0.444444,0.681875,0.571429,0.389643,1,0,0.420857,0.550669,0.47709,0.325173,0.282042,0.302076,0.810067,0.168899,11.9864,26.9392,0.878621,0.166395,21156.6,0.6,1.35134,2.15826,27.7133,6.57954,5.25406,3.8,0.527313,163.113
geometric,94,200,0.624103,0.699753,0.852353,0.729909,0.148034,0.492093,9,5,0.444444,0.680504,0.571429,0.388859,1,0,0.461812,0.562523,0.507217,0.318248,0.275583,0.295383,0.826593,0.154763,10.2322,24.6532,0.895234,0.164833,20415.2,0.6,1.13882,3.11266,34.768,,,,,
geometric,94,208,0.736737,0.855898,0.841063,0.852428,0.092627,0.476262,9,5,0.222222,0.631695,0.428571,0.270727,2,0,0.487747,0.479293,0.483483,0.23865,0.214049,0.225681,0.749019,0.232769,14.571,45.8337,0.891002,0.139853,21979.5,0.5,0.8007,4.70389,25.8827,,,,,
geometric,94,216,0.733581,0.834371,0.858613,0.839843,0.0967773,0.516742,9,7,0.555556,0.696516,0.625,0.435322,2,0,0.674919,0.694528,0.684583,0.380731,0.345748,0.362398,0.849272,0.129347,5.97092,26.1539,0.903286,0.168628,15453.5,0.666667,0.875467,3.74983,34.6826,,,,,
geometric,94,224,0.650727,0.716511,0.876355,0.747995,0.137904,0.504155,9,4,0.222222,0.625686,0.461538,0.288778,2,0,0.403074,0.492994,0.443522,0.289243,0.270201,0.279398,0.722593,0.267908,17.8799,49.5051,0.909228,0.444699,25905,0.5,0.645107,2.18893,26.8344,12.0467,9.44547,3.25,0.474599,159.808
geometric,94,232,0.731659,0.827181,0.863683,0.835328,0.0991439,0.511017,9,6,0.111111,0.578958,0.533333,0.308778,3,0,0.546666,0.57079,0.558468,0.350179,0.307854,0.327655,0.73236,0.259109,13.0259,43.1149,0.895644,0.229904,18967.2,0.6,0.501701,3.79871,28.4849,,,,,
geometric,94,240,0.74533,0.872267,0.836645,0.86378,0.097321,0.415115,9,7,0.555556,0.697112,0.875,0.609973,2,0,0.772179,0.740644,0.756082,0.381152,0.33316,0.355544,0.869615,0.104251,5.27877,30.3678,0.90584,0.228963,13633.4,0.714286,0.741001,4.84998,24.5113,,,,,
geometric,94,248,0.768858,0.871895,0.866774,0.870708,0.0839095,0.530986,9,7,0.444444,0.665776,0.75,0.499332,3,0,0.698051,0.693951,0.695995,0.446298,0.402108,0.423052,0.781745,0.202755,9.41743,42.7133,0.941284,0.174361,15386.3,0.666667,0.615157,3.91659,23.1607,,,,,
geometric,95,0,0.740242,0.816668,0.887767,0.832045,0.0823861,0.576979,9,6,0.333333,0.747353,0.4,0.298941,3,0,0.426338,0.463455,0.444122,0.361728,0.34904,0.355271,0.732447,0.254193,14.0808,50.5484,0.930099,0.381672,14111.6,0.6,1.42567,6.26569,27.535,5.51583,4.56335,2.4,0.504145,128.851
geometric,95,8,0.653548,0.775009,0.80658,0.782074,0.101442,0.497727,9,5,0.222222,0.686477,0.428571,0.294204,2,0,0.376655,0.391998,0.384173,0.257349,0.213237,0.233226,0.749709,0.239044,12.9508,41.8178,0.962106,0.288093,14428.8,0.5,1.32051,0.122926,22.3662,,,,,
geometric,95,16,0.581506,0.669099,0.816244,0.698142,0.141357,0.364729,9,3,0.111111,0.716372,0.166667,0.119395,1,0,0.182234,0.222309,0.200286,0.116932,0.101368,0.108595,0.618565,0.37934,43.2232,96.7538,0.952297,0.31855,28534.5,0.5,1.33594,1.7884,23.0169,,,,,
geometric,95,24,0.633776,0.736298,0.819875,0.754036,0.117835,0.538918,9,7,0.333333,0.662751,0.5,0.331376,2,1,0.391968,0.43646,0.413019,0.320594,0.284637,0.301547,0.788744,0.197598,11.3542,36.9674,0.944574,0.778004,12049.6,0.6,1.29345,1.21305,24.9033,,,,,
geometric,95,32,0.682923,0.78984,0.834575,0.799733,0.100908,0.535763,9,8,0.444444,0.705184,0.470588,0.331851,2,1,0.43862,0.463462,0.450699,0.366659,0.318773,0.341043,0.839945,0.140463,6.93178,24.9859,0.832757,0.320341,10918.3,0.5,1.36803,3.9612,26.8393,3.95254,2.7744,3,0.501371,127.804
geometric,95,40,0.588673,0.674598,0.822118,0.703739,0.151217,0.474121,9,3,0.111111,0.803562,0.166667,0.133927,1,0,0.209554,0.255379,0.230208,0.156398,0.140418,0.147978,0.638147,0.356331,36.9741,93.0496,0.978091,0.11766,31583,0.5,1.16676,1.15245,22.3491,,,,,
geometric,95,48,0.553788,0.605582,0.866221,0.650769,0.18695,0.457242,9,2,0,,0,0,2,0,0.265743,0.380118,0.312803,0.177028,0.14185,0.157499,0.312401,0.681817,84.1,182.714,0.955933,0.938446,55592,1,1.21493,0.0573038,22.7073,,,,,
geometric,95,56,0.62064,0.725996,0.81049,0.743893,0.136637,0.528066,9,6,0.333333,0.746802,0.4,0.298721,2,0,0.388519,0.433736,0.409884,0.347826,0.33678,0.342214,0.77372,0.211814,12.4115,42.528,0.949608,0.283487,13499,0.6,1.60723,1.89505,22.2832,,,,,
geometric,95,64,0.635069,0.733987,0.82494,0.753149,0.13221,0.527064,9,7,0.444444,0.729952,0.5,0.364976,2,0,0.431731,0.48523,0.45692,0.376776,0.347924,0.361776,0.845831,0.132528,7.9118,31.1046,0.854603,0.160452,11636.2,0.5,1.58022,3.39199,22.775,3.8314,3.45821,2.66667,0.549082,156.806
geometric,95,72,0.557994,0.607653,0.872251,0.653393,0.189512,0.469205,9,3,0.111111,0.660615,0.166667,0.110103,3,0,0.340391,0.488612,0.401251,0.233949,0.190562,0.210038,0.528179,0.449186,52.5253,139.989,0.945891,0.353434,38412.7,1,1.33046,0.0656697,22.9426,,,,,
geometric,95,80,0.577408,0.628345,0.87689,0.672321,0.18042,0.471982,9,3,0.111111,0.781635,0.166667,0.130273,2,0,0.294707,0.41128,0.34337,0.25201,0.196406,0.220761,0.54433,0.445791,54.4048,132.253,0.956442,0.406878,38501.7,0.666667,1.57387,0.626766,22.8836,,,,,
geometric,95,88,0.665355,0.751614,0.852888,0.77279,0.12123,0.534643,9,7,0.444444,0.731661,0.5,0.365831,2,0,0.447998,0.508362,0.476275,0.385577,0.360845,0.372801,0.846016,0.136289,7.90856,31.3292,0.878047,0.208984,12086.2,0.666667,1.44771,4.0014,23.0693,,,,,
geometric,95,96,0.668594,0.736816,0.878359,0.765275,0.125775,0.584134,9,6,0.333333,0.762012,0.4,0.304805,3,0,0.39219,0.467531,0.426559,0.368292,0.334431,0.350546,0.734865,0.249397,14.3204,51.1976,0.948037,0.297299,15140.8,0.6,1.5359,2.65084,22.6302,3.70753,3.59678,3.2,0.517354,121.006
geometric,95,104,0.506604,0.538878,0.894279,0.593289,0.241491,0.437294,9,3,0,,0,0,2,0,0.254781,0.422814,0.317962,0.174833,0.134652,0.152134,0.314533,0.67233,91.9224,219.492,0.983805,1.11311,66320.5,1,1.78903,2.44153,23.3665,,,,,
geometric,95,112,0.618504,0.665516,0.897496,0.707731,0.16221,0.502319,9,5,0.222222,0.798989,0.285714,0.228283,2,0,0.323816,0.436689,0.371876,0.275751,0.239972,0.25662,0.703944,0.279445,16.8408,54.2785,0.965477,0.233897,19770.5,0.5,1.82454,0.55736,23.1896,,,,,
geometric,95,120,0.75085,0.84609,0.869628,0.851408,0.0834993,0.500424,9,7,0.444444,0.677897,0.625,0.423686,2,0,0.497466,0.511306,0.504291,0.352729,0.317957,0.334441,0.82566,0.136796,7.274,30.3511,0.882573,0.230349,12514.2,0.666667,1.65509,6.12916,22.8302,,,,,
geometric,95,128,0.630752,0.682743,0.892277,0.721862,0.15625,0.519977,9,4,0.111111,0.745889,0.153846,0.114752,2,0,0.316799,0.414025,0.358945,0.25913,0.219983,0.237957,0.603821,0.384107,23.1559,70.43,0.942436,0.146865,26699.3,0.666667,1.78108,1.75557,23.286,4.30068,4.39857,4,0.549241,118.94
geometric,95,136,0.598702,0.669832,0.84935,0.704179,0.161579,0.358611,9,5,0,0.520915,0.285714,0.148833,2,0,0.360749,0.457432,0.403378,0.205545,0.168677,0.185295,0.678837,0.302575,13.026,49.9491,0.894813,0.407017,23981,0.666667,6.66758,16.5523,22.6511,,,,,
geometric,95,144,0.672305,0.724872,0.902636,0.759384,0.133695,0.536389,9,4,0.111111,0.754661,0.153846,0.116102,2,0,0.331802,0.413172,0.368043,0.283269,0.240679,0.260243,0.59623,0.390337,23.4586,70.4651,0.941415,0.200405,27409.7,0.666667,1.6885,3.08474,23.2184,,,,,
geometric,95,152,0.713958,0.785356,0.887047,0.806698,0.10875,0.507595,9,7,0.444444,0.691745,0.625,0.432341,2,0,0.457269,0.516478,0.485073,0.340979,0.30665,0.322905,0.827472,0.143071,7.09211,29.4461,0.897423,0.301941,13475.7,0.666667,1.00492,5.8419,23.5725,,,,,
geometric,95,160,0.610353,0.6476,0.913882,0.694284,0.179753,0.451526,9,2,0.111111,0.701664,0.181818,0.127575,1,0,0.258911,0.365371,0.303064,0.140123,0.104643,0.119812,0.626314,0.368388,54.4255,136.645,0.96772,0.86728,62963.5,0.5,1.71451,2.00993,22.9174,9.13318,9.48719,3.5,0.51053,92.4792
geometric,95,168,0.563894,0.591877,0.922644,0.64526,0.22166,0.449544,9,4,0.111111,0.64625,0.153846,0.0994231,1,0,0.253188,0.394681,0.308484,0.134328,0.0968641,0.112561,0.626595,0.369106,62.3667,160.992,0.958616,0.81599,69689.5,0.5,1.62408,0.461217,30.271,,,,,
geometric,95,176,0.683519,0.737418,0.903397,0.770068,0.131859,0.505809,9,6,0.333333,0.743009,0.4,0.297204,3,0,0.400887,0.491119,0.441439,0.311824,0.283987,0.297255,0.747948,0.229672,12.287,49.4157,0.953469,0.451835,17090.8,0.6,1.11727,4.49827,24.241,,,,,
geometric,95,184,0.685851,0.739194,0.904799,0.771792,0.124505,0.459914,9,6,0.333333,0.746455,0.4,0.298582,3,0,0.379985,0.465115,0.418262,0.308785,0.309953,0.309368,0.743842,0.236151,15.7586,55.5602,0.954014,0.630041,16123.4,0.6,0.952717,4.74173,23.2668,,,,,
geometric,95,192,0.594947,0.627448,0.91991,0.677127,0.19514,0.421572,9,3,0.111111,0.715183,0.166667,0.119197,1,0,0.256271,0.375722,0.304708,0.106673,0.0810556,0.0921165,0.666571,0.296002,22.4302,77.7571,0.989093,0.462821,43121.5,0.5,1.35998,2.75213,23.4978,5.84786,5.96099,4.5,0.444706,105.857
geometric,95,200,0.605241,0.638725,0.920289,0.687247,0.177324,0.497939,9,3,0.111111,0.677316,0.166667,0.112886,1,0,0.222279,0.320265,0.262424,0.124145,0.0986318,0.109927,0.648804,0.323573,25.2292,80.7226,0.985618,0.377406,41042.5,0.5,0.93209,2.39851,30.3332,,,,,
geometric,95,208,0.643144,0.707032,0.87681,0.740103,0.137503,0.461299,9,7,0.555556,0.733689,0.625,0.458556,2,0,0.404285,0.501365,0.447622,0.332396,0.311599,0.321661,0.83324,0.141067,6.46887,23.8038,0.930955,0.188602,12594.3,0.666667,0.98837,4.96734,22.5839,,,,,
geometric,95,216,0.640443,0.683559,0.910343,0.725253,0.142529,0.488106,9,5,0.333333,0.70112,0.428571,0.30048,1,0,0.296063,0.394287,0.338187,0.230493,0.197342,0.212633,0.807598,0.163697,11.8948,36.3842,0.931656,0.44029,19317.8,0.25,0.723645,3.00062,23.514,,,,,
geometric,95,224,0.568022,0.602442,0.908607,0.653238,0.19458,0.408111,9,3,0.111111,0.671506,0.166667,0.111918,1,0,0.213246,0.321619,0.256454,0.0961589,0.0705285,0.0813732,0.639065,0.325592,22.6375,74.4228,0.99599,0.253041,38787,0.5,0.447887,0.603525,23.384,4.45554,5.45883,5,0.409144,100.524
geometric,95,232,0.626872,0.663598,0.918877,0.709057,0.147503,0.450688,9,4,0.222222,0.788842,0.307692,0.242721,1,0,0.252807,0.350059,0.293589,0.146461,0.123523,0.134018,0.737679,0.21821,17.6181,49.287,0.982844,0.33953,25502.7,0.333333,0.69218,2.06441,23.1493,,,,,
geometric,95,240,0.624721,0.688552,0.870784,0.723492,0.131553,0.446264,8,6,0.5,0.711077,0.571429,0.40633,2,0,0.4109,0.519648,0.45892,0.276089,0.28664,0.281266,0.784744,0.172184,8.39196,29.4948,0.944516,0.275011,13397.2,0.8,0.802581,4.17158,25.6337,,,,,
geometric,95,248,0.643565,0.687594,0.909507,0.728619,0.12876,0.45368,8,4,0.125,0.646138,0.166667,0.10769,1,1,0.259156,0.342795,0.295165,0.17174,0.150466,0.160401,0.658729,0.326069,23.8396,66.8207,0.928813,0.805051,35046.5,0.5,0.564972,2.3052,22.6206,,,,,
geometric,96,0,0.795976,0.840891,0.937115,0.8613,0.0810319,0.517891,10,2,0,,0,0,1,0,0.226247,0.252137,0.238492,0.141614,0.103072,0.119307,0.258505,0.733698,51.4766,137.291,0.996154,0.892112,98242,1,1.61585,6.82083,34.4429,9.14358,10.1485,4,0.471926,107.27
geometric,96,8,0.770142,0.821481,0.924942,0.843248,0.0844661,0.573664,10,2,0,,0,0,1,0,0.165715,0.186586,0.175533,0.178101,0.117678,0.141718,0.203278,0.790022,56.394,136.067,1,0.885943,85671,1,1.44906,0.459661,25.9626,,,,,
geometric,96,16,0.661126,0.70389,0.91584,0.743603,0.123577,0.410336,10,2,0,,0,0,1,0,0.122095,0.15886,0.138072,0.101612,0.0671482,0.0808611,0.128542,0.862705,127.135,361.668,0.999633,3.89102,96653,1,1.4185,2.34037,23.4172,,,,,
geometric,96,24,0.736514,0.788202,0.918242,0.814832,0.10279,0.563883,10,2,0,,0,0,1,0,0.170167,0.198242,0.183135,0.15498,0.101419,0.122605,0.216904,0.776606,54.7796,135.679,0.999429,1.13791,87057,1,1.46761,0.442808,24.3296,,,,,
geometric,96,32,0.746632,0.812974,0.901472,0.831819,0.0942773,0.489623,10,2,0,,0,0,1,0,0.215222,0.238651,0.226332,0.136364,0.08867,0.107463,0.25965,0.729999,48.5777,132.907,0.999807,0.575952,86270,1,1.71754,2.75884,26.5237,12.1135,13.4454,4,0.469744,97.3685
geometric,96,40,0.657556,0.705774,0.905879,0.743684,0.141152,0.500397,10,1,0,,0,0,1,0,0.14015,0.179886,0.157551,0.173523,0.106698,0.132142,0.139609,0.856028,102.599,273.865,0.963664,1.4001,111612,1,1.37937,0.0860028,25.1346,,,,,
geometric,96,48,0.600754,0.631732,0.924536,0.681543,0.176781,0.420133,10,1,0,,0,0,1,0,0.135728,0.198638,0.161265,0.130039,0.0783088,0.097752,0.134336,0.862159,120.563,303.515,0.981467,1.39702,121531,1,1.32447,0.375108,22.6492,,,,,
geometric,96,56,0.688541,0.754729,0.887021,0.781631,0.124186,0.433307,10,2,0,,0,0,1,0,0.179237,0.210654,0.19368,0.117834,0.0843566,0.0983237,0.225533,0.766357,50.2556,132.219,0.952561,0.798374,83602,1,1.90966,1.45476,22.9213,,,,,
geometric,96,64,0.683653,0.755938,0.877294,0.780865,0.125892,0.44264,10,3,0,,0,0,1,0,0.197256,0.228923,0.211913,0.121532,0.078574,0.0954418,0.619166,0.376257,23.1123,61.0334,0.565019,0.615965,42025,0.5,1.93114,2.7933,23.0388,24.0492,8.05642,3,0.363534,105.109
geometric,96,72,0.612467,0.644252,0.925452,0.692833,0.177324,0.488527,10,1,0,,0,0,1,0,0.147615,0.212046,0.17406,0.158363,0.0979754,0.121056,0.146079,0.848927,113.321,268.316,0.96553,1.21896,127554,1,1.46782,0.0826156,24.2192,,,,,
geometric,96,80,0.621889,0.662508,0.910259,0.706909,0.177305,0.491214,10,1,0,,0,0,1,0,0.158385,0.217615,0.183335,0.121629,0.0839161,0.0993128,0.157278,0.839312,110.575,264.898,0.947198,1.16208,129300,1,1.88519,1.05224,22.7966,,,,,
geometric,96,88,0.681788,0.765214,0.862139,0.785595,0.12821,0.417766,10,3,0,,0,0,1,0,0.184659,0.208049,0.195657,0.0910311,0.0616608,0.0735213,0.610589,0.383872,23.3102,60.8563,0.480875,0.756075,42177,0.5,1.68451,4.28293,22.9329,,,,,
geometric,96,96,0.69013,0.764814,0.876043,0.7879,0.136237,0.504461,10,2,0,,0,0,1,0,0.170963,0.195827,0.182553,0.102173,0.0693763,0.0826396,0.216331,0.776193,51.8456,129.097,0.838973,0.663124,92839,1,1.85073,2.7917,23.5797,8.52088,10.5441,5,0.459693,102.236
geometric,96,104,0.562684,0.584915,0.936726,0.640421,0.23304,0.425492,10,1,0,,0,0,1,0,0.14965,0.23966,0.18425,0.0917017,0.0542348,0.0681587,0.151411,0.842588,130.243,315.555,0.952275,1.37308,148642,1,1.76215,1.81135,30.4086,,,,,
geometric,96,112,0.683294,0.708622,0.950291,0.752802,0.15639,0.570246,9,1,0,,0,0,1,0,0.196234,0.263158,0.224822,0.144185,0.097836,0.116572,0.196984,0.798565,99.7347,278.095,0.998709,1.75557,140169,1,1.80302,1.13024,22.8297,,,,,
geometric,96,120,0.789041,0.864133,0.900793,0.872326,0.086097,0.419877,10,2,0,,0,0,1,0,0.213077,0.222116,0.217502,0.0981233,0.0616194,0.0757005,0.23725,0.750302,49.1058,121.131,0.933928,0.737682,100017,1,1.9546,6.28981,23.3751,,,,,
geometric,96,128,0.695641,0.721247,0.951443,0.763898,0.149495,0.561603,9,1,0,,0,0,1,0,0.210027,0.277059,0.23893,0.161597,0.108455,0.129798,0.210782,0.784281,93.8129,272.83,0.998777,2.05208,139357,1,1.89479,2.05848,22.8943,22.3856,29.5184,2,0.204674,150.076
geometric,96,136,0.228419,0.532607,0.285685,0.44404,0.321859,0.151614,9,8,0.111111,0.723075,0.117647,0.0850676,1,0,0.395993,0.212407,0.276501,0.183603,0.135772,0.156106,0.881773,0.101844,3.70968,13.1669,0.547772,0.446385,4686.83,0.5,10.1611,11.6605,36.1323,,,,,
geometric,96,144,0.721147,0.749151,0.950719,0.78769,0.133242,0.518975,10,1,0,,0,0,1,0,0.232527,0.295091,0.260099,0.172112,0.115782,0.138436,0.235932,0.758423,83.2809,235.139,0.999475,1.90301,133924,1,1.53815,3.59361,26.3743,,,,,
geometric,96,152,0.76455,0.807231,0.935317,0.833574,0.100007,0.54883,9,2,0,,0,0,1,0,0.233276,0.270291,0.250423,0.144743,0.0998456,0.118174,0.281243,0.707447,45.3338,130.231,0.999661,0.692377,99206,1,1.3818,6.90473,24.3476,,,,,
geometric,96,160,0.273811,0.758144,0.300018,0.560598,0.278691,0.12652,9,10,0.111111,0.815664,0.105263,0.0858594,1,0,0.587167,0.232358,0.332956,0.149733,0.0931913,0.114882,0.88906,0.10073,3.74277,12.2969,0.580633,0.429419,5024.67,0.5,8.85878,23.6647,22.9284,14.1309,2.69181,2.66667,0.434601,112.881
geometric,96,168,0.308056,0.621481,0.379204,0.541624,0.275081,0.0987361,9,9,0.111111,0.689819,0.111111,0.0766466,1,0,0.385473,0.235201,0.292146,0.095058,0.0724528,0.0822302,0.742595,0.226943,9.2884,28.2713,0.791456,0.263161,7006.4,0.8,8.67285,20.2418,25.9015,,,,,
geometric,96,176,0.696718,0.736279,0.928402,0.773204,0.13514,0.488228,9,1,0,,0,0,1,0,0.198933,0.250842,0.221892,0.126768,0.0902076,0.105408,0.199339,0.794348,83.7548,230.129,0.99861,0.363906,123082,1,1.10565,5.25398,25.2599,,,,,
geometric,96,184,0.695005,0.724215,0.945149,0.765509,0.127038,0.486911,9,2,0,,0,0,1,0,0.18921,0.246931,0.214251,0.135113,0.0940613,0.11091,0.255211,0.736475,48.2135,125.66,0.999543,1.22678,89612,1,1.14913,6.34063,25.4668,,,,,
geometric,96,192,0.597182,0.619609,0.942854,0.672841,0.192259,0.512428,9,1,0,,0,0,1,0,0.189683,0.288639,0.228925,0.145421,0.0947411,0.114734,0.182691,0.811564,116.028,307.615,0.999704,2.64036,133674,1,1.07655,1.92316,25.4043,13.7025,16.3807,4,0.388663,92.9771
geometric,96,200,0.584506,0.616521,0.918407,0.667126,0.182425,0.454828,9,3,0,,0,0,1,0,0.179755,0.267774,0.215109,0.130599,0.0950764,0.110042,0.282121,0.709696,42.3819,108.358,0.998825,0.362915,76499,1,1.01844,3.06481,33.7194,,,,,
geometric,96,208,0.678632,0.714447,0.931213,0.755004,0.128112,0.497707,8,2,0,,0,0,1,0,0.17464,0.227627,0.197644,0.114484,0.0876601,0.0992923,0.233937,0.759542,53.6835,130.798,0.999575,1.38026,82347,1,0.765929,5.61993,25.0635,,,,,
geometric,96,216,0.669895,0.681607,0.974991,0.73247,0.129385,0.487493,8,2,0,,0,0,1,0,0.171052,0.244678,0.201346,0.13638,0.0879564,0.106942,0.239524,0.752961,50.9327,127.152,0.998218,1.44139,80639,1,0.589138,3.63498,26.0564,,,,,
geometric,96,224,0.557368,0.587245,0.916355,0.640315,0.193005,0.423349,8,3,0,,0,0,1,0,0.174703,0.272611,0.212942,0.12652,0.101562,0.112676,0.279769,0.713156,43.5286,107.386,0.999748,1.331,71098,1,0.536392,1.37491,24.351,8.08823,9.57588,5,0.527756,92.565
geometric,96,232,0.630885,0.648314,0.959129,0.700715,0.140296,0.424174,8,2,0,,0,0,1,0,0.17704,0.261917,0.211273,0.13416,0.0931043,0.109924,0.261058,0.731548,49.3534,128.767,1,1.30149,72620,1,0.554785,2.36465,25.1151,,,,,
geometric,96,240,0.673172,0.691107,0.96288,0.739258,0.110072,0.452549,7,2,0,,0,0,1,0,0.196674,0.274014,0.22899,0.158959,0.113148,0.132197,0.273809,0.718946,47.0531,125.822,0.997786,0.913957,71634,1,0.627987,4.59278,25.3853,,,,,
geometric,96,248,0.634244,0.654025,0.954485,0.705257,0.12554,0.423949,8,3,0,,0,0,1,0,0.198791,0.290116,0.235924,0.155918,0.103916,0.124713,0.232308,0.756687,30.5523,79.9964,0.999948,3.02087,33404.5,0.5,0.452036,2.23344,25.0198,,,,,
geometric,97,0,0.751231,0.83596,0.881121,0.845966,0.0670736,0.513369,10,5,0.4,0.833726,0.533333,0.444654,1,0,0.373504,0.393681,0.383327,0.325859,0.302724,0.313865,0.829662,0.16401,14.8713,53.3097,0.939457,0.423643,13463.8,0.6,1.51071,6.23447,26.8267,4.03842,5.35839,2.2,0.608395,128.187
geometric,97,8,0.745129,0.890832,0.820005,0.873423,0.0772396,0.48085,10,6,0.5,0.774813,0.625,0.484258,1,0,0.664972,0.612102,0.637442,0.355936,0.29747,0.324087,0.836859,0.144033,14.1479,64.6226,0.962045,0.423687,12126.2,0.666667,1.44925,0.723315,33.3412,,,,,
geometric,97,16,0.786596,0.897308,0.864412,0.889496,0.0697591,0.457073,10,6,0.3,0.733928,0.5,0.366964,2,0,0.659923,0.63573,0.6476,0.351963,0.303691,0.32605,0.778396,0.198185,10.501,38.2773,0.978279,0.30962,16361.4,0.8,1.43667,2.25926,26.8139,,,,,
geometric,97,24,0.751656,0.894785,0.824532,0.87753,0.0775163,0.487141,10,6,0.3,0.770089,0.5,0.385045,2,0,0.613478,0.565311,0.58841,0.356553,0.313944,0.333894,0.806974,0.164975,13.3414,53.6066,0.946933,0.31834,12524.8,0.833333,1.4986,0.417125,23.6193,,,,,
geometric,97,32,0.749927,0.916319,0.805062,0.887999,0.0751335,0.435226,10,6,0.3,0.823706,0.375,0.30889,2,0,0.564094,0.495603,0.527636,0.285951,0.270829,0.278185,0.780408,0.18494,14.3258,43.764,0.941881,0.127401,11717.5,0.833333,1.651,2.65666,23.463,5.40767,4.59189,2.16667,0.572321,144.854
geometric,97,40,0.76253,0.888787,0.842962,0.877775,0.0792415,0.436281,10,6,0.5,0.792249,0.625,0.495156,1,0,0.605596,0.574373,0.589571,0.316377,0.266597,0.289362,0.823225,0.159089,9.60022,29.5616,0.956318,0.151057,13611.8,0.833333,1.40308,0.142836,25.3986,,,,,
geometric,97,48,0.693239,0.777916,0.86429,0.79628,0.111901,0.457245,10,5,0.3,0.806613,0.533333,0.430194,1,0,0.422739,0.469677,0.444974,0.339332,0.290271,0.31289,0.839392,0.150905,15.415,44.9647,0.942853,0.508985,18419,0.8,1.26655,0.243849,23.9722,,,,,
geometric,97,56,0.750646,0.894133,0.823869,0.876875,0.079528,0.383786,10,7,0.5,0.714976,0.705882,0.504689,1,0,0.683225,0.629535,0.655282,0.358476,0.304642,0.329374,0.80339,0.166969,6.55199,25.4303,0.952714,0.218176,10968.6,0.857143,1.75009,1.37659,23.919,,,,,
geometric,97,64,0.667906,0.828045,0.775462,0.815287,0.103529,0.377457,10,7,0.4,0.816882,0.470588,0.384415,1,0,0.5583,0.522847,0.539992,0.31481,0.272896,0.292359,0.820017,0.159728,9.44097,25.5988,0.855195,0.268802,10229.6,0.714286,1.729,2.87533,24.8419,13.4799,5.15326,2,0.527953,179.44
geometric,97,72,0.642663,0.741365,0.82839,0.759784,0.130374,0.443041,10,5,0.4,0.819247,0.533333,0.436932,1,0,0.369236,0.412579,0.389706,0.347847,0.28678,0.314375,0.820817,0.167969,16.5892,31.4609,0.954431,0.402465,18149.6,0.8,1.42151,0.658445,25.7233,,,,,
geometric,97,80,0.661197,0.723135,0.885316,0.755055,0.125221,0.483168,10,4,0.3,0.835174,0.428571,0.357932,1,0,0.28014,0.342968,0.308386,0.293475,0.211104,0.245567,0.770978,0.216802,24.1244,52.7447,0.95845,0.158696,23980.8,0.75,1.561,0.209019,25.8925,,,,,
geometric,97,88,0.620445,0.777213,0.754661,0.77189,0.11389,0.390984,10,7,0.3,0.75641,0.470588,0.355958,1,0,0.509662,0.494874,0.502159,0.313731,0.281622,0.29681,0.793755,0.186109,10.8317,26.3755,0.84389,0.219629,9660.14,0.571429,1.48634,3.8564,26.1994,,,,,
geometric,97,96,0.692746,0.761741,0.88437,0.786922,0.0976042,0.544973,10,6,0.3,0.796288,0.5,0.398144,1,0,0.426635,0.495317,0.458418,0.413793,0.343567,0.375424,0.74097,0.248608,23.0713,49.5911,0.943306,0.300449,13565.3,0.666667,1.59395,2.40258,23.9005,5.5133,4.9407,2.16667,0.551822,174.133
geometric,97,104,0.590307,0.634391,0.894678,0.680048,0.16873,0.508593,10,4,0.3,0.833462,0.428571,0.357198,1,0,0.260085,0.366796,0.304358,0.267523,0.19157,0.223264,0.774996,0.2159,40.1442,87.2774,0.962195,1.27063,27155.5,0.5,1.64198,1.71395,26.6445,,,,,
geometric,97,112,0.655289,0.711097,0.893042,0.74618,0.122158,0.483427,10,4,0.3,0.831652,0.428571,0.356422,1,0,0.279892,0.351506,0.311637,0.279552,0.199245,0.232664,0.778429,0.213751,25.065,68.0779,0.974905,0.375299,23376.2,0.5,1.81842,0.772383,23.7603,,,,,
geometric,97,120,0.63945,0.814447,0.748494,0.798216,0.093291,0.448853,10,8,0.4,0.782131,0.555556,0.434517,1,0,0.623285,0.572813,0.596984,0.417454,0.399947,0.408513,0.799263,0.187252,17.1189,35.454,0.865999,0.20761,7200.12,0.625,1.76514,6.03888,25.5606,,,,,
geometric,97,128,0.677908,0.727034,0.90936,0.762305,0.112171,0.477973,10,4,0.3,0.8501,0.428571,0.364328,1,0,0.27865,0.34853,0.309697,0.270247,0.192277,0.22469,0.782979,0.210755,32.5784,77.1445,0.974328,1.05832,23093,0.5,1.78315,1.72824,24.5225,5.58227,6.60016,2,0.490964,120.15
geometric,97,136,0.559956,0.611298,0.869573,0.65628,0.191872,0.37597,10,4,0.3,0.814851,0.428571,0.349222,1,0,0.246817,0.351098,0.289864,0.259152,0.167423,0.203425,0.782388,0.212238,44.0588,97.9013,0.958709,1.43045,28332.5,0.5,2.11966,2.45076,25.1014,,,,,
geometric,97,144,0.690848,0.787606,0.849021,0.800977,0.101478,0.483316,10,4,0.3,0.858774,0.428571,0.368046,1,0,0.30127,0.324761,0.312575,0.239578,0.199039,0.217435,0.790568,0.20529,17.6301,51.768,0.975933,0.385601,20107.5,0.5,1.63214,3.11272,23.7835,,,,,
geometric,97,152,0.7069,0.903084,0.764929,0.86695,0.0888802,0.424404,10,6,0.4,0.858773,0.5,0.429387,1,0,0.419822,0.355597,0.38505,0.269749,0.269734,0.269741,0.862791,0.1254,7.26858,19.7915,0.813815,0.236009,10824,0.5,1.04188,5.74772,24.6603,,,,,
geometric,97,160,0.679232,0.75498,0.871298,0.778979,0.118444,0.414123,10,4,0.2,0.778291,0.428571,0.333553,1,0,0.265529,0.306438,0.28452,0.265253,0.178382,0.213312,0.775386,0.212362,31.1316,75.4118,0.967733,1.08555,23046.2,0.5,1.42199,2.59269,24.7399,5.75951,5.39181,2.75,0.610517,149.641
geometric,97,168,0.655724,0.728634,0.867603,0.756601,0.14376,0.337713,10,5,0.3,0.803078,0.4,0.321231,1,0,0.243256,0.289651,0.264434,0.22968,0.154441,0.184692,0.7862,0.210756,27.0355,68.914,0.973974,0.610993,26125.5,0.5,1.36756,1.09433,25.1093,,,,,
geometric,97,176,0.7672,0.88084,0.856047,0.874992,0.0757031,0.405311,10,6,0.4,0.833583,0.5,0.416792,1,0,0.377743,0.36711,0.37235,0.289855,0.221197,0.250914,0.828463,0.159146,12.523,28.0088,0.979232,0.364241,14882,0.6,1.05869,4.56379,23.7869,,,,,
geometric,97,184,0.733939,0.882951,0.813045,0.865773,0.088304,0.375892,10,7,0.4,0.748397,0.588235,0.440233,1,0,0.442201,0.407191,0.423974,0.271397,0.240466,0.254997,0.870163,0.118479,9.56397,22.2426,0.835247,0.367787,10375.9,0.571429,0.766933,4.58609,25.7816,,,,,
geometric,97,192,0.700457,0.793307,0.856829,0.807116,0.120583,0.3471,10,5,0.2,0.771379,0.4,0.308551,1,0,0.293797,0.317322,0.305107,0.266388,0.171999,0.209032,0.835705,0.161555,20.0081,44.3795,0.858475,0.502817,19556.4,0.4,0.967703,1.97882,24.0755,13.3032,6.46448,2,0.459953,164.459
geometric,97,200,0.678301,0.826441,0.790975,0.817977,0.128649,0.346527,10,5,0.2,0.859775,0.266667,0.229273,1,0,0.361886,0.346356,0.353951,0.218451,0.170998,0.191834,0.847835,0.149613,19.258,43.395,0.873447,0.446431,17898,0.6,0.727267,2.40846,26.426,,,,,
geometric,97,208,0.670285,0.857254,0.754497,0.831132,0.112913,0.330432,10,7,0.4,0.783324,0.470588,0.368623,2,0,0.605303,0.532746,0.566712,0.266667,0.257639,0.262075,0.826405,0.151265,9.0327,32.2598,0.940656,0.277597,10378.3,0.714286,0.614961,4.51339,25.1844,,,,,
geometric,97,216,0.660943,0.856891,0.742952,0.827602,0.125075,0.372361,10,6,0.4,0.79871,0.5,0.399355,1,0,0.54094,0.469012,0.502415,0.298959,0.265658,0.281327,0.803129,0.180882,13.3616,46.0524,0.964696,0.155169,13167.5,0.666667,0.559737,3.13587,23.9892,,,,,
geometric,97,224,0.67268,0.843606,0.768519,0.825005,0.137148,0.351017,10,7,0.2,0.739704,0.352941,0.261072,1,1,0.463016,0.421804,0.44145,0.219281,0.185145,0.200772,0.766988,0.214061,15.622,53.1104,0.822124,0.604422,15368.7,0.833333,0.52322,1.47374,24.6961,14.065,7.14672,2.16667,0.376575,170.899
geometric,97,232,0.659618,0.857723,0.740658,0.827539,0.130674,0.42554,10,6,0.3,0.776191,0.5,0.388096,2,0,0.532262,0.459617,0.493279,0.330617,0.308855,0.319366,0.801524,0.185682,13.9289,44.7194,0.960007,0.181087,13536.2,0.666667,0.387981,1.4222,25.4079,,,,,
geometric,97,240,0.590553,0.774413,0.713252,0.759386,0.129512,0.341396,10,7,0.4,0.819374,0.470588,0.385588,2,0,0.578718,0.533013,0.554926,0.263199,0.264838,0.264016,0.817032,0.159156,14.3228,41.2332,0.954328,0.240337,9721.86,0.571429,0.477601,3.52294,25.0253,,,,,
geometric,97,248,0.645528,0.833556,0.741048,0.810215,0.126292,0.423568,10,6,0.3,0.866262,0.375,0.324848,2,0,0.534562,0.475237,0.503157,0.314887,0.280899,0.296923,0.798723,0.187672,16.9931,57.0875,0.94977,0.230002,12596,0.666667,0.43541,1.1739,24.8628,,,,,
geometric,98,0,0.671907,0.786963,0.821292,0.794628,0.116442,0.441123,10,4,0.3,0.857577,0.428571,0.367533,1,0,0.324159,0.3383,0.331079,0.231105,0.209193,0.219604,0.787888,0.207705,16.1896,39.7068,0.986248,0.339909,21913.8,1,1.49213,6.38582,29.5693,5.43058,5.86944,2.75,0.466513,148.282
geometric,98,8,0.670997,0.813387,0.793089,0.808611,0.130664,0.503542,10,3,0.1,0.722546,0.307692,0.222322,2,0,0.298926,0.291466,0.295149,0.195368,0.174251,0.184206,0.606781,0.386892,34.4708,110.953,0.968664,0.614781,31471.7,0.666667,1.27255,0.31818,26.3285,,,,,
geometric,98,16,0.65897,0.729306,0.872332,0.757985,0.146302,0.34725,9,2,0,0.587488,0.181818,0.106816,2,0,0.296652,0.354829,0.323143,0.127504,0.0949128,0.108821,0.435014,0.558019,66.772,207.633,0.954674,0.796905,54611.5,1,1.3223,1.25117,25.5843,,,,,
geometric,98,24,0.644868,0.774463,0.793973,0.77888,0.149215,0.482097,10,4,0.3,0.854514,0.428571,0.36622,1,0,0.340017,0.348583,0.344246,0.226999,0.194157,0.209298,0.777596,0.200115,19.839,58.3351,0.986693,0.384586,25309.2,0.75,1.19678,1.5231,25.344,,,,,
geometric,98,32,0.673541,0.809742,0.800173,0.807514,0.130117,0.538319,10,4,0.3,0.844178,0.428571,0.361791,1,0,0.346386,0.342292,0.344327,0.231646,0.21498,0.223002,0.775657,0.208183,17.869,44.9269,0.975523,0.365083,24193,0.75,1.57435,3.3513,24.8971,4.78266,4.58246,3,0.553343,174.218
geometric,98,40,0.63966,0.71631,0.856687,0.744461,0.157575,0.465737,10,4,0.3,0.874275,0.428571,0.374689,1,0,0.279872,0.334719,0.304848,0.241522,0.188285,0.211606,0.777786,0.214245,21.9126,62.6624,0.990701,0.507826,27880.2,0.75,1.21243,1.06652,25.7467,,,,,
geometric,98,48,0.59512,0.64205,0.890614,0.686248,0.187165,0.402652,10,2,0.1,0.775223,0.166667,0.129204,1,0,0.208661,0.289442,0.242501,0.135385,0.0959423,0.112301,0.564977,0.422538,68.3184,179.656,0.917807,1.06381,61438,1,1.19337,0.179494,24.8373,,,,,
geometric,98,56,0.631286,0.741739,0.809137,0.756276,0.152578,0.485233,10,4,0.3,0.84317,0.428571,0.361359,1,0,0.30086,0.328198,0.313935,0.248235,0.204664,0.224353,0.762911,0.216346,18.8531,43.6268,0.979394,0.375371,25778.8,0.75,1.67769,1.63141,24.7682,,,,,
geometric,98,64,0.621119,0.74141,0.792886,0.752687,0.152314,0.472958,10,3,0.2,0.832532,0.307692,0.256164,1,0,0.266922,0.285454,0.275877,0.21256,0.17863,0.194124,0.703325,0.27933,25.7133,57.19,0.980342,0.544357,32873,1,1.65475,3.07371,23.5571,5.18005,5.41222,3,0.459787,154.245
geometric,98,72,0.599691,0.645811,0.893586,0.68996,0.183581,0.425461,10,3,0.2,0.841467,0.307692,0.258913,1,0,0.231968,0.320965,0.269304,0.222909,0.158575,0.185318,0.700802,0.285345,41.1818,99.742,0.943735,0.654223,41043,0.666667,1.36933,0.00295646,25.1091,,,,,
geometric,98,80,0.602705,0.655404,0.882293,0.696752,0.181478,0.451074,10,3,0.2,0.864536,0.307692,0.266011,1,0,0.229175,0.308512,0.26299,0.230862,0.168646,0.194909,0.69691,0.287889,38.661,83.4738,0.949975,0.492106,40907.3,1,1.58564,0.29479,24.98,,,,,
geometric,98,88,0.632566,0.749322,0.80236,0.76093,0.145303,0.511647,10,3,0.2,0.838622,0.307692,0.258037,1,0,0.269478,0.288551,0.278688,0.236628,0.196859,0.214919,0.707993,0.279088,24.9613,54.0407,0.985734,0.611382,32575.3,1,1.47083,3.93526,29.2138,,,,,
geometric,98,96,0.660997,0.743613,0.856105,0.766867,0.141123,0.444108,10,3,0.2,0.874156,0.307692,0.268971,1,0,0.251073,0.289055,0.268729,0.214785,0.159853,0.183292,0.69032,0.293557,20.5079,46.6001,0.986755,0.252547,35658.3,1,1.56939,2.74584,24.9218,7.4146,7.24485,2.33333,0.617705,167.896
geometric,98,104,0.556718,0.58406,0.922433,0.638075,0.224951,0.439951,10,3,0.2,0.861926,0.307692,0.265208,1,0,0.219454,0.346594,0.268746,0.274149,0.164737,0.205805,0.695313,0.291479,47.0167,118.359,0.986058,1.04284,46179,1,1.63119,1.68307,24.0831,,,,,
geometric,98,112,0.620327,0.678514,0.878546,0.716142,0.171732,0.446999,10,3,0.2,0.871776,0.307692,0.268239,1,0,0.227551,0.294636,0.256784,0.240683,0.18226,0.207436,0.703603,0.28753,23.9873,55.1721,0.988152,0.409209,39655,1,1.77531,0.725455,22.8599,,,,,
geometric,98,120,0.71256,0.848647,0.816297,0.840956,0.105501,0.532339,10,4,0.3,0.859964,0.428571,0.368556,1,0,0.356216,0.342637,0.349294,0.267245,0.237671,0.251592,0.793312,0.197938,13.5978,34.6591,0.986566,0.265028,22544,1,1.74982,6.17066,22.9233,,,,,
geometric,98,128,0.638419,0.693887,0.888722,0.730862,0.161423,0.457359,10,3,0.2,0.86932,0.307692,0.267483,1,0,0.227964,0.291974,0.256029,0.230976,0.187428,0.206936,0.702021,0.287083,26.3459,67.4837,0.977967,0.489854,39620,1,1.88946,1.66863,23.4927,13.2381,13.3538,1.66667,0.537988,123.012
geometric,98,136,0.523663,0.550163,0.915768,0.605993,0.254606,0.478443,10,2,0.1,0.897925,0.166667,0.149654,1,0,0.162337,0.270217,0.202824,0.193351,0.125638,0.152308,0.559505,0.437538,90.301,189.725,0.98938,2.59389,72932,1,2.0062,2.51729,26.4204,,,,,
geometric,98,144,0.659486,0.723197,0.882157,0.754575,0.14721,0.455842,10,3,0.2,0.863001,0.307692,0.265539,1,0,0.23271,0.28386,0.255752,0.234408,0.179581,0.203364,0.703807,0.283847,27.5531,64.6476,0.989507,0.431268,38068.7,1,1.80163,3.27504,26.006,,,,,
geometric,98,152,0.656896,0.770789,0.816367,0.780849,0.13084,0.48924,10,3,0.2,0.868119,0.307692,0.267113,1,0,0.251327,0.266189,0.258544,0.189045,0.171234,0.179699,0.708385,0.279892,20.9913,55.1464,0.98394,0.597955,31336.3,0.666667,1.31538,6.17723,25.0644,,,,,
geometric,98,160,0.603045,0.649109,0.894713,0.693009,0.185365,0.464981,10,2,0.1,0.878402,0.166667,0.1464,1,0,0.155959,0.21497,0.180771,0.191152,0.132522,0.156527,0.563535,0.433549,68.3734,146.053,0.973073,1.82958,62417.5,1,1.72017,2.2307,24.0974,4.44975,8.62728,2.5,0.456169,173.926
geometric,98,168,0.535858,0.577487,0.881426,0.627413,0.228415,0.47874,10,3,0.1,0.795932,0.153846,0.122451,1,0,0.142,0.216736,0.171583,0.177116,0.124811,0.146433,0.565755,0.431297,74.4856,168.716,0.993926,1.91823,65038,0.5,1.66651,1.14957,35.2115,,,,,
geometric,98,176,0.634426,0.708865,0.857984,0.738484,0.149596,0.469129,10,3,0.2,0.852069,0.307692,0.262175,1,0,0.205825,0.249123,0.225414,0.207993,0.169071,0.186523,0.696342,0.290495,22.104,54.9962,0.990917,0.711234,35022,0.666667,1.3814,4.79458,25.2877,,,,,
geometric,98,184,0.623991,0.710932,0.836132,0.736378,0.150902,0.467397,10,4,0.2,0.736833,0.428571,0.315786,1,0,0.253858,0.298564,0.274402,0.207271,0.185732,0.195911,0.71917,0.244793,16.9345,43.8633,0.953579,0.463358,25158.8,0.75,1.02218,5.64457,25.2428,,,,,
geometric,98,192,0.558,0.606673,0.874294,0.652785,0.20638,0.484426,10,1,0,,0,0,1,0,0.127733,0.18408,0.150816,0.16479,0.110455,0.13226,0.129448,0.864491,146.793,332.619,0.973368,2.7047,124243,1,1.23778,2.41554,24.8831,9.00369,16.2265,5,0.399754,153.284
geometric,98,200,0.581627,0.63495,0.873829,0.677703,0.191504,0.509586,9,2,0,,0,0,1,0,0.133704,0.184006,0.154873,0.152657,0.110506,0.128206,0.137847,0.853195,144.218,344.113,0.994562,2.61861,119567,1,1.3615,2.65591,37.5678,,,,,
geometric,98,208,0.602667,0.704152,0.807009,0.725491,0.163232,0.471424,10,4,0.2,0.828945,0.285714,0.236841,1,0,0.286516,0.328368,0.306017,0.201993,0.187365,0.194404,0.694013,0.251125,16.9524,40.7187,0.903327,0.552306,25578,1,0.921614,5.01461,24.7646,,,,,
geometric,98,216,0.621265,0.694528,0.854852,0.725947,0.161859,0.474109,10,1,0,,0,0,1,0,0.142807,0.175773,0.157584,0.107976,0.0949203,0.101028,0.136063,0.859768,83.4767,188.132,0.997969,1.74968,109868,1,0.876675,3.38542,24.8169,,,,,
geometric,98,224,0.564245,0.618294,0.865855,0.661972,0.205866,0.428826,10,1,0,,0,0,1,0,0.137831,0.193017,0.160821,0.131704,0.0961328,0.111141,0.145126,0.845633,161.012,426.831,0.998057,4.82831,122170,1,0.564328,1.24767,25.3791,8.48711,23.2299,3,0.448695,147.481
geometric,98,232,0.588786,0.665822,0.835767,0.698603,0.172581,0.475826,9,2,0,,0,0,1,0,0.151126,0.189699,0.16823,0.113311,0.0966648,0.104328,0.478019,0.450141,72.4334,182.372,0.603752,1.66215,53091.5,0.5,0.640786,2.58421,26.6971,,,,,
geometric,98,240,0.629,0.713355,0.841753,0.739381,0.143737,0.470064,9,5,0.444444,0.813825,0.571429,0.465043,1,0,0.294812,0.347875,0.319153,0.223692,0.225837,0.224759,0.787063,0.184093,14.4777,37.3143,0.972682,0.473991,19475.6,0.4,0.65273,4.78792,25.1394,,,,,
geometric,98,248,0.656122,0.703393,0.907089,0.741836,0.135101,0.501497,9,2,0.111111,0.854858,0.181818,0.155429,1,0,0.164861,0.212603,0.185712,0.125444,0.116663,0.120895,0.573469,0.424136,46.3065,115.778,0.98579,0.601931,52036,0.5,0.509548,2.35536,24.6435,,,,,
geometric,99,0,0.766284,0.857751,0.87784,0.862305,0.086071,0.578239,10,6,0.4,0.828685,0.625,0.517928,2,0,0.694496,0.710762,0.702535,0.511981,0.493228,0.502429,0.801995,0.177373,18.4246,60.5618,0.964467,0.439115,15720,0.833333,1.43223,6.51303,25.2538,4.92877,5.00255,3,0.458863,172.813
geometric,99,8,0.770041,0.84338,0.898531,0.855497,0.0900944,0.580817,9,6,0.444444,0.912119,0.533333,0.486463,1,0,0.700064,0.745843,0.722229,0.461255,0.475369,0.468206,0.818294,0.171695,21.8064,68.4768,0.971952,0.292884,17205.3,0.833333,1.38923,0.474765,35.404,,,,,
geometric,99,16,0.711855,0.778591,0.892532,0.802225,0.120527,0.524861,10,5,0.3,0.800582,0.4,0.320233,3,0,0.539035,0.617919,0.575788,0.367618,0.367159,0.367388,0.708241,0.282548,19.5527,50.1681,0.983397,0.377841,21898.4,1,1.29612,1.24636,22.7787,,,,,
geometric,99,24,0.742617,0.808428,0.901209,0.828102,0.103291,0.638681,8,7,0.625,0.849351,0.8,0.679481,1,0,0.74915,0.835128,0.789806,0.567526,0.586323,0.576771,0.836788,0.149211,15.7336,44.4047,0.970333,0.591056,15392.3,1,1.42109,0.911327,23.9836,,,,,
geometric,99,32,0.771356,0.848186,0.89491,0.85853,0.0874674,0.616359,10,7,0.5,0.837324,0.705882,0.591052,1,0,0.783848,0.827028,0.80486,0.55612,0.55752,0.556819,0.850158,0.136669,10.3259,32.5953,0.964597,0.144394,14383.9,1,1.53248,3.41219,23.3028,3.86185,4.31199,2.28571,0.481675,166.287
geometric,99,40,0.692992,0.750427,0.900541,0.780449,0.13111,0.557363,10,4,0.3,0.79758,0.428571,0.34182,2,0,0.438758,0.526526,0.478652,0.379286,0.331046,0.353528,0.734065,0.254258,26.7262,79.576,0.961298,0.296579,28457.5,0.75,1.30611,0.562407,23.5095,,,,,
geometric,99,48,0.638016,0.696075,0.884383,0.732045,0.163564,0.49801,10,4,0.3,0.800311,0.428571,0.342991,2,0,0.418338,0.531511,0.468182,0.318492,0.273589,0.294337,0.725126,0.259819,30.5497,86.4094,0.971953,0.40049,29606.8,0.75,1.29848,0.131347,23.8527,,,,,
geometric,99,56,0.710974,0.779078,0.890509,0.802244,0.116755,0.584161,10,5,0.4,0.860702,0.533333,0.459041,1,0,0.507506,0.580094,0.541378,0.41827,0.381707,0.399153,0.80793,0.170164,13.2348,26.716,0.961031,0.113988,21334,0.8,1.6483,2.04939,22.9731,,,,,
geometric,99,64,0.696305,0.778141,0.86878,0.797338,0.121937,0.571911,10,5,0.4,0.865486,0.533333,0.461593,1,0,0.514234,0.574132,0.542535,0.418065,0.382564,0.399528,0.819742,0.165141,15.3578,31.8718,0.937803,0.350387,20650.6,0.8,1.6554,3.29322,22.7011,4.37963,4.8166,2.2,0.421074,156.7
geometric,99,72,0.623132,0.698073,0.853038,0.728618,0.170544,0.488598,10,4,0.3,0.805342,0.428571,0.345147,2,0,0.42498,0.519321,0.467438,0.323101,0.275882,0.29763,0.725955,0.260221,28.2326,70.859,0.968151,0.140996,28924.8,0.75,1.32611,0.161485,22.9057,,,,,
geometric,99,80,0.614102,0.70223,0.830317,0.728152,0.176549,0.472944,10,4,0.3,0.801956,0.428571,0.343695,2,0,0.423133,0.500313,0.458498,0.315881,0.279307,0.29647,0.731177,0.257059,28.127,67.0475,0.959733,0.648694,29069.8,0.75,1.47841,0.332995,22.8774,,,,,
geometric,99,88,0.649961,0.781745,0.794052,0.784551,0.138646,0.517078,10,6,0.4,0.784584,0.625,0.490365,2,0,0.629757,0.639671,0.634676,0.433987,0.412253,0.422841,0.808052,0.172392,9.7091,25.294,0.918769,0.31315,15713.5,0.833333,1.49998,4.08026,22.9205,,,,,
geometric,99,96,0.650456,0.77322,0.8038,0.780069,0.145947,0.511457,10,6,0.4,0.792228,0.625,0.495143,2,0,0.617264,0.641676,0.629233,0.439258,0.407143,0.422591,0.799982,0.183495,19.6528,46.0037,0.943265,0.205512,16871.8,0.833333,1.45811,3.39481,23.1912,5.71854,5.04214,2.33333,0.417832,169.097
geometric,99,104,0.591401,0.657981,0.853899,0.694767,0.209893,0.444439,10,5,0.3,0.810084,0.4,0.324033,2,0,0.412431,0.535235,0.465876,0.297715,0.252837,0.273447,0.731049,0.254658,34.7097,86.5321,0.967308,0.945895,33129.5,1,1.56737,0.482176,23.7553,,,,,
geometric,99,112,0.65918,0.743733,0.852901,0.76637,0.158802,0.513419,10,5,0.3,0.832733,0.4,0.333093,2,0,0.470914,0.540036,0.503112,0.3444,0.314485,0.328763,0.735065,0.252974,27.9706,78.9052,0.974537,0.428114,28790.2,1,1.66836,2.01495,22.6201,,,,,
geometric,99,120,0.751165,0.880923,0.836056,0.870147,0.0938704,0.52764,10,7,0.5,0.811904,0.705882,0.573109,1,0,0.814356,0.77288,0.793076,0.472424,0.47943,0.475901,0.866557,0.114734,7.00419,29.5106,0.928394,0.364824,13133.9,1,1.69691,6.24333,26.8537,,,,,
geometric,99,128,0.674005,0.763441,0.851927,0.78219,0.155397,0.525505,10,6,0.4,0.87035,0.5,0.435175,1,0,0.534556,0.596513,0.563838,0.40546,0.368048,0.385849,0.821753,0.165152,18.7193,56.2496,0.968327,0.269977,22760.6,1,1.56365,4.01245,23.5998,6.2309,6.02233,2.4,0.387444,169.731
geometric,99,136,0.605484,0.651881,0.894817,0.695452,0.227227,0.455041,10,3,0.2,0.84196,0.307692,0.259065,1,0,0.33096,0.454299,0.382944,0.246603,0.198719,0.220087,0.729761,0.25635,45.7018,130.711,0.977324,0.778287,50191.7,1,2.19556,2.45861,22.313,,,,,
geometric,99,144,0.729849,0.812108,0.878131,0.826447,0.122728,0.571512,10,5,0.4,0.89589,0.533333,0.477808,1,0,0.569433,0.615727,0.591676,0.473826,0.419679,0.445112,0.822693,0.164101,17.2357,43.7908,0.97807,0.431578,23577.8,1,1.75606,3.1727,22.5524,,,,,
geometric,99,152,0.732666,0.821925,0.870912,0.832734,0.113509,0.540825,10,7,0.4,0.817625,0.588235,0.480956,2,0,0.660251,0.699602,0.679357,0.502065,0.471598,0.486355,0.81142,0.162971,14.848,39.329,0.974258,0.174881,15622.1,0.857143,1.29333,6.16745,22.7607,,,,,
geometric,99,160,0.66831,0.73737,0.877085,0.76551,0.166712,0.515995,10,3,0.2,0.848011,0.307692,0.260926,1,0,0.34838,0.41439,0.378529,0.279385,0.225345,0.249472,0.74062,0.245009,37.6686,108.26,0.973434,0.624314,43533.3,1,1.77882,2.60092,23.0929,6.75322,7.14542,3.66667,0.460383,174.17
geometric,99,168,0.624517,0.698299,0.855296,0.729187,0.20125,0.446278,10,7,0.2,0.822499,0.235294,0.193529,1,0,0.322604,0.395134,0.355204,0.243437,0.214044,0.227796,0.835068,0.153918,24.7197,65.289,0.869198,0.372319,26794,0.4,1.59178,1.13447,30.6332,,,,,
geometric,99,176,0.683291,0.780581,0.845731,0.794709,0.144538,0.517287,10,6,0.4,0.884156,0.5,0.442078,1,0,0.542966,0.588285,0.564718,0.464703,0.370531,0.412308,0.838446,0.140219,18.3628,41.3744,0.960405,0.281316,19067,0.666667,1.15243,5.10571,22.9863,,,,,
geometric,99,184,0.696069,0.775543,0.871672,0.795796,0.138939,0.540452,10,5,0.2,0.830716,0.266667,0.221524,1,0,0.344139,0.386795,0.364223,0.293699,0.263,0.277503,0.834165,0.148421,20.5855,52.234,0.898228,0.375542,23476,0.4,0.950127,5.32972,23.2106,,,,,
geometric,99,192,0.641576,0.726819,0.84545,0.751141,0.182858,0.485846,10,6,0.3,0.741483,0.625,0.463427,1,0,0.463547,0.539207,0.498523,0.383106,0.330219,0.354702,0.843309,0.137829,21.0357,53.5671,0.93866,0.412004,21128.8,0.5,1.25774,2.44379,23.7462,4.66958,5.24587,3.16667,0.46434,180.258
geometric,99,200,0.62468,0.71907,0.826354,0.741279,0.188343,0.458416,10,5,0.3,0.767006,0.4,0.306802,1,0,0.334461,0.384362,0.357679,0.255915,0.218898,0.235963,0.830647,0.151998,23.5475,57.9794,0.891826,0.392434,24743.6,0.4,1.20325,3.42717,22.5584,,,,,
geometric,99,208,0.642822,0.752103,0.815637,0.76587,0.162975,0.485992,10,6,0.3,0.725567,0.5,0.362783,2,0,0.473991,0.514031,0.493199,0.388211,0.353638,0.370119,0.789661,0.176405,23.3448,57.4946,0.919249,0.371487,18780.3,0.5,0.776559,4.95462,23.4116,,,,,
geometric,99,216,0.643178,0.746429,0.822999,0.762807,0.164489,0.474922,10,4,0.3,0.760616,0.428571,0.325978,1,0,0.349805,0.385689,0.366872,0.244774,0.21301,0.22779,0.802114,0.18239,26.5781,64.8245,0.947022,0.428022,28511.2,0.5,0.67701,4.58427,25.833,,,,,
geometric,99,224,0.597683,0.696197,0.80857,0.719265,0.198301,0.363768,10,5,0.3,0.85577,0.4,0.342308,1,0,0.293687,0.341091,0.315619,0.174957,0.168714,0.171779,0.767787,0.207337,33.83,96.6375,0.974575,0.591612,29277.5,0.75,0.616,1.89302,22.6643,7.82689,7.92778,2.75,0.438564,170.747
geometric,99,232,0.661658,0.731269,0.874226,0.759947,0.156566,0.370733,9,3,0.222222,0.815925,0.333333,0.271975,1,0,0.297163,0.355256,0.323623,0.140221,0.126549,0.133034,0.741045,0.254506,38.4322,94.9476,0.954634,0.504517,39842.7,1,0.605272,2.68226,22.8799,,,,,
geometric,99,240,0.668248,0.744056,0.867706,0.769356,0.140645,0.393923,9,6,0.444444,0.740578,0.666667,0.493718,3,0,0.556106,0.648521,0.598768,0.309305,0.313675,0.311474,0.756455,0.223338,13.1729,44.883,0.951689,0.312236,18371.2,0.833333,0.880839,4.70513,22.4929,,,,,
geometric,99,248,0.64386,0.726464,0.849905,0.751658,0.155156,0.406758,9,4,0.222222,0.932154,0.307692,0.286817,2,0,0.348508,0.407727,0.375799,0.260516,0.218502,0.237667,0.626888,0.36027,34.1657,86.7961,0.99009,0.137527,27349.5,0.75,0.456054,2.20991,23.1717,,,,,
u2net-v2,90,0,0.391848,0.984634,0.394259,0.731765,0.198118,0.371655,10,6,0.4,0.799155,0.5,0.399577,0,0,0.92947,0.372171,0.531517,0.491825,0.295185,0.368939,0.95238,0.0384177,1.17207,7.02969,0.807609,0.268222,6637.83,0.666667,1.12293,6.54868,32.1276,10.9481,3.70314,2.5,0.385739,119.895
u2net-v2,90,8,0.44847,0.976635,0.453333,0.771198,0.177373,0.344015,10,6,0.3,0.819085,0.375,0.307157,0,0,0.955849,0.443685,0.606053,0.460006,0.22863,0.305448,0.956776,0.0290676,0.489366,3.73432,0.786697,0.241082,7561.17,0.5,1.08904,0.193869,23.5404,,,,,
u2net-v2,90,16,0.61599,0.884236,0.670025,0.823481,0.131582,0.32831,10,4,0.2,0.702015,0.285714,0.200576,1,0,0.43592,0.330316,0.375841,0.20887,0.175021,0.190453,0.771417,0.214799,16.4386,49.2252,0.777719,1.45118,18332.5,0.5,0.954457,1.43176,22.7622,,,,,
u2net-v2,90,24,0.570517,0.966085,0.582178,0.838486,0.140723,0.339976,10,5,0.3,0.786146,0.4,0.314458,1,0,0.604421,0.364234,0.454549,0.277214,0.187816,0.223922,0.873655,0.118669,9.51675,31.3587,0.805994,0.642591,11888.4,0.4,0.966223,1.35576,23.6094,,,,,
u2net-v2,90,32,0.384651,0.970191,0.389251,0.721646,0.192878,0.334431,10,4,0.1,0.674938,0.285714,0.192839,1,0,0.571039,0.229107,0.327013,0.259291,0.147156,0.187755,0.861787,0.12591,11.2508,39.9649,0.530383,0.913558,9544,0.25,1.23591,3.77528,24.7593,29.1018,5.82601,2.5,0.375302,81.8426
u2net-v2,90,40,0.648593,0.886536,0.707306,0.837559,0.127233,0.312445,10,6,0.2,0.682846,0.375,0.256067,2,0,0.443876,0.354138,0.393962,0.207684,0.19245,0.199777,0.757165,0.23058,15.6082,45.6639,0.79405,0.837015,16111,0.6,0.831953,0.990292,23.1355,,,,,
u2net-v2,90,48,0.560314,0.969714,0.570294,0.834791,0.155316,0.282227,10,3,0.2,0.707969,0.307692,0.217837,1,0,0.490208,0.288294,0.363066,0.198124,0.161424,0.177901,0.769027,0.226172,16.8512,44.5034,0.962687,0.235341,20900.7,1,0.83574,0.00603488,23.0602,,,,,
u2net-v2,90,56,0.653448,0.85674,0.733607,0.824793,0.133193,0.290271,10,7,0.1,0.69757,0.235294,0.164134,2,0,0.464671,0.397887,0.428694,0.154628,0.172666,0.16315,0.644815,0.317842,17.9241,55.1526,0.667696,0.584927,12864.7,0.571429,1.51261,1.15054,22.6736,,,,,
u2net-v2,90,64,0.282616,0.970083,0.285101,0.62407,0.257217,0.298758,10,2,0.1,0.652129,0.333333,0.217376,1,0,0.580697,0.170663,0.263798,0.367769,0.0999556,0.157189,0.751948,0.238388,22.2639,82.6681,0.969685,0.580184,16044.5,0.5,1.4859,3.24502,24.1387,4.39599,5.15306,2,0.558931,63.375
u2net-v2,90,72,0.257869,0.97255,0.259759,0.595473,0.276159,0.256015,10,2,0.1,0.664956,0.166667,0.110826,1,0,0.553613,0.147865,0.233393,0.319865,0.104473,0.157503,0.749326,0.237632,22.5538,83.3876,0.934554,0.74288,15155,0.5,0.920624,0.0682615,22.9701,,,,,
u2net-v2,90,80,0.472563,0.97933,0.477323,0.788064,0.202777,0.346511,10,3,0.2,0.816592,0.307692,0.251259,1,0,0.514441,0.250738,0.337149,0.329954,0.161146,0.216537,0.791819,0.201693,15.323,47.4115,0.964692,0.308161,18996.7,1,1.10493,0.174233,23.362,,,,,
u2net-v2,90,88,0.274078,0.965874,0.276759,0.613407,0.262324,0.24585,10,2,0.1,0.786857,0.166667,0.131143,1,0,0.560014,0.160465,0.249452,0.314875,0.0857014,0.134732,0.73773,0.243753,22.9105,83.458,0.970817,0.197266,15750.5,0.5,1.22752,4.04034,22.9127,,,,,
u2net-v2,90,96,0.447836,0.955863,0.457292,0.763713,0.215475,0.310226,10,4,0.2,0.830214,0.285714,0.237204,1,0,0.494018,0.236342,0.319725,0.28614,0.162776,0.207508,0.781085,0.170238,12.1646,37.1958,0.748295,0.28392,14041.5,0.5,1.01031,3.85804,25.2607,20.0678,5.19866,2.75,0.402372,105.011
u2net-v2,90,104,0.426272,0.985844,0.428897,0.758536,0.231589,0.351809,10,3,0.2,0.761016,0.307692,0.234159,1,0,0.572289,0.248978,0.346994,0.304603,0.155871,0.206217,0.809202,0.184557,13.6163,49.3421,0.94624,0.241851,17872.7,0.666667,0.75822,0.972805,23.2846,,,,,
u2net-v2,90,112,0.489665,0.985114,0.493315,0.800866,0.202285,0.335621,10,5,0.1,0.708726,0.266667,0.188994,1,1,0.563246,0.282056,0.375882,0.316166,0.203332,0.247495,0.846847,0.147613,11.0751,37.392,0.69921,0.579629,14840.5,0.5,0.910101,2.55332,23.2001,,,,,
u2net-v2,90,120,0.518169,0.957223,0.530452,0.807331,0.169333,0.303157,10,8,0.2,0.779005,0.222222,0.173112,1,2,0.538825,0.298594,0.384252,0.208319,0.176807,0.191274,0.730177,0.244611,27.3422,45.2908,0.609797,0.487839,8236.14,0.428571,1.42057,6.33049,23.1017,,,,,
u2net-v2,90,128,0.431743,0.981728,0.43524,0.761174,0.221911,0.235709,9,3,0.111111,0.601097,0.166667,0.100183,2,0,0.622181,0.275838,0.382222,0.228255,0.140387,0.173849,0.700574,0.290827,16.4104,53.8295,0.852305,0.22644,17586,1,0.642426,4.70942,23.6416,8.72427,6.90881,2.66667,0.271254,104.062
u2net-v2,90,136,0.0561998,1,0.0561998,0.205109,0.396882,0.0316874,9,1,0,,0,0,0,0,0.940083,0.0528324,0.100043,0.2064,0.0212983,0.0386123,0.940083,0.0539945,3.12969,45.2221,0.47328,0.331175,7260,1,0.620525,4.69152,24.513,,,,,
u2net-v2,90,144,0.301455,0.986791,0.302677,0.648527,0.26766,0.139567,10,3,0.1,0.632455,0.307692,0.194601,0,0,0.83573,0.256342,0.392342,0.198912,0.104748,0.13723,0.866244,0.114366,4.96052,29.4654,0.870645,0.295703,11986.3,1,0.82124,4.83572,33.3376,,,,,
u2net-v2,90,152,0.166916,0.989647,0.167208,0.463518,0.270234,0.283336,10,4,0.2,0.880867,0.285714,0.251676,0,1,0.971738,0.164182,0.280903,0.634911,0.159434,0.254868,0.99413,0.00592455,0.158785,1.1275,0.736792,0.245281,5502,0.333333,0.781388,6.62754,25.3042,,,,,
u2net-v2,90,160,0.155751,0.991563,0.155957,0.443366,0.319355,0.0786085,9,1,0.111111,0.856028,0.2,0.171206,0,0,0.991563,0.155957,0.269523,0.27193,0.046112,0.0788526,0.991563,0.000547855,0.12027,0,0.98552,0.308816,18253,1,0.352267,4.7782,31.0197,7.05957,6.28916,1,0.148165,72.4979
u2net-v2,90,168,0.156215,0.994439,0.156352,0.444544,0.32071,0.0917201,9,1,0.111111,0.820033,0.2,0.164007,0,0,0.994439,0.156352,0.270218,0.307008,0.0469667,0.08147,0.994439,0.000272598,0.0366856,0,0.947993,0.210952,18342,1,0.644514,2.23946,27.1912,,,,,
u2net-v2,90,176,0.404835,0.948499,0.413934,0.730727,0.202982,0.333825,9,13,0.333333,0.864516,0.272727,0.235777,0,2,0.87609,0.382334,0.532347,0.331444,0.299861,0.314863,0.956524,0.0307697,0.950991,5.91999,0.646744,0.368674,5064.88,0.375,0.363564,4.72197,33.9596,,,,,
u2net-v2,90,184,0.193537,0.987377,0.194017,0.508003,0.22917,0.3188,9,3,0.222222,0.850792,0.333333,0.283597,0,0,0.938402,0.184394,0.308222,0.649518,0.177188,0.278422,0.967005,0.0280235,0.540298,5.0056,0.72969,0.288871,5703.67,0.333333,0.544531,5.5661,25.4101,,,,,
u2net-v2,90,192,0.102467,0.99347,0.102536,0.33059,0.329668,0.149205,9,1,0.111111,0.871748,0.2,0.17435,0,0,0.99347,0.102536,0.185887,0.517722,0.0698808,0.12314,0.99347,0.00214814,0.0802808,0,0.995048,0.142889,11638,1,0.190972,3.19729,32.1941,5.0905,4.81045,2,0.300786,66.1581
u2net-v2,90,200,0.174356,0.983908,0.174854,0.47583,0.26484,0.300715,9,2,0.111111,0.683033,0.181818,0.124188,1,0,0.763315,0.135652,0.230364,0.422082,0.125119,0.19302,0.863152,0.129463,3.71966,19.4766,0.690553,0.325928,8731,0.5,0.216668,2.32075,26.0513,,,,,
u2net-v2,90,208,0.220559,0.984456,0.221329,0.548237,0.194528,0.339386,9,3,0.222222,0.848286,0.333333,0.282762,0,0,0.926297,0.208254,0.340055,0.665793,0.187535,0.292642,0.959158,0.0326663,0.724558,7.01422,0.746722,0.267336,5725.67,0.333333,0.449508,4.94968,27.377,,,,,
u2net-v2,90,216,0.215174,0.983095,0.215973,0.540258,0.202305,0.340595,9,3,0.222222,0.849144,0.333333,0.283048,0,0,0.928283,0.203932,0.3344,0.599642,0.187369,0.285522,0.954951,0.0340151,0.729181,6.62553,0.777632,0.287012,5777.33,0.333333,0.0996124,3.2958,31.0695,,,,,
u2net-v2,90,224,0.180123,0.981626,0.180732,0.485322,0.284189,0.326343,9,3,0.111111,0.709874,0.166667,0.118312,1,0,0.804238,0.148072,0.250097,0.413388,0.143205,0.21272,0.916429,0.083783,2.86988,14.3925,0.57718,0.458062,6513,0.333333,0.712157,0.367447,27.5651,16.7921,3.69443,3.33333,0.354388,74.6044
u2net-v2,90,232,0.205437,0.989094,0.205903,0.526737,0.220365,0.3553,9,4,0.222222,0.878117,0.307692,0.27019,0,1,0.911788,0.18981,0.31421,0.512088,0.17796,0.26413,0.944501,0.0526276,1.07757,8.47139,0.81626,0.415999,5789.67,0.333333,0.149865,2.3864,27.3296,,,,,
u2net-v2,90,240,0.4508,0.984107,0.454106,0.775292,0.12696,0.365867,9,3,0.111111,0.894999,0.166667,0.149166,1,0,0.536811,0.247706,0.338989,0.338619,0.188207,0.241941,0.789457,0.208313,18.121,54.0035,0.897868,0.408069,10843.7,0.333333,0.332508,3.92794,30.3892,,,,,
u2net-v2,90,248,0.214663,0.992656,0.215004,0.541054,0.197988,0.326977,9,3,0.222222,0.889895,0.333333,0.296632,0,0,0.949009,0.205551,0.337911,0.557844,0.181621,0.274026,0.960073,0.0400155,0.801119,4.14769,0.840276,0.400126,5582.67,0.333333,0.225693,1.79264,24.2614,,,,,
u2net-v2,91,0,0.706725,0.962776,0.726578,0.89559,0.102686,0.443255,10,7,0.2,0.801155,0.235294,0.188507,1,0,0.397492,0.299975,0.341916,0.2312,0.197946,0.213285,0.87807,0.104844,9.64492,26.0358,0.492559,0.536228,11279.3,0.285714,1.21415,3.50777,33.4526,37.4053,4.12013,3,0.454644,159.217
u2net-v2,91,8,0.451425,0.962957,0.459403,0.768554,0.205667,0.237455,10,6,0.1,0.826451,0.125,0.103306,1,0,0.768373,0.366572,0.496348,0.283285,0.172762,0.214631,0.833062,0.148616,6.17637,22.1619,0.678939,0.415587,10643.6,0.8,0.863424,1.16097,26.176,,,,,
u2net-v2,91,16,0.167844,0.996646,0.167939,0.465995,0.282982,0.08103,10,3,0.1,0.75831,0.153846,0.116663,0,1,0.957085,0.161273,0.276033,0.269956,0.0558438,0.0925437,0.681486,0.243169,3.18718,8.64848,0.615262,0.516659,5864.33,0.333333,1.00089,3.01237,25.5538,,,,,
u2net-v2,91,24,0.120945,0.991945,0.121064,0.372905,0.326312,0.0971416,10,2,0.1,0.707492,0.166667,0.117915,0,0,0.810414,0.0989089,0.176301,0.355341,0.0690048,0.115567,0.869773,0.11058,2.23526,13.2661,0.61368,0.493651,6952,0.5,0.734509,0.171379,30.2657,,,,,
u2net-v2,91,32,0.381913,0.975513,0.38561,0.720985,0.228135,0.186029,10,4,0.3,0.788888,0.428571,0.338095,0,0,0.933049,0.368825,0.528671,0.33687,0.143373,0.20114,0.971246,0.0198197,1.0995,14.3288,0.775655,0.396408,11097.8,0.75,1.16735,1.28181,30.2139,8.79504,4.2898,2.25,0.315093,109.086
u2net-v2,91,40,0.453063,0.842375,0.495031,0.724984,0.211982,0.159044,10,3,0.1,0.762358,0.153846,0.117286,1,0,0.420672,0.247213,0.311417,0.096243,0.0601933,0.0740645,0.779618,0.208869,10.668,30.2554,0.676959,0.637051,21346,0.666667,0.880152,1.70969,25.4895,,,,,
u2net-v2,91,48,0.209937,0.994927,0.210162,0.534415,0.273919,0.0770014,10,3,0.2,0.706672,0.307692,0.217437,0,1,0.909673,0.192154,0.317286,0.300241,0.0709096,0.114724,0.649601,0.262808,2.80733,8.50338,0.649606,0.41471,7491.33,0.666667,0.779254,1.37727,23.6429,,,,,
u2net-v2,91,56,0.402363,0.793665,0.449369,0.674421,0.237458,0.162056,10,4,0.1,0.780371,0.142857,0.111482,1,0,0.475469,0.269208,0.343773,0.106149,0.065251,0.0808207,0.788293,0.189401,8.81104,28.3352,0.683849,0.328956,20038.3,0.666667,1.31515,0.0314054,32.161,,,,,
u2net-v2,91,64,0.36177,0.730193,0.417592,0.622633,0.259505,0.156365,10,2,0,,0,0,1,0,0.375261,0.214608,0.273058,0.0794039,0.0496094,0.0610663,0.672858,0.306139,15.7678,44.4928,0.523181,0.513182,30942.5,0.5,1.22276,1.58593,23.6359,25.9953,5.88767,4.5,0.404987,85.4939
u2net-v2,91,72,0.27219,0.570726,0.34226,0.494544,0.32805,0.14494,10,1,0,,0,0,1,0,0.250239,0.150066,0.187619,0.11215,0.0501758,0.0693323,0.250239,0.747626,154.774,328.063,0.997879,2.25508,66037,1,0.952704,1.69002,24.6533,,,,,
u2net-v2,91,80,0.448951,0.652035,0.590404,0.636697,0.27153,0.216048,10,2,0,,0,0,1,0,0.19143,0.173336,0.181934,0.079646,0.05027,0.0616368,0.556746,0.427441,47.867,96.7756,0.633236,1.02915,52113,1,0.904801,0.96154,23.0582,,,,,
u2net-v2,91,88,0.383926,0.780971,0.430254,0.657322,0.244043,0.206589,10,7,0.1,0.706777,0.117647,0.0831502,1,1,0.481872,0.265474,0.342343,0.143837,0.0866026,0.108112,0.893717,0.0930781,4.60547,14.3297,0.420044,0.590158,9908.33,0.166667,1.04345,2.23705,23.6688,,,,,
u2net-v2,91,96,0.549527,0.747897,0.674462,0.729566,0.20709,0.275909,10,2,0,,0,0,1,0,0.205287,0.18513,0.194688,0.065474,0.0455826,0.0537469,0.600205,0.390114,32.7285,79.0167,0.566115,0.776091,51883.5,0.5,0.849267,1.74683,23.5957,19.8319,7.18731,5,0.450686,134.657
u2net-v2,91,104,0.249383,0.985047,0.25033,0.58728,0.298835,0.142691,10,2,0.2,0.745854,0.333333,0.248618,0,0,0.856506,0.217664,0.347116,0.338384,0.0858219,0.136918,0.833476,0.142688,9.39982,80.3605,0.993501,0.691753,15481.5,1,1.16944,2.7095,24.6087,,,,,
u2net-v2,91,112,0.377655,0.982331,0.380238,0.719438,0.246045,0.214362,10,3,0,0.511673,0.153846,0.078719,1,0,0.525658,0.20347,0.29338,0.175007,0.0826498,0.112276,0.66815,0.313599,23.0314,68.6429,0.747851,0.607371,15564,0.666667,1.07547,0.553869,24.6378,,,,,
u2net-v2,91,120,0.703434,0.866504,0.788933,0.847279,0.119652,0.36471,10,7,0,0.54148,0.235294,0.127407,1,2,0.328026,0.298661,0.312655,0.134496,0.123313,0.128662,0.840763,0.150953,15.9861,41.6388,0.605574,0.602042,19861.4,0.6,1.24419,4.69503,22.564,,,,,
u2net-v2,91,128,0.074751,0.986959,0.0748249,0.258831,0.362871,0.0412004,10,1,0.1,0.687039,0.181818,0.124916,0,0,0.948603,0.071917,0.133698,0.371555,0.0422713,0.0759068,0.948603,0.000986301,0.233833,2.12683,0.943027,0.193712,9125,1,1.06471,0.89522,23.7377,7.74871,6.64929,2,0.411124,59.1008
u2net-v2,91,136,0.109326,0.995664,0.109378,0.346931,0.341022,0.0585397,10,2,0.1,0.847075,0.166667,0.141179,0,0,0.96384,0.105882,0.190803,0.410646,0.058403,0.102262,0.980314,0,0.092595,0.84941,0.556645,0.426059,6457.5,0.5,0.924578,1.1301,25.9219,,,,,
u2net-v2,91,144,0.0855565,0.992598,0.0856111,0.288141,0.354603,0.0918208,10,3,0.1,0.864594,0.153846,0.133014,0,1,0.893066,0.0770265,0.141821,0.371025,0.055305,0.0962613,0.97547,0.00236756,0.16896,1.46421,0.901159,0.250689,4728.5,0.5,0.719929,2.88902,30.8185,,,,,
u2net-v2,91,152,0.283977,0.951566,0.288142,0.621399,0.26236,0.378336,10,4,0.3,0.806647,0.428571,0.345706,1,0,0.788491,0.238761,0.366534,0.460653,0.22711,0.30423,0.860839,0.114439,3.78893,12.9875,0.942235,0.0948214,8398,0.75,0.739629,4.28805,35.1779,,,,,
u2net-v2,91,160,0.0787422,0.984726,0.0788385,0.269667,0.358493,0.0706268,10,1,0.1,0.672908,0.181818,0.122347,0,0,0.954912,0.0764515,0.141569,0.420884,0.0668931,0.115439,0.954912,0.00146459,0.240269,2.03633,0.969711,0.165375,9559,1,0.686488,1.86161,26.0813,5.20271,4.41439,3,0.233828,63.4182
u2net-v2,91,168,0.119049,0.992093,0.119162,0.368737,0.344557,0.132771,10,3,0.2,0.765907,0.307692,0.235664,0,0,0.97191,0.116738,0.20844,0.477855,0.108629,0.177018,0.986059,0.00114626,0.180942,1.08114,0.665772,0.266079,4806,0.333333,0.384845,1.0894,25.9488,,,,,
u2net-v2,91,176,0.516709,0.964574,0.526705,0.80931,0.181383,0.432822,10,5,0.2,0.902675,0.266667,0.240713,1,1,0.500275,0.273175,0.353385,0.210109,0.179436,0.193565,0.817764,0.164106,12.2239,35.0898,0.832055,0.293645,15080.8,0.5,0.574352,3.28384,35.0463,,,,,
u2net-v2,91,184,0.792243,0.960805,0.818702,0.923803,0.0767773,0.525547,10,5,0.2,0.897298,0.266667,0.23928,1,0,0.32739,0.278969,0.301246,0.216122,0.20556,0.210709,0.798538,0.192022,12.2382,30.6517,0.773111,0.430802,23210.8,0.5,0.284811,3.335,28.1879,,,,,
u2net-v2,91,192,0.116261,0.989116,0.11641,0.362309,0.341787,0.126597,10,1,0,0.508449,0.181818,0.0924453,0,0,0.678697,0.0798766,0.142931,0.335624,0.0828313,0.13287,0.678697,0.297458,19.3495,84.9581,0.973916,0.101602,13965,1,0.335186,1.19978,24.0241,5.41498,4.41415,3,0.434313,61.3715
u2net-v2,91,200,0.782258,0.959008,0.809319,0.919751,0.0840072,0.428663,9,4,0,,0,0,2,1,0.366592,0.309372,0.33556,0.142439,0.154401,0.148179,0.574974,0.411486,22.1678,68.0716,0.645781,0.438726,32116.3,0.666667,0.215351,1.47893,29.7559,,,,,
u2net-v2,91,208,0.740433,0.853388,0.848349,0.852219,0.10362,0.46875,10,3,0.2,0.867339,0.307692,0.266874,1,0,0.275481,0.273854,0.274665,0.173583,0.176623,0.17509,0.713699,0.26674,24.2513,65.0323,0.994028,0.225427,35467.7,0.666667,0.117483,2.98817,27.1932,,,,,
u2net-v2,91,216,0.75183,0.877247,0.840225,0.868417,0.100739,0.422372,10,2,0.1,0.906238,0.166667,0.15104,1,0,0.218549,0.209326,0.213838,0.12,0.127079,0.123438,0.583738,0.402732,30.7273,68.8141,0.973487,0.326428,53436.5,0.5,0.131697,1.47496,23.4603,,,,,
u2net-v2,91,224,0.415099,0.953746,0.423627,0.740038,0.22945,0.398483,9,2,0,,0,0,2,0,0.353975,0.157226,0.217738,0.152803,0.107659,0.126319,0.412018,0.575558,42.2298,127.42,0.874504,0.0771568,26225,1,0.366114,0.474731,25.3031,8.84102,8.00755,3.5,0.464397,93.2461
u2net-v2,91,232,0.237342,0.933827,0.241402,0.561894,0.295518,0.356961,10,1,0,,0,0,1,0,0.25871,0.0668786,0.106282,0.226422,0.0843373,0.122898,0.25871,0.737456,57.9947,114.77,0.994204,0.717995,30254,1,0.397855,1.33591,27.3044,,,,,
u2net-v2,91,240,0.246696,0.948742,0.250029,0.576781,0.279652,0.347759,10,3,0.2,0.845373,0.307692,0.260115,1,0,0.530856,0.1399,0.221442,0.371091,0.149294,0.212926,0.761063,0.221223,8.85911,26.2977,0.983038,0.114735,9884.67,0.666667,0.178478,2.24387,26.9981,,,,,
u2net-v2,91,248,0.539246,0.868222,0.587315,0.781918,0.191315,0.294905,10,4,0,,0,0,2,0,0.3673,0.248463,0.296414,0.135333,0.117946,0.126043,0.578531,0.413445,33.0017,84.9099,0.690119,0.532911,24411.3,0.666667,0.139256,1.54542,31.1505,,,,,
u2net-v2,92,0,0.703254,0.948651,0.731083,0.887688,0.0805436,0.391364,9,6,0.444444,0.718356,0.666667,0.478904,1,0,0.876043,0.675128,0.762574,0.354281,0.33015,0.34179,0.918556,0.0577035,2.37608,16.77,0.879383,0.187952,10302,0.833333,1.38929,4.77268,26.1956,5.96103,4.88742,4,0.396251,183.749
u2net-v2,92,8,0.666647,0.931163,0.701205,0.86565,0.0937109,0.357068,9,6,0.333333,0.743049,0.666667,0.495366,1,0,0.749252,0.564218,0.643702,0.319879,0.26744,0.291318,0.915268,0.074382,5.78809,21.9901,0.797938,0.369676,10304.5,0.5,1.30318,1.96007,24.6758,,,,,
u2net-v2,92,16,0.430267,0.969189,0.436234,0.756036,0.152939,0.339368,9,4,0.222222,0.850378,0.307692,0.261655,1,0,0.767823,0.345599,0.476655,0.417289,0.237471,0.302688,0.851855,0.132679,7.41164,24.3041,0.769449,0.258833,9152.5,0.75,1.29815,3.30946,26.316,,,,,
u2net-v2,92,24,0.367705,0.969431,0.372018,0.707312,0.176094,0.299637,9,7,0.333333,0.855808,0.375,0.320928,0,1,0.848633,0.325663,0.470696,0.399008,0.205338,0.271142,0.852482,0.135629,9.47676,17.5686,0.564584,0.401058,5326.83,0.5,1.23196,0.512585,29.5338,,,,,
u2net-v2,92,32,0.706775,0.948159,0.735185,0.888745,0.0833887,0.373324,9,8,0.555556,0.771844,0.705882,0.544831,0,1,0.842204,0.65303,0.73565,0.353168,0.33025,0.341325,0.886906,0.0896798,5.50547,15.2989,0.858426,0.169384,8140.25,0.625,1.43518,1.41991,27.5286,9.07557,3.771,3.125,0.449004,215.56
u2net-v2,92,40,0.362545,0.962017,0.36781,0.700763,0.181351,0.274783,9,4,0.222222,0.874528,0.307692,0.269086,0,0,0.759382,0.290336,0.420067,0.324282,0.176686,0.228742,0.839464,0.144153,9.38603,26.5453,0.771968,0.203747,8234,0.5,1.17003,0.815393,24.9545,,,,,
u2net-v2,92,48,0.409322,0.954007,0.417562,0.735849,0.169541,0.322982,9,4,0.111111,0.861209,0.153846,0.132494,1,1,0.678975,0.297183,0.413416,0.356748,0.204218,0.259746,0.787139,0.193004,18.2289,56.5921,0.742865,0.424573,12476.3,1,1.10801,1.42614,24.4449,,,,,
u2net-v2,92,56,0.386676,0.943378,0.395864,0.715128,0.180651,0.287315,9,7,0.222222,0.878426,0.25,0.219607,0,1,0.78125,0.327831,0.461856,0.327519,0.183775,0.235441,0.833805,0.129772,7.14647,22.8524,0.661754,0.328266,7221,0.8,1.56232,0.379024,24.7325,,,,,
u2net-v2,92,64,0.333549,0.96643,0.337459,0.675769,0.194544,0.260089,9,5,0.222222,0.87674,0.285714,0.250497,0,1,0.761519,0.265908,0.394177,0.40841,0.171184,0.241249,0.75272,0.230719,11.899,22.7695,0.604507,0.303667,7599.5,1,1.60462,1.49781,25.1726,27.0273,3.37025,3,0.563646,102.078
u2net-v2,92,72,0.550318,0.956072,0.564594,0.824193,0.130895,0.331429,9,4,0.111111,0.868186,0.153846,0.133567,1,1,0.590138,0.348497,0.438214,0.280226,0.214903,0.243255,0.764087,0.225487,22.0498,51.9632,0.789607,1.02097,16984.3,1,1.29119,1.80258,26.6751,,,,,
u2net-v2,92,80,0.741655,0.96255,0.763692,0.907989,0.076416,0.381128,9,5,0.222222,0.866919,0.285714,0.247691,1,0,0.61999,0.491903,0.548569,0.29579,0.237827,0.263661,0.850268,0.132955,12.9816,35.8732,0.796495,0.372235,14002.8,0.8,1.43008,1.6587,24.6427,,,,,
u2net-v2,92,88,0.425902,0.972594,0.431075,0.754011,0.163506,0.327589,9,6,0.222222,0.781679,0.4,0.312672,0,1,0.796101,0.352849,0.488974,0.418033,0.265923,0.325064,0.798552,0.187281,8.83554,17.8546,0.646377,0.200226,7535.2,1,1.32677,2.29895,26.2281,,,,,
u2net-v2,92,96,0.653564,0.963291,0.670257,0.87501,0.101562,0.398051,9,5,0.333333,0.716298,0.571429,0.409313,1,0,0.791107,0.550452,0.649194,0.316845,0.302443,0.309477,0.892427,0.0856537,4.95965,27.0466,0.892827,0.283061,12220.6,0.8,1.38915,1.09489,26.3092,6.18959,5.57888,2.8,0.670235,156.371
u2net-v2,92,104,0.750704,0.959064,0.775555,0.909407,0.0752181,0.417498,9,5,0.222222,0.830213,0.285714,0.237204,1,0,0.542962,0.439071,0.485521,0.327076,0.28424,0.304157,0.823737,0.146151,7.07686,18.0358,0.915634,0.141227,14510.4,0.6,1.62961,3.57903,25.26,,,,,
u2net-v2,92,112,0.652145,0.964555,0.668157,0.874983,0.105322,0.393847,9,5,0.222222,0.676661,0.571429,0.386663,1,0,0.753033,0.521634,0.61633,0.293757,0.282332,0.287931,0.885484,0.0936902,4.29189,17.8302,0.852167,0.265673,12577.4,0.8,1.73278,0.749169,23.6842,,,,,
u2net-v2,92,120,0.593887,0.947234,0.614207,0.841893,0.116523,0.38335,9,6,0.333333,0.671752,0.533333,0.358268,1,0,0.859635,0.557406,0.67629,0.361055,0.310183,0.333692,0.934008,0.0516449,2.24014,15.6365,0.849547,0.176562,9210.5,0.666667,1.66365,4.32875,25.5581,,,,,
u2net-v2,92,128,0.673376,0.965748,0.689851,0.884147,0.101104,0.351455,9,7,0.333333,0.690331,0.625,0.431457,1,1,0.862676,0.616225,0.718916,0.289253,0.285945,0.287589,0.93745,0.0452701,2.43216,15.7867,0.864379,0.247468,10748,0.666667,1.59974,0.433357,25.0675,7.03904,5.18962,3,0.469225,173.776
u2net-v2,92,136,0.401697,0.972048,0.406391,0.735727,0.188672,0.296639,9,4,0.222222,0.674921,0.461538,0.311502,0,0,0.762621,0.318835,0.449672,0.320513,0.187754,0.236795,0.869062,0.0980038,5.2167,17.7479,0.776933,0.25419,10008.2,0.5,2.05202,2.94981,25.8843,,,,,
u2net-v2,92,144,0.494694,0.960186,0.505054,0.794883,0.157171,0.343829,9,6,0.222222,0.759453,0.4,0.303781,0,1,0.86445,0.454697,0.595935,0.308921,0.259847,0.282267,0.911153,0.0629463,3.66001,19.1233,0.761811,0.156425,9775.4,0.8,1.42368,2.51901,23.3637,,,,,
u2net-v2,92,152,0.59336,0.806769,0.691656,0.77693,0.142507,0.392755,9,9,0.555556,0.75807,0.555556,0.42115,0,1,0.791766,0.678793,0.73094,0.402994,0.361647,0.381203,0.917487,0.0553363,0.932191,5.2401,0.802951,0.331884,9626.86,0.428571,0.744297,4.81869,26.3553,,,,,
u2net-v2,92,160,0.363579,0.956808,0.369646,0.700156,0.201077,0.247584,9,3,0.222222,0.810377,0.333333,0.270126,0,0,0.953907,0.368525,0.531655,0.382937,0.182918,0.247576,0.954734,0.0221023,0.387042,2.10325,0.765725,0.140784,12294,1,1.47111,2.69219,24.9431,16.5366,5.81437,2.66667,0.426807,90.8654
u2net-v2,92,168,0.377608,0.954362,0.384552,0.71118,0.192757,0.295973,9,3,0.222222,0.806628,0.333333,0.268876,0,0,0.954229,0.384498,0.548132,0.423169,0.207769,0.278701,0.955373,0.0217832,0.3133,1.93054,0.761341,0.213042,12548,1,1.33215,0.419312,25.4751,,,,,
u2net-v2,92,176,0.603545,0.787235,0.721184,0.77094,0.145052,0.398482,9,7,0.333333,0.718334,0.625,0.448959,1,0,0.766183,0.701899,0.732633,0.369473,0.388323,0.378664,0.881408,0.0910321,3.82354,28.1403,0.905969,0.12052,12068.3,0.833333,0.573223,3.78714,29.046,,,,,
u2net-v2,92,184,0.266582,0.96883,0.268889,0.605249,0.217399,0.354469,8,5,0.25,0.673392,0.461538,0.310796,0,1,0.944724,0.262198,0.410474,0.535302,0.232535,0.324226,0.981793,0.00776796,0.202118,1.34775,0.709655,0.39636,6103.75,0.5,0.539085,4.14198,28.7615,,,,,
u2net-v2,92,192,0.42345,0.942088,0.434767,0.742223,0.179674,0.33867,8,5,0.25,0.724974,0.461538,0.334603,0,1,0.9261,0.427389,0.584866,0.413912,0.287441,0.339274,0.946076,0.0236729,0.363955,2.56154,0.807088,0.221689,10585.8,0.75,0.661965,2.1005,25.4566,10.4725,5.35026,2.75,0.266154,114.519
u2net-v2,92,200,0.419769,0.925409,0.434469,0.734007,0.176068,0.377088,8,7,0.375,0.669589,0.533333,0.357114,0,1,0.917084,0.43056,0.586001,0.424125,0.325581,0.368377,0.955364,0.0252136,0.4684,2.9152,0.748357,0.339861,6988.83,0.5,0.218837,2.25541,26.0616,,,,,
u2net-v2,92,208,0.651113,0.891426,0.707196,0.840875,0.108796,0.419668,7,7,0.428571,0.657253,0.571429,0.375573,1,0,0.825499,0.654894,0.730366,0.327119,0.373715,0.348868,0.90109,0.0723132,3.46386,15.123,0.759117,0.221846,11121.8,0.5,0.214274,2.78597,28.0039,,,,,
u2net-v2,92,216,0.277618,0.926675,0.283854,0.608611,0.210452,0.361505,7,6,0.285714,0.755581,0.307692,0.232486,0,1,0.894786,0.274086,0.419632,0.528773,0.266074,0.354012,0.956426,0.0131369,0.292993,2.01436,0.573282,0.327667,6344.5,0.75,0.417089,2.66506,26.7687,,,,,
u2net-v2,92,224,0.240406,0.92281,0.245339,0.563638,0.229691,0.292366,7,4,0.285714,0.662069,0.545455,0.361129,0,0,0.919545,0.244471,0.386253,0.414369,0.217007,0.284841,0.948597,0.0358636,0.98121,4.89756,0.837974,0.456335,6050,0.5,0.648148,2.47886,24.0264,8.33075,4.92213,3,0.353086,135.131
u2net-v2,92,232,0.368739,0.943171,0.377118,0.700521,0.176745,0.293025,7,6,0,0.550152,0.307692,0.169278,1,1,0.776073,0.310305,0.443344,0.212831,0.189836,0.200677,0.902867,0.0876308,4.92736,19.1003,0.595738,0.421364,7951,0.75,0.156709,0.794837,26.1116,,,,,
u2net-v2,92,240,0.35025,0.914903,0.362045,0.676506,0.15874,0.3778,8,5,0,0.584924,0.153846,0.0899883,1,1,0.633753,0.250788,0.359368,0.30648,0.25831,0.280341,0.848541,0.120088,6.04752,23.3201,0.541302,0.293679,6346.5,0.5,0.537612,3.26621,24.6701,,,,,
u2net-v2,92,248,0.188844,0.938117,0.191226,0.493398,0.20582,0.292243,7,2,0,0.564084,0.222222,0.125352,1,0,0.634886,0.129415,0.215004,0.34534,0.129253,0.188103,0.806909,0.178059,8.40421,36.5457,0.561209,0.30988,7845.5,0.5,0.265033,1.40075,25.2147,,,,,
u2net-v2,93,0,0.603793,0.975299,0.61317,0.85832,0.103571,0.388605,9,7,0.444444,0.650859,0.75,0.488144,0,0,0.914593,0.575004,0.70609,0.366426,0.329051,0.346734,0.942084,0.0429767,1.13936,6.94046,0.735105,0.175476,7102.14,0.714286,1.40429,4.58525,31.7859,11.5156,4.64103,2.28571,0.512052,172.654
u2net-v2,93,8,0.22047,0.998485,0.220544,0.55043,0.235153,0.209884,9,4,0.222222,0.803123,0.307692,0.247115,0,1,0.966719,0.213528,0.349794,0.403051,0.13645,0.203879,0.993629,0.00101698,0.0979443,0.761546,0.661303,0.12667,6606.33,0.666667,1.3043,1.40307,24.868,,,,,
u2net-v2,93,16,0.045287,0.996939,0.0452933,0.170457,0.268184,0.0841992,9,1,0.111111,0.906939,0.2,0.181388,0,0,0.996939,0.0452933,0.08665,0.738411,0.0456155,0.0859231,0.996939,0.00663265,0.258659,1.26918,1,1.3151,3920,0,1.21433,2.4236,30.187,,,,,
u2net-v2,93,24,0.294918,0.991054,0.295705,0.642435,0.221582,0.304284,9,4,0.333333,0.745317,0.615385,0.458657,0,0,0.990149,0.295435,0.455085,0.465948,0.219815,0.298711,0.983455,0.00626271,0.184519,1.29643,0.881994,0.100707,7182.25,0.75,1.13996,0.0368415,43.1206,,,,,
u2net-v2,93,32,0.307875,0.981951,0.309627,0.654158,0.226937,0.284595,9,5,0.333333,0.77139,0.428571,0.330596,0,0,0.98154,0.309497,0.470604,0.368104,0.231181,0.284,0.978973,0.00415231,0.190592,1.04847,0.680914,0.23165,6316.2,0.6,1.48922,1.66928,26.9145,20.6409,3.2599,2.6,0.545281,138.714
u2net-v2,93,40,0.308308,0.994396,0.308844,0.657562,0.209935,0.244112,9,3,0.333333,0.784242,0.5,0.392121,0,0,0.993912,0.308694,0.471078,0.461983,0.187129,0.266365,0.993772,0.0036253,0.122409,0.573107,0.90656,0.0814861,9636,1,1.20265,0.786235,25.021,,,,,
u2net-v2,93,48,0.0469736,0.992133,0.0469911,0.175863,0.274873,0.0754923,9,1,0.111111,0.891556,0.2,0.178311,0,0,0.991657,0.0469685,0.089689,0.705298,0.0419258,0.0791468,0.991657,0.000238379,0.144331,1.40856,0.981633,0.0883782,4195,1,1.0807,0.366609,28.0403,,,,,
u2net-v2,93,56,0.259702,0.983114,0.260866,0.599854,0.23068,0.254365,9,4,0.222222,0.748299,0.307692,0.230246,0,0,0.98169,0.260488,0.411726,0.38632,0.195396,0.259526,0.983373,0.00396135,0.155002,1.1981,0.632633,0.280343,6321.75,0.75,1.65473,0.286014,38.9604,,,,,
u2net-v2,93,64,0.282289,0.985195,0.283491,0.627031,0.215895,0.255851,9,3,0.222222,0.685796,0.5,0.342898,0,0,0.98478,0.283372,0.440103,0.386614,0.193362,0.257792,0.979262,0.00912912,0.233842,1.52729,0.820754,0.0570466,8826,1,1.69696,1.52977,26.0661,5.72116,3.48771,3.66667,0.613633,132.331
u2net-v2,93,72,0.0487202,0.993062,0.0487367,0.181501,0.272923,0.0751064,9,1,0.111111,0.874567,0.2,0.174913,0,0,0.991674,0.0486686,0.0927837,0.675079,0.0416994,0.0785471,0.991674,0.000925069,0.151625,1.49132,0.979967,0.0625108,4324,1,1.18715,0.537697,26.3436,,,,,
u2net-v2,93,80,0.347642,0.99531,0.348213,0.696582,0.185361,0.206145,9,3,0.333333,0.774453,0.5,0.387226,0,0,0.992194,0.347123,0.514311,0.353744,0.16197,0.222201,0.988063,0.0124004,0.360585,0.796343,0.914569,0.280583,10162.7,1,1.52805,1.56881,39.8518,,,,,
u2net-v2,93,88,0.26531,0.991598,0.265907,0.608419,0.212764,0.22472,9,4,0.222222,0.774589,0.307692,0.238335,0,1,0.96219,0.258021,0.406922,0.35488,0.17137,0.231129,0.988857,0.00195199,0.145404,1.04114,0.682512,0.118514,7701,0.666667,1.43799,2.54423,26.6604,,,,,
u2net-v2,93,96,0.483092,0.978793,0.488202,0.794541,0.143558,0.288419,9,7,0.333333,0.676946,0.5,0.338473,0,1,0.963143,0.480397,0.64105,0.339248,0.274631,0.303539,0.961517,0.0225768,0.35997,2.56301,0.686843,0.286653,6935.5,0.666667,1.51897,1.10724,26.4029,17.7003,5.43425,3,0.430638,135.756
u2net-v2,93,104,0.52901,0.990259,0.531777,0.82593,0.131702,0.236714,9,6,0.333333,0.817806,0.4,0.327122,0,1,0.879059,0.472061,0.61426,0.281189,0.193066,0.22894,0.865311,0.130588,7.18966,11.9823,0.764348,0.490491,7648.33,0.833333,1.68958,3.41047,23.8274,,,,,
u2net-v2,93,112,0.555141,0.990511,0.558109,0.840277,0.120358,0.315799,9,6,0.333333,0.706586,0.533333,0.376846,0,1,0.834829,0.470389,0.60173,0.348629,0.272531,0.305918,0.863739,0.130806,7.39746,12.8353,0.778492,0.344012,7763.67,0.666667,1.83864,0.918642,25.1003,,,,,
u2net-v2,93,120,0.492171,0.969625,0.499878,0.796826,0.137992,0.317932,9,6,0.222222,0.655536,0.533333,0.349619,0,1,0.8604,0.443568,0.585361,0.290932,0.241831,0.264119,0.919357,0.0626882,2.19411,11.2706,0.713991,0.433703,8352.8,0.8,1.66126,4.72942,25.6689,,,,,
u2net-v2,93,128,0.669179,0.978609,0.679113,0.888214,0.0911458,0.377724,9,5,0.444444,0.658096,0.714286,0.470069,2,0,0.827977,0.57458,0.678388,0.346341,0.303852,0.323709,0.8686,0.118203,3.72741,20.314,0.892102,0.24949,11575.2,1,1.73532,0.273402,25.7375,7.37842,5.78324,2.8,0.480614,131.274
u2net-v2,93,136,0.531496,0.701929,0.686418,0.698288,0.177998,0.275031,9,3,0.222222,0.705771,0.333333,0.235257,1,0,0.519321,0.507845,0.513519,0.192139,0.16969,0.180218,0.775625,0.218642,20.558,58.7906,0.928119,0.132032,29458.3,1,2.08326,3.3783,23.9622,,,,,
u2net-v2,93,144,0.550608,0.990157,0.553638,0.837731,0.130423,0.248228,9,5,0.444444,0.741748,0.571429,0.423856,0,0,0.978962,0.547379,0.702154,0.334332,0.224595,0.268691,0.983567,0.00579214,0.154536,1.11596,0.730318,0.214518,9915.6,0.8,1.63514,2.2868,23.9374,,,,,
u2net-v2,93,152,0.369936,0.989225,0.371432,0.714845,0.204115,0.24695,9,7,0.222222,0.792165,0.25,0.198041,0,1,0.93374,0.350599,0.509785,0.298021,0.196932,0.237153,0.981023,0.00210662,0.156488,0.864941,0.682852,0.384636,8797.75,1,0.977142,4.88788,28.1794,,,,,
u2net-v2,93,160,0.665842,0.987751,0.671385,0.890876,0.1046,0.29804,9,4,0.333333,0.72861,0.615385,0.448375,2,0,0.883373,0.600438,0.71493,0.311752,0.206065,0.248123,0.875553,0.114196,3.12313,16.2786,0.935829,0.248964,16205.5,1,1.63671,1.36587,23.3291,8.08992,6.46083,3.25,0.47916,134.99
u2net-v2,93,168,0.445751,0.986453,0.448496,0.772598,0.185677,0.290534,9,4,0.222222,0.64531,0.461538,0.297836,1,0,0.747334,0.339779,0.467161,0.286693,0.184425,0.22446,0.719097,0.270256,13.3021,31.8284,0.93227,0.496229,11626,1,1.62376,0.0440344,24.2639,,,,,
u2net-v2,93,176,0.378204,0.986409,0.380185,0.721073,0.208978,0.236186,9,6,0.333333,0.731057,0.4,0.292423,0,1,0.969206,0.373554,0.539264,0.311163,0.198014,0.242017,0.97385,0.0126695,0.231748,1.46976,0.680749,0.374708,7810.4,0.8,1.0058,4.17662,24.8063,,,,,
u2net-v2,93,184,0.408855,0.967504,0.414547,0.739785,0.20515,0.303715,9,5,0.222222,0.643821,0.428571,0.275923,1,1,0.69846,0.29927,0.419007,0.273266,0.183009,0.21921,0.757565,0.227078,11.0152,27.529,0.732325,0.516058,9010.4,0.8,0.956238,4.30177,24.7359,,,,,
u2net-v2,93,192,0.385528,0.992661,0.38663,0.728974,0.210531,0.301366,9,4,0.333333,0.813614,0.461538,0.375514,0,0,0.880963,0.343125,0.493887,0.416695,0.229788,0.296223,0.832849,0.161994,8.45186,17.6685,0.926614,0.378409,10219.5,1,1.10648,1.32904,24.5609,5.74651,4.99951,1.75,0.576224,149.421
u2net-v2,93,200,0.108748,0.979395,0.108998,0.344518,0.309414,0.105217,9,3,0.111111,0.678955,0.166667,0.113159,0,1,0.932697,0.103801,0.186811,0.201131,0.0604406,0.0929496,0.977888,0.00550362,0.159775,1.33342,0.582592,0.647476,5651,1,0.994031,2.27086,25.1343,,,,,
u2net-v2,93,208,0.578315,0.970912,0.588512,0.844309,0.149896,0.264374,9,7,0.222222,0.670201,0.375,0.251325,1,1,0.748862,0.453918,0.565227,0.220483,0.184826,0.201086,0.881382,0.105924,4.06056,16.5895,0.823956,0.23764,14042.8,1,0.715761,4.11409,25.3074,,,,,
u2net-v2,93,216,0.155395,0.984518,0.155776,0.44194,0.2914,0.114852,9,5,0.111111,0.872106,0.142857,0.124587,0,2,0.913264,0.144502,0.249522,0.185224,0.0736395,0.105382,0.986571,0.00379169,0.0944837,0.482603,0.548247,0.289845,5179,0.666667,0.528649,3.0431,24.9442,,,,,
u2net-v2,93,224,0.392724,0.946481,0.401644,0.72083,0.209105,0.146199,9,2,0.222222,0.787934,0.363636,0.286521,0,0,0.944909,0.400977,0.563029,0.239801,0.0973081,0.138439,0.965189,0.023959,0.739576,2.222,0.970238,0.441981,21945.5,1,0.908448,3.01305,27.2688,5.70842,5.22384,2.5,0.556508,100.027
u2net-v2,93,232,0.181203,0.98145,0.181825,0.487104,0.275505,0.138581,8,4,0.125,0.88307,0.166667,0.147178,0,1,0.914431,0.169409,0.285859,0.203625,0.0750731,0.109701,0.987798,0.00372913,0.0829935,0.416966,0.566062,0.59429,5913.33,0.666667,0.428399,2.54757,24.9873,,,,,
u2net-v2,93,240,0.535972,0.968757,0.545399,0.821585,0.161751,0.218288,8,3,0.25,0.696155,0.545455,0.379721,1,0,0.821403,0.46244,0.591739,0.232536,0.168513,0.195414,0.907064,0.0644613,2.72176,18.0783,0.89973,0.170548,19748.3,1,0.463154,3.09785,26.0548,,,,,
u2net-v2,93,248,0.604293,0.9834,0.610521,0.861918,0.130573,0.222799,8,5,0.5,0.766612,0.615385,0.471761,0,0,0.982357,0.609873,0.752546,0.247611,0.20159,0.222243,0.988487,0.00375628,0.0916726,0.181644,0.824874,0.291238,12458,0.8,0.404356,1.6826,27.0304,,,,,
u2net-v2,94,0,0.477208,0.938009,0.492748,0.776157,0.138356,0.33685,9,3,0.111111,0.55729,0.5,0.278645,2,0,0.663113,0.348341,0.456747,0.282967,0.195937,0.231544,0.716349,0.262564,10.5288,44.5548,0.900106,0.249187,13787,1,1.35164,5.76536,26.0666,8.80025,6.56457,3.33333,0.544799,102.979
u2net-v2,94,8,0.157386,0.980382,0.157883,0.445183,0.262148,0.212309,9,2,0.111111,0.81024,0.181818,0.147316,0,0,0.721436,0.116182,0.200134,0.327189,0.124523,0.180392,0.764914,0.227423,8.43756,28.7067,0.954582,0.376413,7671.5,1,0.998948,1.66505,24.4755,,,,,
u2net-v2,94,16,0.161229,0.961262,0.162284,0.449996,0.258018,0.2894,9,4,0.222222,0.695136,0.307692,0.213888,0,0,0.908896,0.153443,0.26256,0.445709,0.174606,0.250916,0.937009,0.0420066,0.833005,4.4893,0.578232,0.768767,3962.5,0.5,1.17864,0.890248,34.0549,,,,,
u2net-v2,94,24,0.456175,0.963818,0.464123,0.772008,0.169635,0.3902,9,4,0,0.538943,0.153846,0.0829143,2,0,0.585748,0.282065,0.380771,0.22074,0.172318,0.193546,0.77795,0.216514,11.3433,40.5709,0.483966,0.535637,11338.5,0.5,1.20471,1.01622,27.1349,,,,,
u2net-v2,94,32,0.388196,0.967166,0.39338,0.723601,0.19041,0.346984,9,5,0.111111,0.681005,0.285714,0.194573,1,0,0.77157,0.313824,0.446174,0.311347,0.197949,0.242023,0.863631,0.123077,4.83228,22.7951,0.527786,0.295579,7675,0.4,1.38326,3.00674,24.6037,26.3855,4.20666,2.6,0.492203,126.005
u2net-v2,94,40,0.638425,0.918168,0.676943,0.848401,0.119583,0.344128,9,5,0,0.537706,0.285714,0.15363,2,1,0.589143,0.434361,0.500048,0.199003,0.220309,0.209115,0.677067,0.310607,14.8999,51.451,0.750302,0.532561,16859.5,1,1.20069,0.0572852,25.0827,,,,,
u2net-v2,94,48,0.709801,0.969279,0.726136,0.899754,0.0944792,0.402011,9,3,0,0.570761,0.166667,0.0951268,3,0,0.61689,0.462144,0.52842,0.27079,0.229315,0.248333,0.610565,0.375578,18.1589,66.4996,0.889323,0.418048,24413.3,1,1.22143,0.606401,24.0255,,,,,
u2net-v2,94,56,0.675292,0.903621,0.727706,0.855875,0.109551,0.398254,9,8,0,0.541259,0.235294,0.127355,2,1,0.533975,0.430021,0.476393,0.193448,0.244545,0.216016,0.79537,0.182141,9.493,30.7036,0.666163,0.565279,12367.2,0.5,1.63289,0.988196,24.0718,,,,,
u2net-v2,94,64,0.672692,0.915231,0.717389,0.860469,0.110983,0.398095,9,8,0.444444,0.746824,0.470588,0.351446,2,1,0.738,0.578469,0.648569,0.276235,0.320548,0.296747,0.860591,0.1155,4.54506,22.3136,0.898099,0.197755,12311.2,0.666667,1.66239,2.41686,23.4657,5.38165,4.3722,3,0.615986,145.743
u2net-v2,94,72,0.694127,0.835885,0.803651,0.828219,0.115303,0.350495,9,5,0.222222,0.627115,0.428571,0.268764,3,0,0.5876,0.564941,0.576048,0.213471,0.242554,0.227085,0.598196,0.392555,29.5923,83.2998,0.84319,0.971157,19232.8,0.8,1.36483,0.584323,24.7126,,,,,
u2net-v2,94,80,0.70585,0.844266,0.81151,0.836474,0.110348,0.366844,9,2,0,0.581751,0.181818,0.105773,2,0,0.455288,0.437624,0.446281,0.138408,0.154724,0.146112,0.539182,0.454127,33.2142,118.055,0.889841,0.288258,48175,1,1.45616,0.122561,26.771,,,,,
u2net-v2,94,88,0.704119,0.922058,0.74868,0.875282,0.100492,0.37418,9,5,0.111111,0.668274,0.142857,0.0954677,3,0,0.652099,0.529483,0.584429,0.205364,0.234967,0.21917,0.723341,0.267337,10.7146,45.0716,0.93672,0.226794,19502,0.75,1.47424,3.22507,23.4468,,,,,
u2net-v2,94,96,0.677427,0.861633,0.760117,0.835871,0.114014,0.362265,9,5,0.222222,0.597012,0.428571,0.255862,3,0,0.609334,0.537543,0.571192,0.206364,0.243872,0.223555,0.729161,0.257567,10.6023,46.3189,0.921537,0.447609,19671,0.75,1.44883,2.44751,23.4304,5.98511,5.59541,3.5,0.540344,137.448
u2net-v2,94,104,0.774585,0.97381,0.791065,0.924523,0.0747786,0.39026,9,2,0,0.55822,0.181818,0.101495,2,0,0.533882,0.433694,0.478601,0.167804,0.151256,0.159101,0.588295,0.400635,24.1156,78.0086,0.884652,0.0932778,40530.5,1,1.59075,2.54241,25.6331,,,,,
u2net-v2,94,112,0.741566,0.974336,0.756339,0.913571,0.0806673,0.431789,9,4,0.222222,0.67232,0.461538,0.310302,1,0,0.603609,0.468559,0.527578,0.260235,0.262017,0.261123,0.818148,0.161825,10.2331,26.1777,0.902132,0.0595494,18245.2,0.75,1.64459,0.784741,24.6005,,,,,
u2net-v2,94,120,0.52716,0.958474,0.539482,0.812798,0.146579,0.323656,9,4,0.333333,0.701943,0.615385,0.431965,2,0,0.819959,0.461518,0.590609,0.282598,0.220591,0.247774,0.873047,0.106236,3.30932,22.7762,0.933317,0.235571,13094.2,1,1.59063,6.01049,23.6551,,,,,
u2net-v2,94,128,0.673546,0.972736,0.686506,0.887358,0.0948503,0.373462,9,4,0.111111,0.56809,0.307692,0.174797,1,1,0.538906,0.380331,0.445941,0.205133,0.19745,0.201218,0.741138,0.244195,16.0364,36.5372,0.86715,0.269934,20378.7,1,1.62752,1.37856,25.3063,7.39728,4.71391,4,0.475623,100.939
u2net-v2,94,136,0.371614,0.982932,0.374027,0.714503,0.18861,0.230309,9,2,0,0.590712,0.181818,0.107402,2,0,0.558405,0.212485,0.307833,0.198864,0.0889367,0.122907,0.639156,0.352404,16.2809,60.7849,0.826383,0.342723,17430,1,2.03501,2.03909,25.7663,,,,,
u2net-v2,94,144,0.730934,0.96785,0.749122,0.906753,0.0754297,0.42108,9,3,0.111111,0.631243,0.333333,0.210414,3,0,0.622088,0.4815,0.54284,0.274329,0.23522,0.253273,0.644843,0.342508,18.8366,71.0231,0.914916,0.216566,21679.7,1,1.39617,3.10502,25.7659,,,,,
u2net-v2,94,152,0.689934,0.963005,0.708718,0.889366,0.0831315,0.408902,9,4,0.111111,0.596923,0.461538,0.275503,3,0,0.643269,0.47341,0.545421,0.285567,0.246413,0.264549,0.716553,0.272148,13.0363,50.6686,0.889008,0.236689,14752,0.75,0.998646,5.71356,24.399,,,,,
u2net-v2,94,160,0.681452,0.975332,0.693403,0.891669,0.088623,0.40577,9,4,0,0.580655,0.153846,0.0893316,2,1,0.612603,0.435524,0.509105,0.258425,0.207692,0.230298,0.70621,0.282966,14.7585,51.8077,0.813981,0.47519,19720.7,1,1.50947,2.26332,25.91,9.03192,4.8743,3,0.417325,97.7626
u2net-v2,94,168,0.271012,0.993071,0.271526,0.615576,0.204551,0.223212,9,3,0.222222,0.827308,0.333333,0.275769,0,0,0.759735,0.207727,0.32625,0.39802,0.138596,0.2056,0.803033,0.194156,11.0767,30.3734,0.869495,0.39124,7841.33,1,1.50193,1.54664,26.7019,,,,,
u2net-v2,94,176,0.0835264,0.982259,0.0836526,0.282344,0.247197,0.109779,9,3,0.111111,0.901762,0.166667,0.150294,0,1,0.866307,0.0737777,0.135975,0.459534,0.0587398,0.104165,0.963485,0.00540133,0.279004,2.09563,0.54878,0.402344,3119.5,0.5,1.11694,5.1846,27.3319,,,,,
u2net-v2,94,184,0.0569176,0.98684,0.0569608,0.207003,0.270977,0.0925621,9,1,0.111111,0.903435,0.2,0.180687,0,0,0.98684,0.0569608,0.107705,0.788235,0.0447788,0.0847433,0.98684,0.00432135,0.176147,1.43663,0.980745,0.00185336,5091,1,0.853258,5.44822,34.6215,,,,,
u2net-v2,94,192,0.127468,0.991589,0.127606,0.386965,0.244303,0.121757,9,1,0,,0,0,1,0,0.551868,0.0710187,0.125843,0.238149,0.0360586,0.0626336,0.551868,0.44153,13.0231,46.594,0.98766,0.380824,11057,1,1.38385,1.9638,42.1343,4.67859,4.17142,2,0.687384,65.945
u2net-v2,94,200,0.117579,0.996366,0.11763,0.365783,0.254561,0.110528,9,2,0.111111,0.913846,0.181818,0.166154,0,0,0.993498,0.117291,0.209812,0.441315,0.0687612,0.118984,0.993805,0.00443806,0.119657,0.492976,0.831246,0.120428,5229,1,1.21651,2.04479,27.1218,,,,,
u2net-v2,94,208,0.160211,0.966238,0.161113,0.448741,0.26028,0.214988,9,2,0.222222,0.844674,0.363636,0.307154,0,0,0.966238,0.161113,0.276175,0.626227,0.123012,0.205632,0.968655,0.0188065,0.341642,2.42058,0.959993,0.0170328,7893.5,1,0.769963,5.41477,32.1333,,,,,
u2net-v2,94,216,0.0493029,0.989689,0.0493282,0.183302,0.295205,0.0899741,9,1,0.111111,0.903207,0.2,0.180641,0,0,0.989689,0.0493282,0.0939726,0.753994,0.0418131,0.0792323,0.989689,0.00105219,0.129278,1.06001,0.992925,0.0264823,4752,1,0.953894,4.27543,33.7684,,,,,
u2net-v2,94,224,0.134208,0.990426,0.134382,0.400974,0.25416,0.141327,9,2,0,0.518891,0.181818,0.0943439,1,0,0.62545,0.0848619,0.149447,0.271457,0.049543,0.0837931,0.77618,0.216115,7.22031,24.6946,0.61772,0.418702,6110,0.5,0.943988,2.95331,43.3705,19.9518,3.29621,2.5,0.520946,82.6501
u2net-v2,94,232,0.103818,0.992548,0.103899,0.333768,0.280716,0.109955,9,2,0.111111,0.908668,0.181818,0.165212,0,0,0.992548,0.103899,0.188107,0.454907,0.0601714,0.106284,0.992664,0.00547001,0.130502,0.653048,0.800907,0.132242,5032.5,1,0.783602,3.56422,32.2413,,,,,
u2net-v2,94,240,0.0410089,0.971273,0.0410587,0.155947,0.326872,0.0683665,9,1,0.111111,0.800224,0.2,0.160045,0,0,0.971273,0.0410587,0.0787868,0.42515,0.0353798,0.0653236,0.971273,0.00769057,0.232698,1.94297,0.976822,0.676496,4421,1,0.990822,6.19606,31.2025,,,,,
u2net-v2,94,248,0.0434466,0.993759,0.0434585,0.164361,0.308105,0.0740977,9,1,0.111111,0.883477,0.2,0.176695,0,0,0.993759,0.0434585,0.0832752,0.713376,0.0366338,0.0696889,0.993759,0.00462321,0.147795,1.23808,0.977515,0.00274521,4326,1,0.643773,3.67492,46.1373,,,,,
u2net-v2,95,0,0.808963,0.954417,0.841474,0.925743,0.0525521,0.501836,9,4,0.222222,0.707681,0.307692,0.217748,3,0,0.487212,0.429556,0.456571,0.295908,0.284856,0.290277,0.655599,0.326362,17.9517,62.8177,0.944634,0.467483,17907,0.75,1.45284,6.29424,38.7835,3.72495,3.87601,3.25,0.48499,132.553
u2net-v2,95,8,0.642035,0.969142,0.655434,0.872746,0.0866992,0.354353,9,6,0.111111,0.627546,0.4,0.251019,2,2,0.709379,0.479755,0.572397,0.30881,0.206825,0.247732,0.819302,0.156826,5.23657,23.9144,0.817206,0.47402,12063,1,1.36543,0.2778,25.8413,,,,,
u2net-v2,95,16,0.722907,0.971783,0.738407,0.905723,0.0681087,0.342122,9,5,0.111111,0.636322,0.285714,0.181806,2,1,0.580406,0.441021,0.501203,0.221552,0.204344,0.2126,0.71734,0.273287,14.0394,46.6122,0.727617,0.466116,11234.2,0.6,1.37586,2.22156,24.8671,,,,,
u2net-v2,95,24,0.568372,0.978893,0.575424,0.84256,0.108688,0.339464,9,4,0.111111,0.625029,0.307692,0.192317,2,1,0.685361,0.402877,0.507455,0.317744,0.176657,0.22707,0.775634,0.214935,7.78681,32.1778,0.802207,0.381763,14826.7,1,1.29504,1.02845,24.2564,,,,,
u2net-v2,95,32,0.666417,0.973896,0.678538,0.884997,0.0884505,0.38736,9,4,0.111111,0.607478,0.461538,0.280375,2,0,0.699307,0.487225,0.574312,0.372537,0.2384,0.290743,0.811978,0.175104,6.03645,26.6741,0.823231,0.409592,13934.5,1,1.41777,3.52121,27.9666,10.3804,3.20794,2.5,0.54543,110.365
u2net-v2,95,40,0.723461,0.943544,0.756195,0.892515,0.0760905,0.400593,9,5,0.111111,0.608686,0.142857,0.0869552,2,0,0.445356,0.356927,0.396269,0.210246,0.212929,0.211579,0.684865,0.304747,16.6103,51.7544,0.823655,0.547767,15732.8,0.75,1.2838,0.510382,24.6833,,,,,
u2net-v2,95,48,0.759262,0.887529,0.840092,0.876113,0.0713477,0.425215,9,4,0.111111,0.644971,0.153846,0.0992263,3,0,0.500212,0.473476,0.486477,0.21845,0.201762,0.209775,0.588965,0.372385,22.5331,97.4765,0.950307,0.484257,23991,1,1.4229,0.662809,24.0912,,,,,
u2net-v2,95,56,0.715816,0.848916,0.820321,0.842142,0.0898242,0.422249,9,8,0.333333,0.700652,0.352941,0.247289,2,1,0.446559,0.431517,0.438909,0.225277,0.251662,0.237739,0.771795,0.204364,11.1591,37.1805,0.814719,0.371249,12197.3,0.5,1.80592,1.39063,24.0153,,,,,
u2net-v2,95,64,0.727607,0.85128,0.833565,0.847125,0.0870345,0.438522,9,7,0.333333,0.675977,0.5,0.337988,2,0,0.499392,0.489,0.494141,0.273412,0.29798,0.285168,0.799743,0.169012,8.83054,33.5221,0.898482,0.15335,12551.2,0.666667,1.82671,2.70858,24.1813,4.46361,3.8029,2.83333,0.546198,194.622
u2net-v2,95,72,0.753333,0.871233,0.84772,0.865691,0.0761328,0.407529,9,4,0.111111,0.62044,0.153846,0.0954523,3,0,0.491456,0.478192,0.484733,0.218471,0.214606,0.216521,0.585001,0.384009,21.8614,94.9525,0.961852,0.331865,24880.3,1,1.49767,0.523285,24.7401,,,,,
u2net-v2,95,80,0.825266,0.964579,0.851057,0.935774,0.0506576,0.45529,9,2,0,,0,0,2,0,0.425799,0.375686,0.399176,0.215287,0.167586,0.188465,0.413789,0.569701,36.0395,112.483,0.965012,0.354821,38099,1,1.52398,0.323099,24.7638,,,,,
u2net-v2,95,88,0.72862,0.846296,0.839745,0.844775,0.0883919,0.397701,9,6,0.333333,0.651147,0.533333,0.347279,2,0,0.49841,0.494552,0.496473,0.27337,0.298848,0.285542,0.764953,0.20134,10.4462,40.0832,0.918924,0.259879,15471.2,0.8,1.66306,3.4915,24.5591,,,,,
u2net-v2,95,96,0.736319,0.969877,0.753552,0.909617,0.0779557,0.385937,9,4,0.111111,0.660691,0.307692,0.20329,2,0,0.53918,0.418919,0.471502,0.286347,0.218624,0.247944,0.754644,0.214264,11.0629,48.9138,0.855481,0.377337,17237.8,0.75,1.5838,2.50695,25.0988,5.55035,3.99525,3.5,0.423814,119.194
u2net-v2,95,104,0.766169,0.970734,0.784284,0.920248,0.0663672,0.368132,9,3,0,0.524644,0.166667,0.0874407,2,0,0.479315,0.387252,0.428393,0.181221,0.133792,0.153936,0.634865,0.348087,16.1565,57.2912,0.938987,0.0932371,22939,0.666667,1.71636,1.95383,24.648,,,,,
u2net-v2,95,112,0.854228,0.972713,0.8752,0.94833,0.043763,0.479879,9,3,0.111111,0.659949,0.166667,0.109991,2,0,0.447822,0.402928,0.424191,0.252043,0.207534,0.227633,0.603358,0.380076,23.2547,72.1054,0.953896,0.29495,26997.3,0.666667,1.85385,0.425678,23.3657,,,,,
u2net-v2,95,120,0.758342,0.955757,0.785931,0.910362,0.0724707,0.396975,9,5,0.222222,0.603328,0.428571,0.258569,2,0,0.539557,0.443684,0.486947,0.264032,0.256958,0.260447,0.802,0.165244,8.99839,36.0604,0.806233,0.315461,14619.4,0.8,1.71789,6.01313,23.6499,,,,,
u2net-v2,95,128,0.839732,0.971534,0.860914,0.943556,0.0491504,0.488743,9,3,0.111111,0.675635,0.166667,0.112606,2,0,0.455888,0.403981,0.428368,0.27138,0.211468,0.237707,0.604279,0.381741,22.8211,71.324,0.945505,0.146655,27143.3,0.666667,1.83161,1.73705,23.547,3.95502,4.0334,3.66667,0.509111,97.3751
u2net-v2,95,136,0.816421,0.958343,0.84646,0.929976,0.0540202,0.41321,9,1,0,,0,0,1,0,0.394416,0.34837,0.369966,0.139404,0.100554,0.116834,0.394416,0.593014,47.7781,174.311,0.990925,0.694394,77010,1,2.38907,4.2239,24.5279,,,,,
u2net-v2,95,144,0.826057,0.971504,0.846568,0.939508,0.0541699,0.494277,9,3,0.111111,0.746111,0.166667,0.124352,3,0,0.506958,0.441763,0.47212,0.321913,0.258533,0.286763,0.572741,0.404491,21.8809,82.2804,0.974346,0.461942,27115.3,1,1.69009,3.07691,24.2781,,,,,
u2net-v2,95,152,0.794576,0.95994,0.821827,0.924101,0.0650163,0.461312,9,5,0.222222,0.653754,0.428571,0.28018,2,0,0.550529,0.47132,0.507855,0.28063,0.259848,0.26984,0.804515,0.160665,8.48834,34.4547,0.813364,0.442821,16095.8,0.8,1.11458,6.01741,22.9268,,,,,
u2net-v2,95,160,0.816899,0.964965,0.841868,0.933467,0.058138,0.426604,9,1,0,,0,0,1,0,0.383881,0.334911,0.357728,0.132427,0.108057,0.119007,0.383881,0.600969,49.3923,174.668,0.982379,1.05356,82575,1,1.69338,2.24269,24.8167,8.76139,7.81821,6,0.401916,95.7138
u2net-v2,95,168,0.0429796,0.991542,0.0429953,0.162784,0.297399,0.0882994,9,1,0.111111,0.834622,0.2,0.166924,0,0,0.991542,0.0429953,0.0824169,0.643533,0.0337979,0.0642229,0.991542,0.0057999,0.152715,1.03439,1,0.0943463,4138,1,1.94043,0.520386,25.5358,,,,,
u2net-v2,95,176,0.709355,0.961538,0.73007,0.895984,0.0942969,0.437453,9,4,0.111111,0.724133,0.153846,0.111405,3,0,0.470773,0.357445,0.406356,0.254988,0.221871,0.23728,0.68118,0.301712,16.3168,57.6775,0.849168,0.60923,18382,0.75,1.09683,4.54107,38.0764,,,,,
u2net-v2,95,184,0.5,0.983412,0.504253,0.806548,0.151488,0.304662,9,3,0.111111,0.718245,0.333333,0.239415,1,0,0.613668,0.314664,0.416013,0.304715,0.179467,0.225892,0.844909,0.147349,5.08992,19.6591,0.821034,0.113,15774,0.666667,0.908934,4.6519,24.1328,,,,,
u2net-v2,95,192,0.458516,0.965672,0.466114,0.774193,0.17151,0.257317,9,1,0,,0,0,1,0,0.444579,0.214591,0.289463,0.174597,0.0872762,0.116378,0.444579,0.536136,36.4361,140.166,0.992805,0.225114,46201,1,1.23402,1.48677,24.7204,10.5589,8.64198,4,0.512485,53.2397
u2net-v2,95,200,0.569818,0.977341,0.577446,0.842671,0.128786,0.285089,9,1,0,,0,0,1,0,0.428515,0.253182,0.318301,0.158809,0.0773943,0.104071,0.428515,0.551305,33.6331,136.709,0.992776,0.218625,53620,1,1.03161,2.48406,25.6812,,,,,
u2net-v2,95,208,0.0623528,0.959689,0.0625166,0.222575,0.265706,0.121006,9,2,0.111111,0.914894,0.181818,0.166344,0,0,0.955622,0.0622517,0.116889,0.59725,0.0613447,0.111262,0.85921,0.129834,1.74689,7.91534,0.529755,0.408231,2828,0.5,0.805223,4.91922,25.7913,,,,,
u2net-v2,95,216,0.526167,0.977258,0.532689,0.819439,0.133779,0.269508,9,2,0,0.534497,0.181818,0.0971813,1,0,0.579382,0.315813,0.408797,0.193785,0.0859847,0.119116,0.765301,0.207959,10.1245,42.0344,0.692929,0.378517,23349,0.5,0.852946,3.15624,39.4663,,,,,
u2net-v2,95,224,0.178627,0.956122,0.180103,0.479421,0.233206,0.169046,9,1,0,,0,0,1,0,0.330224,0.0622038,0.104688,0.14449,0.0339431,0.0549723,0.330224,0.65873,81.2833,193.643,0.991082,1.25747,16295,1,0.945235,0.467515,24.2653,3.9844,4.12189,3,0.655402,66.0822
u2net-v2,95,232,0.377467,0.939205,0.386921,0.70649,0.172096,0.299449,9,5,0,0.590856,0.142857,0.0844079,1,1,0.567168,0.233654,0.330963,0.209918,0.124974,0.156673,0.84991,0.127126,8.1889,32.8687,0.669919,0.576572,8327.25,0.25,0.718934,2.02733,27.7489,,,,,
u2net-v2,95,240,0.47061,0.976603,0.475977,0.785859,0.134655,0.251593,8,3,0.125,0.753772,0.363636,0.274099,1,0,0.706379,0.344275,0.462928,0.264513,0.133155,0.177139,0.880598,0.111449,4.30756,20.6182,0.70217,0.340764,12551.3,0.666667,0.68649,3.89677,29.7969,,,,,
u2net-v2,95,248,0.522874,0.951817,0.53709,0.807861,0.125277,0.358107,8,2,0,0.598007,0.2,0.119601,1,0,0.45193,0.255014,0.326047,0.186485,0.12561,0.150111,0.685949,0.2917,27.1217,97.7225,0.929966,0.347231,22155,0.5,0.550193,2.36679,24.7144,,,,,
u2net-v2,96,0,0.879411,0.954193,0.918174,0.945632,0.042474,0.485915,10,1,0,,0,0,1,0,0.256664,0.246975,0.251726,0.115658,0.087884,0.0998762,0.256664,0.735063,51.5291,137.432,0.996808,0.887951,99722,1,1.62189,6.52183,27.2578,9.34127,11.0307,4,0.453098,126.038
u2net-v2,96,8,0.879097,0.973658,0.900515,0.955744,0.0378939,0.553382,10,1,0,,0,0,1,0,0.200787,0.185703,0.192951,0.111849,0.0895496,0.0994649,0.200787,0.793749,57.7928,136.579,1,0.906158,86933,1,1.44789,0.609724,24.4509,,,,,
u2net-v2,96,16,0.829914,0.948207,0.869321,0.928758,0.046901,0.395963,10,1,0,,0,0,1,0,0.171225,0.15698,0.163794,0.0982646,0.0829592,0.0899656,0.171225,0.814774,84.4132,241.754,0.999908,3.12969,74142,1,1.41694,2.45122,24.0062,,,,,
u2net-v2,96,24,0.84664,0.971227,0.868421,0.9454,0.049222,0.514437,10,1,0,,0,0,1,0,0.220721,0.197358,0.208387,0.113435,0.0931862,0.102319,0.220721,0.772589,56.1148,137.43,0.999772,1.154,85950,1,1.41763,0.776041,27.265,,,,,
u2net-v2,96,32,0.842606,0.955352,0.877147,0.936092,0.0504948,0.469075,10,1,0,,0,0,1,0,0.258352,0.237203,0.247327,0.119434,0.0877903,0.101196,0.258352,0.730477,49.2062,133.847,0.999952,0.569126,86924,1,1.68396,2.75127,28.6402,11.4885,14.6865,3,0.508522,111.741
u2net-v2,96,40,0.804127,0.90525,0.878027,0.898819,0.0639909,0.421468,10,1,0,,0,0,1,0,0.17908,0.173695,0.176346,0.114373,0.0977912,0.105434,0.17908,0.815076,65.731,186.679,0.972404,1.54129,89150,1,1.27426,0.601146,25.413,,,,,
u2net-v2,96,48,0.792463,0.892108,0.876464,0.888449,0.0660417,0.373666,10,2,0,,0,0,1,0,0.190921,0.187573,0.189232,0.115673,0.100735,0.107689,0.131158,0.858417,41.7296,109.821,0.493693,0.847366,43418.5,0.5,1.32486,0.316707,26.8686,,,,,
u2net-v2,96,56,0.817444,0.935067,0.866639,0.918334,0.0599023,0.353828,10,2,0,,0,0,1,0,0.219922,0.203828,0.21157,0.0690008,0.0597971,0.0640701,0.223723,0.766499,51.1302,133.523,0.967282,0.78981,86625,1,1.79293,1.52486,24.4379,,,,,
u2net-v2,96,64,0.833184,0.953141,0.86877,0.932248,0.0539421,0.425586,10,2,0,,0,0,1,0,0.251247,0.229007,0.239612,0.081422,0.0634977,0.0713514,0.614771,0.377609,23.3576,61.6109,0.600401,0.624926,43417.5,0.5,1.82872,2.6523,24.7745,20.6372,8.29023,4,0.42608,122.903
u2net-v2,96,72,0.435183,0.960021,0.443215,0.756467,0.174196,0.394819,10,1,0,,0,0,1,0,0.257218,0.11875,0.162486,0.28525,0.110991,0.159802,0.257218,0.723107,31.7711,89.9754,0.9975,0.92297,42948,1,1.48898,0.464988,25.0891,,,,,
u2net-v2,96,80,0.40623,0.962606,0.412744,0.736256,0.193275,0.403898,10,1,0,,0,0,1,0,0.26003,0.111495,0.15607,0.222645,0.0959297,0.134086,0.26003,0.737055,57.8631,131.575,0.993987,1.40355,42199,1,1.65913,0.546002,26.9389,,,,,
u2net-v2,96,88,0.386842,0.93812,0.396972,0.713626,0.200482,0.301075,10,1,0,,0,0,1,0,0.257635,0.10902,0.153209,0.11324,0.0459364,0.0653595,0.257635,0.717231,33.0547,91.8512,0.976948,0.971095,41419,1,1.77153,3.95163,25.6965,,,,,
u2net-v2,96,96,0.364874,0.952386,0.371654,0.69998,0.224066,0.352141,10,1,0,,0,0,1,0,0.256424,0.100066,0.143955,0.160461,0.0651717,0.092695,0.256424,0.725272,33.3071,91.2082,0.995603,0.732472,41521,1,1.84314,2.90555,25.6489,4.75538,6.86214,3,0.548326,73.0665
u2net-v2,96,104,0.480176,0.957863,0.490537,0.78523,0.169987,0.462004,10,2,0.1,0.756031,0.166667,0.126005,1,0,0.423638,0.216952,0.286952,0.323344,0.177749,0.229395,0.610099,0.384839,26.3504,70.5252,0.949633,1.08985,25179.5,1,1.69846,1.59983,26.0831,,,,,
u2net-v2,96,112,0.540872,0.966407,0.551235,0.82331,0.166143,0.422226,9,4,0.111111,0.639528,0.153846,0.0983889,1,1,0.432509,0.246702,0.31419,0.223906,0.166939,0.191271,0.545395,0.422001,19.7993,54.454,0.593451,0.66837,15554,0.5,1.80204,0.9869,28.5509,,,,,
u2net-v2,96,120,0.845405,0.950311,0.884503,0.93427,0.0578223,0.397719,10,1,0,,0,0,1,0,0.234728,0.218474,0.22631,0.0643915,0.0507554,0.056766,0.234728,0.751957,49.5561,121.686,0.934051,0.739156,102216,1,1.81391,6.0188,30.7155,,,,,
u2net-v2,96,128,0.820351,0.966469,0.844384,0.935263,0.0664062,0.470554,9,1,0,,0,0,1,0,0.219407,0.191692,0.204615,0.102906,0.0861577,0.0937902,0.219407,0.772677,51.5853,133.788,0.765259,0.81879,96387,1,1.71855,2.06754,26.8423,9.40892,9.21185,5,0.388678,119.904
u2net-v2,96,136,0.593171,0.974294,0.602602,0.852892,0.137845,0.468041,9,2,0,,0,0,1,0,0.221726,0.137138,0.169463,0.124893,0.077365,0.0955446,0.506373,0.403604,63.4916,120.237,0.741613,1.43242,31685.5,0.5,2.15768,1.96511,26.0867,,,,,
u2net-v2,96,144,0.804453,0.954782,0.836315,0.924559,0.0736816,0.470576,10,1,0,,0,0,1,0,0.242394,0.212319,0.226362,0.115202,0.0949345,0.104091,0.242394,0.747742,49.3693,133.271,0.792053,0.767128,97527,1,1.43899,3.36347,24.5571,,,,,
u2net-v2,96,152,0.795886,0.967071,0.818056,0.928059,0.0728418,0.526016,9,1,0,,0,0,1,0,0.285412,0.241433,0.261587,0.138752,0.110311,0.122907,0.285412,0.704114,47.4327,132.37,0.943915,0.779924,90224,1,1.14823,6.30484,24.117,,,,,
u2net-v2,96,160,0.538695,0.970817,0.547562,0.823857,0.164232,0.492641,9,2,0,,0,0,1,0,0.207672,0.117132,0.149783,0.152637,0.109084,0.127237,0.485572,0.39887,39.265,81.1551,0.502491,1.22615,30343.5,0.5,1.55196,2.42572,26.1382,18.3467,4.54556,3.5,0.404666,88.8765
u2net-v2,96,168,0.316216,0.957169,0.320754,0.656551,0.224004,0.281696,9,2,0.111111,0.808889,0.181818,0.147071,1,0,0.48645,0.163013,0.244194,0.251701,0.0818868,0.123572,0.691336,0.301283,19.4796,59.5665,0.981214,0.625305,16623.5,1,1.45766,1.26734,26.3993,,,,,
u2net-v2,96,176,0.181334,0.946397,0.183216,0.482544,0.276598,0.202933,9,2,0.111111,0.91845,0.181818,0.166991,1,0,0.720672,0.139517,0.233776,0.440895,0.126585,0.196696,0.782216,0.199645,3.95791,14.3534,0.97442,0.0740674,9943.5,1,1.21787,5.79045,27.0743,,,,,
u2net-v2,96,184,0.18869,0.951888,0.190507,0.495184,0.250885,0.253877,9,2,0.111111,0.908139,0.181818,0.165116,1,0,0.703839,0.140864,0.234746,0.518519,0.14636,0.228284,0.757256,0.223977,4.28681,15.4104,0.909732,0.154203,9415.5,1,0.98065,5.88417,31.4464,,,,,
u2net-v2,96,192,0.145075,0.946097,0.146284,0.418306,0.260599,0.0950398,9,1,0,,0,0,1,0,0.362699,0.0560802,0.0971406,0.277302,0.0531915,0.0892611,0.362699,0.604777,24.0224,70.3542,0.975855,0.160477,14359,1,1.28835,4.13097,30.712,2.88465,4.64762,5,0.758823,71.6517
u2net-v2,96,200,0.195015,0.968829,0.196247,0.507641,0.226357,0.192112,9,1,0,,0,0,1,0,0.36853,0.0746496,0.124151,0.326345,0.0778862,0.125759,0.36853,0.632218,34.5933,91.5763,0.979322,0.0666609,17388,1,0.951088,3.05339,28.69,,,,,
u2net-v2,96,208,0.278312,0.948582,0.282575,0.614405,0.212874,0.337579,8,1,0,,0,0,1,0,0.330437,0.0984347,0.151684,0.307788,0.11171,0.163925,0.330437,0.637742,19.9244,54.6051,0.988788,0.303545,26586,1,0.860314,5.61578,34.0154,,,,,
u2net-v2,96,216,0.272449,0.953343,0.27613,0.60879,0.198577,0.301981,8,1,0,,0,0,1,0,0.313371,0.0907662,0.140762,0.339545,0.115695,0.172584,0.313371,0.684167,38.2743,93.3248,0.989487,0.452374,23962,1,0.51908,3.43198,28.6079,,,,,
u2net-v2,96,224,0.187467,0.961632,0.18888,0.494634,0.217122,0.0999618,8,1,0,,0,0,1,0,0.42892,0.0842467,0.140832,0.19865,0.0524902,0.0830387,0.42892,0.571705,28.7116,81.605,0.992329,0.0777227,16003,1,0.553085,2.68089,31.2421,3.01316,5.57768,4,0.45557,73.0773
u2net-v2,96,232,0.140345,0.935614,0.141713,0.408065,0.217018,0.138537,8,2,0,0.570523,0.4,0.228209,0,0,0.746067,0.113003,0.196278,0.29461,0.0764252,0.121366,0.780991,0.191578,4.32455,18.0871,0.894606,0.486909,5816.5,1,0.524437,2.83148,26.8217,,,,,
u2net-v2,96,240,0.268574,0.915854,0.275369,0.595968,0.176576,0.229656,7,1,0,,0,0,1,0,0.413371,0.124288,0.191114,0.275229,0.104594,0.151583,0.413371,0.542073,18.7749,57.9475,0.995964,0.451336,21748,1,0.666718,4.6267,39.4466,,,,,
u2net-v2,96,248,0.104694,0.882548,0.106173,0.328394,0.207083,0.176182,8,2,0,0.579901,0.2,0.11598,0,0,0.657492,0.079098,0.141208,0.363158,0.0829281,0.135023,0.790372,0.190096,4.00728,17.8286,0.64182,0.759889,4214.5,0.5,0.501665,2.51011,27.8507,,,,,
u2net-v2,97,0,0.798416,0.969207,0.819196,0.92991,0.0475456,0.43027,10,6,0.5,0.770715,0.625,0.481697,1,0,0.511476,0.432312,0.468574,0.257298,0.336965,0.291792,0.867186,0.129459,7.45751,20.2006,0.92538,0.118216,9948,0.666667,1.47407,6.24858,33.98,3.33535,3.80069,3.5,0.50611,132.852
u2net-v2,97,8,0.672738,0.960225,0.692022,0.881395,0.0927051,0.417219,10,7,0.4,0.723314,0.588235,0.425479,1,0,0.76655,0.552443,0.642119,0.315135,0.260047,0.284953,0.890774,0.0922242,4.52728,14.5339,0.945423,0.283053,9976,0.833333,1.51863,1.17576,24.1325,,,,,
u2net-v2,97,16,0.543806,0.886519,0.584493,0.792068,0.145853,0.299356,10,9,0.6,0.719567,0.631579,0.454463,0,0,0.855796,0.564237,0.680085,0.343989,0.312919,0.32772,0.936059,0.0500843,1.81559,13.4644,0.844725,0.423553,8286.14,0.571429,1.48315,2.28889,24.2615,,,,,
u2net-v2,97,24,0.386117,0.956196,0.39307,0.718616,0.177822,0.329722,10,9,0.5,0.753305,0.526316,0.396477,0,1,0.897086,0.368771,0.52268,0.352165,0.251785,0.293633,0.949992,0.0239969,1.61846,14.1821,0.749322,0.31259,4933.29,0.571429,1.51353,0.461947,25.6248,,,,,
u2net-v2,97,32,0.540022,0.979901,0.546071,0.828083,0.130176,0.328837,10,6,0.5,0.716575,0.75,0.537431,0,0,0.847596,0.472341,0.606626,0.344758,0.299124,0.320324,0.868939,0.0908255,3.44797,20.7108,0.947934,0.148954,7985.33,0.833333,1.70501,2.68857,25.8702,5.57843,5.49648,2.16667,0.487942,134.497
u2net-v2,97,40,0.638229,0.952161,0.659373,0.863661,0.112819,0.328243,10,8,0.4,0.750986,0.555556,0.417215,0,0,0.803878,0.556687,0.657827,0.305288,0.289496,0.297182,0.770855,0.187036,5.88102,26.8088,0.836829,0.287134,9071,0.714286,1.43821,0.213181,24.3703,,,,,
u2net-v2,97,48,0.635765,0.820466,0.738505,0.799978,0.123792,0.301253,10,4,0.3,0.810739,0.428571,0.34746,1,0,0.449867,0.404926,0.426215,0.177889,0.17673,0.177308,0.816156,0.178173,19.6911,58.2492,0.955837,0.591135,20226,0.75,1.30624,0.268302,24.0347,,,,,
u2net-v2,97,56,0.632879,0.937819,0.660599,0.855017,0.111354,0.285512,10,6,0.4,0.769092,0.5,0.384546,1,0,0.769215,0.541834,0.635807,0.281023,0.261379,0.270845,0.823321,0.149702,4.53765,23.838,0.944257,0.185683,10480.2,0.833333,1.72263,1.49015,24.7833,,,,,
u2net-v2,97,64,0.615689,0.90082,0.660459,0.831027,0.110693,0.291058,10,6,0.3,0.75356,0.5,0.37678,1,0,0.609432,0.446821,0.515609,0.225952,0.225244,0.225598,0.817932,0.163681,8.92494,30.5973,0.840439,0.24443,10079.3,0.666667,1.67812,3.07404,25.1113,17.0613,6.68887,2.33333,0.504334,145.698
u2net-v2,97,72,0.366252,0.971628,0.370211,0.706695,0.181322,0.29597,10,3,0.2,0.800561,0.307692,0.246326,1,0,0.716399,0.272964,0.395307,0.343736,0.151955,0.210746,0.829614,0.158763,15.2398,45.0543,0.961616,0.619467,11043.7,0.666667,1.41142,0.267928,24.4968,,,,,
u2net-v2,97,80,0.718478,0.947416,0.74832,0.892611,0.0809375,0.272392,10,5,0.4,0.755469,0.533333,0.402917,1,0,0.552196,0.436154,0.487363,0.192265,0.169363,0.180089,0.820528,0.170463,10.7878,44.3551,0.959853,0.163083,13395.6,0.6,1.56246,0.055453,25.2287,,,,,
u2net-v2,97,88,0.582253,0.792292,0.687141,0.765268,0.121621,0.250999,10,6,0.3,0.772802,0.375,0.289801,1,0,0.503598,0.436762,0.467805,0.174515,0.210974,0.19102,0.773199,0.207615,11.8302,30.3769,0.863343,0.178277,10954.5,0.5,1.50671,3.68292,26.674,,,,,
u2net-v2,97,96,0.717841,0.975073,0.73126,0.905409,0.0715234,0.320859,10,5,0.4,0.754129,0.533333,0.402202,1,0,0.526305,0.394704,0.451103,0.213641,0.209707,0.211656,0.835801,0.150264,13.277,30.8697,0.950204,0.26979,11465.6,0.6,1.57072,2.43941,26.7166,4.89867,4.35292,3.2,0.436423,126.086
u2net-v2,97,104,0.555227,0.979084,0.561891,0.835866,0.122311,0.32731,10,4,0.3,0.800815,0.428571,0.343206,1,0,0.617405,0.354325,0.450253,0.294631,0.174293,0.219021,0.847801,0.142327,12.2175,39.7414,0.967685,0.452737,11976.8,0.5,1.66389,2.09337,25.9258,,,,,
u2net-v2,97,112,0.75393,0.976365,0.767945,0.918819,0.0651758,0.384103,10,5,0.4,0.787283,0.533333,0.419884,1,0,0.524542,0.412571,0.461867,0.242357,0.189909,0.212951,0.850774,0.142778,7.61342,21.0566,0.958649,0.118104,12566,0.6,1.86087,0.49986,24.194,,,,,
u2net-v2,97,120,0.6591,0.98222,0.667059,0.885657,0.0762663,0.338378,10,9,0.3,0.758303,0.421053,0.319285,1,1,0.75064,0.509785,0.6072,0.277665,0.290679,0.284023,0.904369,0.0858918,4.98979,15.513,0.779352,0.198856,5715,0.375,1.74415,5.92708,25.1872,,,,,
u2net-v2,97,128,0.759707,0.959646,0.784778,0.912713,0.0644434,0.380309,10,4,0.3,0.809536,0.428571,0.346944,1,0,0.402778,0.329384,0.362402,0.187198,0.166331,0.176149,0.804445,0.186361,19.7422,43.5751,0.976907,0.407531,16305.5,0.5,1.74469,1.7255,24.5635,3.77532,4.93338,2.75,0.569937,139.14
u2net-v2,97,136,0.553306,0.966963,0.563967,0.830081,0.127839,0.29779,10,3,0.2,0.766447,0.307692,0.23583,1,0,0.514362,0.299994,0.378963,0.264688,0.150489,0.191883,0.788112,0.201532,22.8804,47.0301,0.959993,0.609373,16769,0.666667,2.02278,2.16084,24.1395,,,,,
u2net-v2,97,144,0.757001,0.960213,0.781514,0.912085,0.0670052,0.405642,10,6,0.4,0.770684,0.625,0.481678,2,0,0.609979,0.49646,0.547396,0.257701,0.287946,0.271985,0.835946,0.147591,6.36213,23.7854,0.972253,0.113324,11130.2,0.666667,1.57741,2.95058,26.2319,,,,,
u2net-v2,97,152,0.674809,0.917924,0.718141,0.862549,0.0969824,0.344984,10,8,0.4,0.751251,0.555556,0.417362,1,0,0.585417,0.458003,0.51393,0.225193,0.309427,0.260674,0.790965,0.170405,5.89607,18.0422,0.82398,0.284984,8419,0.625,0.911995,5.6364,23.3895,,,,,
u2net-v2,97,160,0.36974,0.978854,0.372717,0.711743,0.182884,0.280513,10,4,0.4,0.718154,0.571429,0.410374,1,0,0.894895,0.340748,0.493563,0.354637,0.187919,0.245664,0.933994,0.0477095,0.863801,5.02172,0.959808,0.205185,8417.75,0.75,1.34681,2.6257,23.8418,4.32849,4.23643,2,0.478878,130.682
u2net-v2,97,168,0.561341,0.963704,0.573465,0.832907,0.141429,0.283875,10,3,0.2,0.759437,0.307692,0.233673,1,0,0.385721,0.229528,0.287798,0.187758,0.14852,0.16585,0.752715,0.244143,23.1004,51.1999,0.960742,0.202064,19230.7,0.666667,1.38305,0.964496,29.0622,,,,,
u2net-v2,97,176,0.443775,0.962437,0.451597,0.763207,0.164961,0.202679,10,5,0.3,0.788618,0.4,0.315447,1,0,0.572068,0.268427,0.3654,0.154851,0.130324,0.141533,0.863142,0.124818,12.8788,36.7975,0.853326,0.186727,8401.8,0.4,0.889553,4.54393,23.0498,,,,,
u2net-v2,97,184,0.436324,0.958483,0.444729,0.756745,0.172132,0.249437,10,7,0.3,0.723059,0.470588,0.340263,1,0,0.69678,0.323301,0.44167,0.214094,0.201483,0.207597,0.871755,0.112642,4.08009,15.899,0.737374,0.269642,6100.71,0.428571,0.667457,4.43396,23.5727,,,,,
u2net-v2,97,192,0.177764,0.98804,0.178148,0.482178,0.271172,0.222937,10,4,0.1,0.665101,0.428571,0.285043,0,0,0.987163,0.177989,0.301599,0.446186,0.148637,0.22299,0.9933,0.000496964,0.0868439,0.598338,0.740684,0.17983,4557,0.5,0.88824,2.15355,24.3864,8.58044,4.33597,3.25,0.361044,113.914
u2net-v2,97,200,0.225966,0.978248,0.227107,0.554798,0.266787,0.332426,10,4,0.3,0.752466,0.571429,0.429981,0,0,0.95662,0.222086,0.360483,0.529604,0.202366,0.292837,0.979455,0.00800244,0.222012,1.08735,0.961901,0.0540767,6114.5,0.5,0.628081,2.22997,24.455,,,,,
u2net-v2,97,208,0.21514,0.973201,0.216422,0.538588,0.240205,0.266783,10,5,0.3,0.735169,0.533333,0.39209,0,0,0.911807,0.202769,0.331761,0.368496,0.173225,0.235666,0.955783,0.0232251,0.591107,3.9547,0.810683,0.268746,4156.8,0.4,0.720159,4.62535,45.0935,,,,,
u2net-v2,97,216,0.472992,0.946204,0.486063,0.776556,0.177728,0.286312,10,5,0.3,0.797591,0.4,0.319037,1,0,0.551634,0.283373,0.374412,0.217517,0.210803,0.214107,0.77581,0.20338,9.23506,29.2949,0.932694,0.224175,10357.6,0.6,0.337555,2.09764,30.3192,,,,,
u2net-v2,97,224,0.358857,0.971379,0.362691,0.7002,0.237653,0.288656,10,3,0.1,0.718807,0.307692,0.221171,1,0,0.500487,0.186871,0.272133,0.218444,0.132272,0.164772,0.795471,0.189978,9.90948,36.8285,0.946366,0.588857,14022.3,0.666667,0.431615,0.881765,23.767,5.01846,4.54173,2.66667,0.352597,84.3491
u2net-v2,97,232,0.30322,0.973944,0.3057,0.647376,0.240176,0.345696,10,4,0.2,0.777569,0.428571,0.333244,1,0,0.574484,0.180318,0.274482,0.316579,0.20216,0.246751,0.842827,0.149288,6.83063,16.8927,0.975705,0.177881,8241.75,0.5,0.409036,1.52365,24.7367,,,,,
u2net-v2,97,240,0.15921,0.985116,0.159594,0.449069,0.220729,0.218874,10,4,0.2,0.770416,0.428571,0.330178,0,0,0.983812,0.159383,0.274324,0.48623,0.134002,0.210101,0.973869,0.00117258,0.161858,0.965106,0.844007,0.197419,3258.5,0.25,0.495388,3.61919,28.5379,,,,,
u2net-v2,97,248,0.105586,0.999801,0.105588,0.338416,0.277594,0.268284,10,3,0.2,0.763526,0.461538,0.352397,0,0,0.999801,0.105588,0.191005,0.644133,0.122191,0.205415,0.999892,0.00015411,0.10262,0.49295,0.938469,0.0503469,3356.33,0.333333,0.49387,1.86078,30.1197,,,,,
u2net-v2,98,0,0.778351,0.950959,0.8109,0.914508,0.0670475,0.517586,10,4,0.3,0.845271,0.428571,0.362259,1,0,0.386568,0.329634,0.355838,0.233345,0.240301,0.236772,0.791301,0.197512,14.5667,36.7171,0.98654,0.216017,19014.8,0.75,1.46357,6.36623,35.6608,4.70135,4.65624,2.5,0.473326,141.569
u2net-v2,98,8,0.34516,0.964863,0.349554,0.686141,0.222835,0.296695,10,4,0.1,0.81167,0.142857,0.115953,1,1,0.512595,0.185705,0.272637,0.271044,0.17943,0.215921,0.767645,0.218572,11.4875,37.5145,0.799846,0.123377,12320.7,0.666667,1.21913,0.477512,24.3125,,,,,
u2net-v2,98,16,0.610075,0.941656,0.634041,0.846842,0.131328,0.242951,9,3,0,,0,0,1,0,0.3458,0.232836,0.278291,0.0852106,0.0740608,0.0792454,0.456564,0.526333,38.1752,112.087,0.340328,0.400727,22344.3,0.333333,1.28134,1.13704,23.7934,,,,,
u2net-v2,98,24,0.618865,0.969467,0.631167,0.862752,0.132653,0.364322,10,2,0.1,0.813678,0.166667,0.135613,1,0,0.291841,0.190002,0.230159,0.104646,0.0908443,0.097258,0.629517,0.3659,24.8859,64.8445,0.954474,0.401912,34126.5,0.5,1.22333,1.55001,26.896,,,,,
u2net-v2,98,32,0.371748,0.972885,0.37564,0.711741,0.212982,0.278712,10,3,0.1,0.862977,0.153846,0.132766,1,0,0.381062,0.147132,0.212295,0.157263,0.123476,0.138336,0.76671,0.238639,22.8343,64.614,0.696171,0.688642,13264.7,0.333333,1.54468,3.21678,24.4855,15.9702,3.96574,3.66667,0.514867,97.7846
u2net-v2,98,40,0.603698,0.83447,0.685828,0.794721,0.147002,0.279276,10,2,0.1,0.835035,0.166667,0.139173,1,0,0.214488,0.176282,0.193518,0.0826221,0.0852946,0.0839371,0.59144,0.405986,31.1864,77.9544,0.992268,0.917267,41219,0.5,1.39681,0.465513,24.5461,,,,,
u2net-v2,98,48,0.670337,0.802675,0.802599,0.802657,0.121924,0.326023,10,3,0.2,0.826031,0.307692,0.254163,1,0,0.32018,0.32015,0.320165,0.125462,0.140126,0.13239,0.730107,0.257148,30.2651,72.668,0.950961,0.944157,31628,0.666667,1.38439,0.508518,23.8491,,,,,
u2net-v2,98,56,0.569135,0.794619,0.667295,0.761106,0.163099,0.349953,10,2,0.1,0.845114,0.166667,0.140852,1,0,0.234413,0.196852,0.213997,0.101746,0.0956054,0.0985803,0.598712,0.396464,32.6861,76.9402,0.986414,0.528678,41644.5,0.5,1.73903,1.47285,24.3357,,,,,
u2net-v2,98,64,0.534542,0.749738,0.650635,0.724279,0.178418,0.379607,10,2,0.1,0.857428,0.166667,0.142905,1,0,0.23479,0.203754,0.218174,0.11601,0.116394,0.116202,0.595133,0.396498,33.6582,74.2501,0.993091,0.481823,41978,0.5,1.81545,2.9074,28.8349,7.384,6.20059,3,0.674906,123.777
u2net-v2,98,72,0.712159,0.811843,0.852939,0.820971,0.1061,0.334101,10,3,0.2,0.842636,0.307692,0.259272,1,0,0.294044,0.308929,0.301303,0.136502,0.16017,0.147392,0.714185,0.267091,28.5296,66.2092,0.953679,0.44737,33110.7,0.666667,1.39818,0.0618049,25.4251,,,,,
u2net-v2,98,80,0.63555,0.71572,0.850162,0.742828,0.152122,0.371703,10,3,0.2,0.858019,0.307692,0.264006,1,0,0.250582,0.297652,0.272096,0.155948,0.1566,0.156273,0.704473,0.279452,33.7048,69.0003,0.95413,0.491344,37954.3,1,1.62597,0.394077,24.4027,,,,,
u2net-v2,98,88,0.652312,0.776633,0.802955,0.782553,0.133431,0.41051,10,5,0.3,0.855687,0.4,0.342275,1,0,0.326395,0.337458,0.331834,0.198049,0.226625,0.211376,0.82003,0.168027,13.2768,28.391,0.799104,0.352698,19804.2,0.6,1.5402,3.82615,23.803,,,,,
u2net-v2,98,96,0.752052,0.968016,0.771215,0.914182,0.0817253,0.40241,10,3,0.2,0.853004,0.307692,0.262463,1,0,0.302561,0.24105,0.268325,0.173111,0.172311,0.17271,0.70099,0.277373,26.772,59.0219,0.98937,0.755909,26221.7,1,1.58492,2.50907,23.6217,3.58084,4.62868,3,0.677286,95.3874
u2net-v2,98,104,0.847285,0.974071,0.866836,0.947035,0.0478516,0.395485,10,3,0.2,0.855951,0.307692,0.26337,1,0,0.36906,0.32843,0.347562,0.205585,0.18101,0.192516,0.733424,0.25094,23.9295,63.5821,0.992651,0.630064,27909.7,1,1.62493,1.3513,23.1772,,,,,
u2net-v2,98,112,0.820043,0.975695,0.837144,0.939801,0.0586719,0.422733,10,3,0.2,0.844652,0.307692,0.259893,1,0,0.321232,0.275616,0.296681,0.189964,0.183937,0.186902,0.725456,0.264825,20.7292,48.0284,0.985341,0.184838,28059.7,1,1.76356,0.716243,22.7997,,,,,
u2net-v2,98,120,0.450335,0.961911,0.458512,0.767465,0.179307,0.380615,10,8,0.3,0.786379,0.444444,0.349502,1,1,0.791329,0.377201,0.510881,0.386596,0.295175,0.334756,0.806496,0.177649,7.87618,15.8122,0.601341,0.352793,5864.5,0.625,1.76255,6.05161,26.5313,,,,,
u2net-v2,98,128,0.8287,0.966398,0.853287,0.937713,0.0565658,0.429527,10,3,0.2,0.850457,0.307692,0.261679,1,0,0.313112,0.276464,0.293649,0.185018,0.184795,0.184906,0.713239,0.269935,21.739,50.2284,0.976452,0.250025,28996,1,1.77047,1.69676,24.5195,4.35103,4.61103,3.66667,0.566287,124.483
u2net-v2,98,136,0.82698,0.979628,0.841451,0.94386,0.0538086,0.390715,10,3,0.1,0.83152,0.153846,0.127926,1,0,0.302774,0.260067,0.2798,0.116608,0.0990115,0.107092,0.742588,0.251612,26.4607,60.2381,0.889652,1.07911,26883.7,0.666667,2.1437,3.11094,26.3339,,,,,
u2net-v2,98,144,0.815712,0.955873,0.847631,0.928511,0.0618913,0.42882,10,4,0.2,0.840264,0.285714,0.240075,1,0,0.307467,0.272649,0.289013,0.165919,0.164723,0.165319,0.710859,0.270074,21.7895,49.7322,0.993562,0.327428,29148.3,1,1.80642,2.84853,22.9012,,,,,
u2net-v2,98,152,0.767027,0.957753,0.793887,0.914207,0.0739909,0.454409,10,3,0.2,0.843668,0.307692,0.25959,1,0,0.314042,0.260311,0.284664,0.144453,0.163353,0.153323,0.719767,0.265581,20.8664,56.9936,0.988301,0.484136,26045.3,0.666667,1.22364,6.06241,23.1466,,,,,
u2net-v2,98,160,0.746268,0.935312,0.786882,0.896296,0.0842057,0.417277,10,4,0,,0,0,1,0,0.202351,0.170238,0.184911,0.131397,0.12571,0.12849,0.730619,0.262687,26.6585,60.2283,0.617362,1.07799,26112.3,0.333333,1.85325,1.75127,23.1642,25.7402,4.74941,2.66667,0.446825,145.672
u2net-v2,98,168,0.721799,0.969805,0.738393,0.904396,0.0851465,0.380396,10,1,0,,0,0,1,0,0.244234,0.185956,0.211147,0.149574,0.118082,0.131975,0.244234,0.738889,74.2668,177.804,0.996975,1.40988,69978,1,1.61901,1.05903,23.9029,,,,,
u2net-v2,98,176,0.69972,0.96203,0.719592,0.89263,0.0934408,0.438692,10,2,0.1,0.814973,0.166667,0.135829,1,0,0.289146,0.216279,0.24746,0.186569,0.15007,0.166341,0.573195,0.396098,42.7171,91.8518,0.966448,0.911282,34764.5,1,1.30302,4.71741,27.1299,,,,,
u2net-v2,98,184,0.399633,0.958163,0.40673,0.729823,0.183005,0.313567,10,4,0.2,0.675021,0.428571,0.289295,1,0,0.809043,0.34343,0.48218,0.344089,0.225545,0.272482,0.901064,0.0780216,2.08162,10.3257,0.821055,0.13884,9764,0.75,1.12664,5.0863,25.1994,,,,,
u2net-v2,98,192,0.511429,0.965887,0.520836,0.806795,0.148275,0.304722,10,1,0,,0,0,1,0,0.332017,0.179034,0.232627,0.192804,0.11966,0.147671,0.332017,0.647665,65.933,179.415,0.976262,2.01551,49365,1,1.29589,2.0123,24.3254,5.36772,8.39339,4,0.499144,67.5444
u2net-v2,98,200,0.394439,0.974856,0.398494,0.7309,0.186393,0.274343,9,4,0.222222,0.751492,0.307692,0.231228,1,0,0.818396,0.334537,0.474934,0.346194,0.172874,0.230598,0.921247,0.061929,1.61286,9.24448,0.653819,0.293093,9564.75,0.5,1.31152,2.67499,29.2905,,,,,
u2net-v2,98,208,0.376478,0.955599,0.383181,0.710621,0.194701,0.289344,10,4,0.2,0.652456,0.428571,0.279624,1,0,0.79792,0.319954,0.456756,0.324013,0.199819,0.247194,0.893985,0.0832175,2.3469,11.0038,0.789043,0.176476,9448,0.75,0.983077,5.213,26.5299,,,,,
u2net-v2,98,216,0.430354,0.960913,0.438022,0.753373,0.180078,0.314098,10,2,0.1,0.729124,0.166667,0.121521,1,0,0.598901,0.273003,0.375045,0.247393,0.14924,0.186172,0.727347,0.255539,15.6193,59.7199,0.922344,0.545747,21746.5,1,0.700095,3.19039,27.8459,,,,,
u2net-v2,98,224,0.460518,0.961127,0.469258,0.773923,0.169242,0.244114,10,2,0.1,0.847624,0.166667,0.141271,1,0,0.639055,0.31201,0.419302,0.232174,0.121853,0.159825,0.75478,0.221054,13.7123,61.7316,0.985525,0.564893,23088,1,0.633304,1.68643,24.5747,5.21555,5.25319,3.5,0.547022,96.1645
u2net-v2,98,232,0.376673,0.972199,0.380775,0.715676,0.186302,0.233513,9,3,0.222222,0.7148,0.333333,0.238267,1,0,0.783662,0.306932,0.441101,0.288751,0.137931,0.186686,0.890061,0.0934692,2.60556,13.0288,0.688499,0.375295,11858,0.666667,0.619711,2.28182,26.5398,,,,,
u2net-v2,98,240,0.244187,0.961967,0.246568,0.57618,0.220947,0.201424,9,2,0.111111,0.670859,0.363636,0.243949,0,0,0.946833,0.242689,0.38635,0.369616,0.17675,0.239143,0.951459,0.0160885,0.344376,2.46319,0.826637,0.0672034,11398,1,0.80649,4.35348,26.4772,,,,,
u2net-v2,98,248,0.303161,0.978515,0.305192,0.648397,0.199352,0.187965,9,2,0.222222,0.798474,0.363636,0.290354,0,0,0.96926,0.302306,0.460869,0.353903,0.157515,0.218002,0.97367,0.00923178,0.203921,1.25568,0.962527,0.0399716,13614,1,0.561542,2.43786,44.5351,,,,,
u2net-v2,99,0,0.782432,0.962333,0.807151,0.921451,0.0721517,0.440548,10,6,0.5,0.78764,0.75,0.59073,1,0,0.89044,0.746851,0.812349,0.404425,0.416215,0.410236,0.906371,0.0722212,3.17661,17.5479,0.938731,0.140767,13805.2,1,1.46155,6.33753,35.5315,5.34608,5.19755,2.16667,0.469501,171.319
u2net-v2,99,8,0.511515,0.993079,0.513345,0.816906,0.1646,0.426609,9,2,0.111111,0.957076,0.181818,0.174014,1,0,0.735118,0.379999,0.501013,0.361618,0.263323,0.30474,0.740473,0.254257,14.601,51.1021,0.988169,0.245762,26659,1,1.38811,0.507176,26.1083,,,,,
u2net-v2,99,16,0.354016,0.96895,0.358078,0.695242,0.217982,0.32418,10,3,0.1,0.706538,0.307692,0.217396,1,0,0.839679,0.310306,0.453149,0.423722,0.214301,0.284642,0.533333,0.456507,38.2656,55.9065,0.646817,0.158116,12624.7,0.666667,1.31223,1.29647,28.2636,,,,,
u2net-v2,99,24,0.637672,0.888381,0.693212,0.834183,0.130254,0.449144,8,6,0.25,0.710882,0.571429,0.406218,1,1,0.802965,0.62656,0.703878,0.373374,0.431166,0.400194,0.718526,0.246739,13.5237,60.1145,0.780447,0.901511,15769.8,0.8,1.52651,0.772842,26.2491,,,,,
u2net-v2,99,32,0.702397,0.892704,0.767163,0.860219,0.107178,0.472395,10,6,0.3,0.736226,0.625,0.460141,1,0,0.816839,0.701967,0.755059,0.401919,0.471666,0.434008,0.825731,0.160284,9.10513,41.8635,0.975222,0.105735,17349.8,1,1.69588,3.02571,24.7794,4.34964,5.22534,2,0.353793,172.759
u2net-v2,99,40,0.723685,0.90221,0.785283,0.872239,0.0985352,0.50247,10,4,0.1,0.646521,0.285714,0.18472,3,0,0.595594,0.518404,0.554325,0.323167,0.365361,0.342972,0.690898,0.300891,20.5518,62.9879,0.748862,0.598708,21968,0.75,1.35411,0.506059,24.5792,,,,,
u2net-v2,99,48,0.643156,0.798658,0.767618,0.791274,0.138835,0.43587,10,4,0.3,0.74424,0.428571,0.31896,2,0,0.682553,0.656025,0.669026,0.347367,0.390758,0.367787,0.71414,0.272739,16.294,63.6499,0.956339,1.01923,24062.2,1,1.33953,0.132547,23.6363,,,,,
u2net-v2,99,56,0.648338,0.780248,0.793171,0.783193,0.138753,0.481369,10,4,0.2,0.797914,0.428571,0.341963,2,0,0.605771,0.615804,0.610746,0.343092,0.404268,0.371176,0.701312,0.281658,19.2459,52.2778,0.966613,0.346164,25179.5,1,1.62745,2.05559,24.7197,,,,,
u2net-v2,99,64,0.642109,0.787985,0.776212,0.785237,0.139222,0.420061,10,4,0.2,0.774974,0.428571,0.332132,2,0,0.613196,0.604034,0.60858,0.289118,0.344615,0.314437,0.706093,0.270829,16.4446,41.7265,0.949831,0.26216,24345,1,1.74163,3.11094,22.7146,5.01211,5.38878,2.75,0.43936,144.735
u2net-v2,99,72,0.560338,0.696676,0.741152,0.706459,0.192236,0.395561,10,3,0.2,0.657841,0.307692,0.202413,3,0,0.489239,0.520473,0.504373,0.269426,0.275502,0.272431,0.565345,0.419569,43.7698,110.012,0.975103,0.416673,36011,1,1.42507,0.234334,25.1344,,,,,
u2net-v2,99,80,0.563697,0.701605,0.741455,0.710416,0.194186,0.38563,10,3,0.1,0.690421,0.153846,0.106219,2,0,0.393087,0.415414,0.403942,0.188072,0.201925,0.194752,0.483027,0.511522,54.343,130.832,0.96643,0.838143,54643,1,1.49193,0.2537,24.2965,,,,,
u2net-v2,99,88,0.591684,0.771826,0.717123,0.758474,0.160446,0.357635,10,5,0.2,0.745366,0.4,0.298147,2,1,0.606307,0.563335,0.584031,0.252653,0.307996,0.277593,0.708602,0.267823,14.4904,38.0762,0.922922,0.498577,23024,1,1.54019,3.82911,24.4452,,,,,
u2net-v2,99,96,0.571827,0.75275,0.704067,0.740927,0.178128,0.362148,10,4,0.2,0.742508,0.428571,0.318218,2,0,0.583443,0.545709,0.563946,0.279748,0.302857,0.290844,0.700294,0.278627,29.1263,68.9806,0.942404,0.254208,24271,1,1.48212,3.05196,23.4292,6.80113,5.11798,3,0.409108,144.395
u2net-v2,99,104,0.607545,0.783852,0.729811,0.770683,0.167725,0.38414,10,5,0.1,0.73152,0.133333,0.0975359,2,0,0.540955,0.50366,0.521641,0.246296,0.256051,0.251079,0.516448,0.476533,31.2222,86.4165,0.900592,1.19804,33309,1,1.62713,1.56757,24.6986,,,,,
u2net-v2,99,112,0.684276,0.943281,0.713639,0.878076,0.118574,0.378641,10,5,0.2,0.878866,0.266667,0.234364,1,0,0.730255,0.552474,0.629045,0.301495,0.318552,0.309789,0.790306,0.196396,11.6449,39.1207,0.891104,0.400113,20838.2,1,1.92768,0.409794,23.242,,,,,
u2net-v2,99,120,0.685006,0.964451,0.70275,0.888128,0.109528,0.392392,10,5,0.4,0.732693,0.666667,0.488462,1,0,0.881571,0.642358,0.74319,0.339382,0.35723,0.348078,0.896819,0.0763089,3.45091,19.9653,0.921571,0.198143,15173.6,1,1.68256,6.09013,22.9335,,,,,
u2net-v2,99,128,0.770097,0.966324,0.791334,0.919406,0.0890951,0.428923,10,5,0.3,0.805263,0.533333,0.429474,1,0,0.763088,0.624902,0.687116,0.342622,0.368411,0.355049,0.857529,0.128138,6.84769,18.5842,0.913678,0.269448,18975,1,1.7525,1.82471,23.6164,5.45324,5.51406,2.6,0.374788,165.557
u2net-v2,99,136,0.717926,0.966214,0.736413,0.901308,0.112764,0.337657,10,3,0.1,0.905316,0.153846,0.139279,1,0,0.585468,0.446223,0.506449,0.176752,0.183446,0.180037,0.813703,0.179144,16.9458,49.699,0.888706,0.486354,30416.7,1,2.25767,2.7854,23.9876,,,,,
u2net-v2,99,144,0.784129,0.96235,0.808945,0.922001,0.0840885,0.451056,10,5,0.3,0.828245,0.533333,0.441731,1,0,0.769156,0.646548,0.702542,0.371883,0.383356,0.377532,0.851081,0.134105,7.13264,28.6659,0.918877,0.317024,19500.6,1,1.79218,2.73136,24.3252,,,,,
u2net-v2,99,152,0.777671,0.957211,0.805679,0.917393,0.0822754,0.46034,10,7,0.5,0.778623,0.705882,0.549616,1,0,0.876786,0.737987,0.801421,0.40965,0.433375,0.421179,0.899082,0.0648808,3.05893,17.1609,0.954709,0.139171,13194.3,0.857143,1.15217,6.07464,23.0748,,,,,
u2net-v2,99,160,0.482396,0.958774,0.492614,0.786928,0.202428,0.281537,10,5,0.1,0.729641,0.266667,0.194571,1,1,0.606488,0.311611,0.411695,0.209178,0.177022,0.191761,0.846505,0.142597,7.55732,21.6742,0.695714,0.624106,14852.5,0.75,1.40165,3.95801,24.0825,14.3952,5.26849,3,0.570869,108.072
u2net-v2,99,168,0.649053,0.98347,0.656211,0.881967,0.138861,0.303527,10,3,0.2,0.902103,0.307692,0.27757,1,0,0.711078,0.47446,0.569156,0.211695,0.19359,0.202238,0.802922,0.187127,14.2875,47.2839,0.990235,0.471104,26739.7,1,1.5485,1.31639,24.5711,,,,,
u2net-v2,99,176,0.752658,0.957569,0.778626,0.909342,0.0943457,0.42363,10,5,0.3,0.92695,0.4,0.37078,1,0,0.665223,0.540911,0.596661,0.322649,0.323087,0.322868,0.835812,0.139823,11.5695,33.8466,0.980894,0.284722,18420.6,0.8,1.0837,4.81155,23.3163,,,,,
u2net-v2,99,184,0.767103,0.953062,0.797221,0.911925,0.0883561,0.423526,10,4,0.1,0.886172,0.142857,0.126596,1,0,0.418453,0.350029,0.381195,0.190323,0.204125,0.196982,0.817294,0.165208,16.4582,41.8225,0.928473,0.41968,23451.2,0.5,0.859285,5.24437,23.1694,,,,,
u2net-v2,99,192,0.631216,0.979951,0.639475,0.872721,0.144642,0.30982,10,5,0.2,0.786677,0.4,0.314671,1,0,0.746128,0.486892,0.589258,0.241275,0.245329,0.243285,0.880072,0.100906,6.99412,27.7495,0.820597,0.359298,15522,0.6,0.988459,2.55463,26.4457,8.47939,5.06639,2,0.456051,142.458
u2net-v2,99,200,0.630195,0.981973,0.637571,0.873132,0.141927,0.330886,10,5,0.2,0.911015,0.266667,0.242937,1,0,0.720395,0.467735,0.567201,0.267838,0.25169,0.259513,0.874715,0.106021,8.1602,30.5387,0.683891,0.449493,15132.8,0.6,0.895677,3.3563,25.3348,,,,,
u2net-v2,99,208,0.720114,0.947595,0.749982,0.893279,0.104824,0.401943,10,6,0.4,0.857216,0.5,0.428608,1,0,0.819384,0.648508,0.724,0.356293,0.366986,0.361561,0.873798,0.105191,3.59893,13.4127,0.955895,0.151227,14572.3,0.833333,0.703626,4.79588,24.8945,,,,,
u2net-v2,99,216,0.747831,0.963868,0.7694,0.910746,0.0934668,0.344468,10,5,0.2,0.74578,0.266667,0.198875,1,0,0.441801,0.352664,0.392232,0.149149,0.156117,0.152553,0.868371,0.128028,12.2872,31.1363,0.645732,0.501407,17668.6,0.4,0.581812,3.63853,23.3762,,,,,
u2net-v2,99,224,0.539444,0.985349,0.543806,0.829856,0.169157,0.209553,10,5,0.2,0.69164,0.533333,0.368875,0,0,0.830325,0.458249,0.590569,0.194863,0.173299,0.183449,0.922085,0.069569,2.48724,10.7997,0.778472,0.442885,12354.2,0.6,0.529614,1.59866,23.3333,10.4425,4.50607,1.8,0.456246,123.553
u2net-v2,99,232,0.721857,0.92016,0.77009,0.880561,0.103923,0.286051,9,6,0.333333,0.830754,0.4,0.332301,1,0,0.59084,0.494479,0.538382,0.189926,0.212502,0.200581,0.849772,0.141604,9.31015,30.4633,0.823293,0.581705,16960,0.8,0.362932,1.02296,24.5835,,,,,
u2net-v2,99,240,0.260238,0.976793,0.261857,0.599238,0.243031,0.181853,9,2,0.111111,0.71442,0.363636,0.259789,1,0,0.721846,0.193511,0.305204,0.245818,0.11428,0.156024,0.812324,0.166015,6.19736,31.3908,0.937309,0.15178,13444,1,0.605501,4.2449,27.1106,,,,,
u2net-v2,99,248,0.303748,0.994135,0.304293,0.652679,0.230205,0.197233,9,2,0.222222,0.896116,0.363636,0.32586,0,0,0.994135,0.304293,0.465961,0.368207,0.102219,0.160015,0.994278,0.00516311,0.130073,0,0.995732,0.347672,15517,1,0.487239,2.36065,29.687,,,,,
u2netp-v1,90,0,0.504279,0.965127,0.513638,0.802369,0.163483,0.352299,10,4,0,0.509628,0.142857,0.072804,1,0,0.445414,0.237048,0.309423,0.254684,0.194633,0.220646,0.702353,0.271839,25.6758,70.6299,0.704753,1.12818,13233.8,0.5,1.11098,6.27872,38.8261,18.8017,5.0826,3,0.321572,85.3698
u2netp-v1,90,8,0.440912,0.974302,0.4461,0.765214,0.179967,0.349665,10,5,0.3,0.780139,0.4,0.312056,0,1,0.827128,0.378714,0.519546,0.389171,0.218518,0.279883,0.905448,0.0764134,4.06595,24.3594,0.894094,0.276648,11108.2,0.75,1.31015,1.24817,24.2546,,,,,
u2netp-v1,90,16,0.75817,0.958893,0.78364,0.911834,0.0787402,0.38647,10,6,0.2,0.647516,0.375,0.242818,1,0,0.511563,0.418067,0.460113,0.23923,0.237639,0.238432,0.743037,0.239186,13.8192,45.2074,0.850052,1.22338,15667.2,0.8,1.11164,2.58176,22.7533,,,,,
u2netp-v1,90,24,0.634149,0.957679,0.652433,0.864357,0.120859,0.334123,10,6,0.3,0.740793,0.375,0.277797,1,0,0.594792,0.405211,0.482031,0.233466,0.214764,0.223725,0.829345,0.157242,10.8674,39.4808,0.93635,0.597981,13317.4,0.6,1.04232,0.576503,20.7037,,,,,
u2netp-v1,90,32,0.397288,0.969023,0.402398,0.731365,0.189085,0.322739,10,6,0.3,0.791799,0.375,0.296925,0,1,0.902412,0.374737,0.529566,0.380795,0.236772,0.29199,0.94667,0.0377398,2.27582,15.6786,0.773655,0.429881,7839,0.6,1.41258,2.50682,20.0309,10.1984,3.94174,2.8,0.313886,103.11
u2netp-v1,90,40,0.737617,0.898025,0.805047,0.874712,0.0950781,0.356517,10,6,0.2,0.774498,0.25,0.193624,2,0,0.440755,0.395121,0.416693,0.210343,0.216648,0.213449,0.736305,0.248249,17.7584,53.1639,0.928559,0.705497,18126.8,0.6,0.871447,0.457622,21.7893,,,,,
u2netp-v1,90,48,0.591805,0.946459,0.612304,0.840595,0.146576,0.229925,10,3,0.1,0.684399,0.153846,0.105292,1,0,0.46382,0.300065,0.36439,0.133026,0.111768,0.121474,0.709406,0.279215,18.0069,50.8634,0.859104,0.250763,22991.7,0.666667,0.995173,0.535423,19.9566,,,,,
u2netp-v1,90,56,0.410893,0.956983,0.418625,0.737973,0.205472,0.193351,10,5,0.1,0.633621,0.266667,0.168965,1,0,0.657776,0.28774,0.400349,0.140452,0.0945699,0.113032,0.832611,0.120516,5.11567,20.7443,0.680001,0.475242,9201,0.4,6.60273,18.3223,19.2483,,,,,
u2netp-v1,90,64,0.390356,0.959629,0.396873,0.723034,0.220299,0.239074,10,4,0.1,0.896697,0.142857,0.1281,1,1,0.457149,0.189063,0.267497,0.206266,0.108827,0.142481,0.779171,0.215127,18.948,53.9423,0.808348,0.604371,14931.3,0.333333,1.40297,3.27413,20.1924,11.3873,6.19323,3,0.428085,85.3271
u2netp-v1,90,72,0.489376,0.977363,0.494986,0.797919,0.190791,0.270444,10,5,0,,0,0,1,2,0.407078,0.206165,0.273709,0.136564,0.110416,0.122106,0.750382,0.244145,17.0978,48.7249,0.59874,0.460169,18416.3,0.666667,0.979955,0.519574,21.8298,,,,,
u2netp-v1,90,80,0.465462,0.980335,0.469849,0.783811,0.205374,0.27104,10,3,0,,0,0,2,0,0.540275,0.258939,0.35009,0.214965,0.156185,0.180921,0.68024,0.31185,21.9747,80.8636,0.911878,0.303055,18680,0.666667,1.20738,0.198479,20.1929,,,,,
u2netp-v1,90,88,0.377499,0.967742,0.38231,0.715057,0.225612,0.206455,10,3,0,,0,0,1,1,0.458313,0.181058,0.259572,0.164408,0.0954744,0.120799,0.695021,0.294629,22.7564,80.57,0.82679,0.260542,20955.5,1,1.16674,4.1722,22.2352,,,,,
u2netp-v1,90,96,0.130597,0.967943,0.131165,0.391529,0.333701,0.207716,10,2,0.1,0.792312,0.166667,0.132052,0,0,0.855616,0.115944,0.204214,0.540211,0.10218,0.171854,0.924294,0.0599296,1.50204,12.8741,0.540635,0.146057,7954.5,0.5,0.988965,3.50347,22.4029,22.8811,3.53908,3,0.266737,71.0067
u2netp-v1,90,104,0.178702,0.976771,0.179465,0.4823,0.330898,0.232676,10,1,0,,0,0,1,0,0.47761,0.0877528,0.148264,0.286113,0.0820038,0.127472,0.47761,0.507861,47.1066,170.456,0.99757,1.00016,22644,1,0.835239,0.577533,24.484,,,,,
u2netp-v1,90,112,0.573446,0.954348,0.58962,0.835133,0.172559,0.346483,10,4,0,0.500178,0.142857,0.071454,2,0,0.495956,0.306414,0.378797,0.236385,0.189583,0.210413,0.675203,0.314345,28.1302,97.6494,0.816912,0.511652,24278,0.666667,1.08548,1.67502,28.6075,,,,,
u2netp-v1,90,120,0.479847,0.96064,0.48947,0.78603,0.182148,0.252606,10,6,0.1,0.66702,0.125,0.0833775,1,1,0.522713,0.266335,0.352873,0.166354,0.134036,0.148456,0.695531,0.27753,31.9242,52.0326,0.574773,0.559255,8955.83,0.5,1.36668,6.25014,22.7948,,,,,
u2netp-v1,90,128,0.521785,0.905363,0.551886,0.788777,0.195934,0.314515,9,6,0,,0,0,2,1,0.425117,0.259141,0.321999,0.19418,0.184409,0.189168,0.705155,0.282993,20.0729,60.032,0.683863,0.56501,16846,0.5,1.00502,2.26296,20.0441,15.2784,6.75489,2.5,0.295099,114.465
u2netp-v1,90,136,0.58178,0.930547,0.608188,0.829132,0.183851,0.205089,9,3,0.111111,0.679452,0.333333,0.226484,2,0,0.592235,0.387074,0.468164,0.14688,0.131879,0.138976,0.731383,0.262533,21.9846,101.534,0.943078,0.816552,28143.7,1,0.682788,1.92664,22.661,,,,,
u2netp-v1,90,144,0.589801,0.891986,0.635166,0.81586,0.168581,0.304841,10,5,0.2,0.657599,0.266667,0.17536,2,0,0.522305,0.371923,0.434469,0.195431,0.18351,0.189283,0.668772,0.282818,16.6401,64.4947,0.841395,0.56446,19369.8,0.75,0.676089,5.66022,20.6773,,,,,
u2netp-v1,90,152,0.513705,0.979006,0.519427,0.813006,0.159222,0.356363,10,6,0.1,0.828925,0.125,0.103616,1,1,0.570124,0.302488,0.395263,0.334476,0.25608,0.290074,0.847646,0.129641,11.6777,31.4815,0.729456,0.369438,10340.6,0.6,0.788261,5.95459,20.8598,,,,,
u2netp-v1,90,160,0.56029,0.894731,0.599831,0.803563,0.177832,0.25632,9,6,0,0.545271,0.4,0.218109,1,0,0.593591,0.397946,0.476467,0.216643,0.173047,0.192407,0.746479,0.218358,8.01399,35.817,0.809275,0.461293,14302.8,0.8,0.342729,4.49898,20.2606,9.28038,5.24052,2,0.318087,120.976
u2netp-v1,90,168,0.0382479,1,0.0382479,0.146999,0.365228,0,9,4,0,,0,0,0,1,0.3671,0.0140408,0.0270471,0.0634921,0.0106743,0.018276,0.97791,0,0.117986,0.987429,0.0913879,0.544596,1675,0,0.129815,3.25796,26.2001,,,,,
u2netp-v1,90,176,0.522726,0.902512,0.554007,0.788104,0.168724,0.295867,9,11,0.111111,0.877658,0.1,0.0877658,1,2,0.643466,0.394992,0.489502,0.18839,0.210526,0.198844,0.885824,0.0890532,5.60699,17.541,0.737262,0.38765,9416.5,0.5,0.160317,4.2283,28.8802,,,,,
u2netp-v1,90,184,0.171817,0.991071,0.172083,0.472323,0.235124,0.276251,9,2,0.111111,0.920752,0.181818,0.167409,0,0,0.990146,0.171922,0.292975,0.558464,0.166091,0.256035,0.990227,0.00556647,0.171195,1.07699,0.807226,0.236778,7560,0.5,0.469103,5.18336,26.0847,,,,,
u2netp-v1,90,192,0.150293,0.88965,0.153148,0.421678,0.317816,0.0381511,9,6,0,,0,0,0,1,0.728711,0.125443,0.214041,0.0758693,0.0368364,0.0495938,0.682061,0.236753,3.32433,9.66,0.510273,0.618345,4268.25,0.5,0.148456,4.06951,38.0765,31.0809,4.1083,2.5,0.33975,83.3002
u2netp-v1,90,200,0.168578,0.963087,0.169674,0.463223,0.267663,0.107391,9,5,0,0.567724,0.142857,0.0811034,0,1,0.66114,0.116478,0.198062,0.158977,0.0679704,0.0952267,0.95043,0.00367034,0.174559,1.18063,0.555126,0.697232,5947.5,1,0.332007,2.96571,22.632,,,,,
u2netp-v1,90,208,0.169502,0.9858,0.169917,0.467631,0.207054,0.259541,9,2,0.111111,0.90337,0.181818,0.164249,0,0,0.983826,0.169577,0.28929,0.658375,0.148064,0.241759,0.986427,0.00394494,0.159356,1.1759,0.6529,0.370958,6584.5,0.5,0.316271,4.95502,23.8936,,,,,
u2netp-v1,90,216,0.160103,0.991767,0.160316,0.451451,0.215986,0.252644,9,3,0.111111,0.908466,0.166667,0.151411,0,0,0.991767,0.160316,0.276016,0.626263,0.137911,0.226045,0.99125,0.00358148,0.129839,0.724739,0.524081,0.405818,4251,0.333333,0.051261,3.47292,36.1309,,,,,
u2netp-v1,90,224,0.383313,0.989988,0.384805,0.726367,0.213867,0.337722,9,5,0.222222,0.661171,0.285714,0.188906,1,1,0.836873,0.325289,0.468482,0.311003,0.243729,0.273287,0.765236,0.212818,3.92509,20.1066,0.65883,0.526677,8250,0.6,0.817907,0.00293877,32.5688,53.3339,6.21311,2.4,0.35472,115.048
u2netp-v1,90,232,0.402449,0.992423,0.403689,0.742526,0.165859,0.375777,9,4,0.111111,0.880208,0.153846,0.135417,1,1,0.544653,0.221549,0.314975,0.307618,0.180053,0.227151,0.796106,0.198313,14.4722,52.9936,0.81978,0.455167,11401,0.333333,0.119805,2.17623,23.191,,,,,
u2netp-v1,90,240,0.620388,0.977443,0.629399,0.866827,0.0883822,0.440004,9,8,0.222222,0.844837,0.235294,0.198785,1,1,0.625011,0.40246,0.489633,0.337978,0.291642,0.313105,0.843626,0.133285,8.59661,27.4447,0.795174,0.374946,6367,0.285714,0.318065,3.60211,23.4579,,,,,
u2netp-v1,90,248,0.448283,0.995016,0.449291,0.777174,0.139183,0.38954,9,4,0.111111,0.894995,0.153846,0.137692,1,0,0.597451,0.269774,0.371707,0.340999,0.206021,0.256857,0.854925,0.143247,10.278,37.7346,0.777583,0.438697,8728.75,0.25,0.269313,1.66805,20.8484,,,,,
u2netp-v1,91,0,0.775332,0.947423,0.810193,0.911783,0.0799544,0.449833,10,4,0.1,0.886552,0.142857,0.12665,1,0,0.277183,0.237034,0.255541,0.16098,0.143359,0.151659,0.764867,0.210635,20.6378,53.5445,0.564761,0.479822,22367,0.25,1.23323,3.60653,25.1999,27.4269,3.99287,4.25,0.451679,140.375
u2netp-v1,91,8,0.660086,0.960312,0.678598,0.876355,0.128737,0.327754,10,3,0.1,0.5899,0.307692,0.181508,1,0,0.553149,0.390879,0.458068,0.199934,0.159116,0.177205,0.68881,0.287098,14.5648,53.3872,0.900567,0.26699,26657.7,1,0.944347,1.79495,24.6824,,,,,
u2netp-v1,91,16,0.179089,0.996485,0.179203,0.485507,0.279176,0.128423,10,4,0.1,0.757786,0.142857,0.108255,0,1,0.959842,0.172613,0.292605,0.316327,0.0776625,0.124708,0.770713,0.175407,2.33577,6.75011,0.506297,0.57733,4694,0.25,1.14701,3.38564,20.4742,,,,,
u2netp-v1,91,24,0.610608,0.8635,0.675842,0.811502,0.159831,0.252872,10,2,0,,0,0,1,0,0.278764,0.218182,0.244781,0.0809293,0.0872541,0.0839727,0.630308,0.356762,35.1628,99.592,0.558983,0.935886,44582.5,0.5,1.00501,1.34277,27.6779,,,,,
u2netp-v1,91,32,0.507355,0.961667,0.517827,0.802863,0.183809,0.301546,10,6,0.3,0.790739,0.375,0.296527,0,1,0.841211,0.452965,0.588852,0.31023,0.23109,0.264875,0.894229,0.0853367,3.63,24.857,0.839481,0.30591,11994.2,0.8,1.13371,1.10537,20.5699,14.5062,4.28011,2.2,0.377677,140.079
u2netp-v1,91,40,0.681843,0.876043,0.75465,0.844687,0.124909,0.294699,10,3,0.1,0.763511,0.153846,0.117463,1,0,0.287373,0.247552,0.26598,0.148584,0.12727,0.137104,0.701004,0.261983,24.7925,68.4318,0.677053,0.69767,31290.3,0.666667,0.905053,1.88968,21.9442,,,,,
u2netp-v1,91,48,0.208674,0.994986,0.208893,0.53253,0.274352,0.0742973,10,3,0.2,0.697165,0.307692,0.214512,0,1,0.905135,0.19003,0.314112,0.253529,0.0636443,0.101747,0.650523,0.261926,2.81501,8.98639,0.649756,0.337141,7445.67,0.666667,0.814262,1.75606,20.9986,,,,,
u2netp-v1,91,56,0.617286,0.883638,0.671903,0.823735,0.148203,0.258939,10,4,0.1,0.777851,0.142857,0.111122,1,0,0.45014,0.342279,0.388869,0.15668,0.137955,0.146723,0.687176,0.294202,13.474,40.2952,0.757607,0.249782,20775.8,0.75,1.3235,0.35695,25.4102,,,,,
u2netp-v1,91,64,0.147575,0.957698,0.148543,0.424312,0.302236,0.0522906,10,2,0,,0,0,0,0,0.894423,0.138729,0.240202,0.274718,0.0572838,0.0948001,0.931371,0.0280762,0.479475,3.08191,0.490879,0.549708,8392,0.5,1.22122,1.29394,20.6103,27.6393,3.9008,3,0.383601,86.3033
u2netp-v1,91,72,0.37166,0.96486,0.376759,0.709342,0.228324,0.129467,10,2,0.1,0.825498,0.166667,0.137583,1,0,0.74425,0.290616,0.418007,0.231117,0.0979172,0.137556,0.787933,0.181846,5.05402,21.571,0.896235,0.512914,21499.5,1,0.919722,1.68064,26.7488,,,,,
u2netp-v1,91,80,0.435408,0.966044,0.442175,0.758631,0.214837,0.169467,10,3,0.1,0.6855,0.307692,0.210923,1,0,0.705349,0.32285,0.442953,0.227312,0.103754,0.142476,0.815369,0.127937,3.79895,20.0503,0.697971,0.358202,17562,0.666667,0.994374,1.50667,22.7334,,,,,
u2netp-v1,91,88,0.691219,0.860146,0.77874,0.839885,0.122965,0.330466,10,4,0,0.56351,0.142857,0.0805014,1,0,0.277256,0.251015,0.263484,0.110715,0.101815,0.106079,0.711529,0.255573,25.5336,68.6365,0.670605,0.434943,32665,0.333333,1.0488,2.22472,22.1341,,,,,
u2netp-v1,91,96,0.311151,0.966819,0.314509,0.653862,0.260801,0.2098,10,1,0,,0,0,1,0,0.532366,0.17318,0.261345,0.180881,0.0619718,0.0923154,0.532366,0.415725,14.4806,75.0095,0.891256,0.0217424,37431,1,0.903878,1.40826,22.566,9.75281,8.10433,4,0.489421,62.6264
u2netp-v1,91,104,0.427852,0.969839,0.433621,0.754521,0.22998,0.194492,10,6,0.1,0.873707,0.125,0.109213,1,2,0.717467,0.320784,0.443345,0.206565,0.0971176,0.132119,0.857009,0.1148,4.09032,12.3753,0.585996,0.763063,13429,0.5,1.34968,3.6953,23.7343,,,,,
u2netp-v1,91,112,0.140441,0.980267,0.140839,0.412669,0.338477,0.0822024,10,2,0,0.510564,0.166667,0.085094,0,0,0.586406,0.0842515,0.147335,0.210215,0.0366642,0.0624383,0.786794,0.186645,5.46765,22.3606,0.526937,0.340717,8665.5,0.5,0.946888,1.23956,25.7428,,,,,
u2netp-v1,91,120,0.699539,0.945929,0.728676,0.885036,0.112588,0.327838,10,4,0,0.532242,0.142857,0.0760346,1,1,0.317283,0.244412,0.276121,0.14499,0.113257,0.127174,0.74927,0.237923,27.5703,68.0113,0.67824,0.699434,28222.3,0.666667,1.22277,4.82138,29.7848,,,,,
u2netp-v1,91,128,0.126213,0.974241,0.126636,0.382866,0.343496,0.0723828,10,1,0,,0,0,0,0,0.56836,0.0738778,0.130759,0.172125,0.028265,0.0485564,0.56836,0.373666,10.6116,45.7462,0.943027,0.168284,15645,1,0.968652,1.19753,23.7146,10.297,6.95093,3,0.380708,72.7232
u2netp-v1,91,136,0.100506,0.99495,0.100557,0.325941,0.344411,0.0507016,10,1,0.1,0.847674,0.181818,0.154123,0,0,0.960108,0.0970357,0.176257,0.465143,0.0548961,0.0982024,0.960108,0,0.178461,1.72343,0.985111,0.142733,11882,1,0.779672,0.161784,29.6681,,,,,
u2netp-v1,91,144,0.0609495,0.991126,0.0609828,0.219284,0.364111,0.0420042,10,3,0,,0,0,0,1,0.84587,0.0520454,0.0980574,0.239801,0.031565,0.0557868,0.974176,8.12084e-05,0.117908,1.05421,0.4624,0.592807,3257,0.5,0.663906,2.95468,37.5522,,,,,
u2netp-v1,91,152,0.285012,0.98517,0.28624,0.630112,0.259307,0.309603,10,4,0.1,0.759435,0.142857,0.108491,0,1,0.673275,0.195619,0.303156,0.400243,0.174506,0.243045,0.846117,0.136508,4.48372,16.7433,0.576071,0.478086,8058,0.5,0.739726,4.06679,38.4924,,,,,
u2netp-v1,91,160,0.078926,0.983429,0.0790311,0.270112,0.35846,0.0703758,10,1,0.1,0.670759,0.181818,0.121956,0,0,0.951016,0.0764263,0.141483,0.399678,0.0637575,0.109972,0.951016,0.00270974,0.257623,2.19304,0.969711,0.167072,9595,1,0.610379,2.11571,26.0114,6.77282,5.88306,3,0.252505,75.7974
u2netp-v1,91,168,0.157844,0.993141,0.158017,0.447436,0.32943,0.124853,10,2,0,0.52374,0.166667,0.08729,0,0,0.865071,0.13764,0.237493,0.205508,0.051323,0.0821341,0.910323,0.0684305,1.80773,15.0617,0.599964,0.449298,9549.5,0.5,0.450751,0.940906,25.4379,,,,,
u2netp-v1,91,176,0.0092302,1,0.0092302,0.0388036,0.364788,0,10,1,0,,0,0,0,0,1,0.0092302,0.0182916,0,0,0,1,0,0,0,0.144477,0.842217,1044,0,0.727769,3.08427,30.2919,,,,,
u2netp-v1,91,184,0.561011,0.982544,0.566659,0.840235,0.158568,0.344894,10,4,0,,0,0,1,1,0.292134,0.168481,0.21371,0.176904,0.13736,0.154644,0.751448,0.244598,20.1716,57.7651,0.409735,0.564064,21004.3,0.333333,0.474105,3.24146,35.3653,,,,,
u2netp-v1,91,192,0,0,0,0,0.386257,0,10,0,0,,0,0,0,0,0,0,0,0,0,0,,,,,,,,,0.258911,1.32544,21.1027,,,,,
u2netp-v1,91,200,0.510013,0.964433,0.519789,0.805434,0.186224,0.290002,9,5,0.111111,0.659777,0.142857,0.0942538,1,1,0.660231,0.355837,0.462439,0.171594,0.130303,0.148125,0.829451,0.153029,10.3035,39.3622,0.761397,0.402319,20339.7,0.666667,0.188082,1.56579,34.6794,,,,,
u2netp-v1,91,208,0.0541064,0.938176,0.0543,0.197246,0.330749,0.164812,10,2,0,0.549861,0.166667,0.0916435,0,0,0.905892,0.0524314,0.0991257,0.583808,0.0737374,0.130937,0.814332,0.167782,2.7546,11.5215,0.398517,0.58238,3097.5,0.5,0.475444,3.16984,19.9823,,,,,
u2netp-v1,91,216,0.305138,0.938467,0.311367,0.640691,0.257542,0.173541,10,5,0.1,0.621173,0.133333,0.0828231,0,0,0.61114,0.202766,0.304503,0.184894,0.0980449,0.12814,0.780609,0.203784,9.61757,39.7386,0.548701,0.537801,8746,0.5,0.146702,1.46278,30.8171,,,,,
u2netp-v1,91,224,0.616325,0.919781,0.651336,0.839898,0.155859,0.255713,9,4,0,,0,0,2,1,0.495593,0.350951,0.410915,0.112824,0.114306,0.11356,0.502093,0.473005,32.9329,124.172,0.94194,0.141634,41460.5,1,0.445842,0.144372,22.5413,13.8959,10.8714,3.5,0.419391,118.668
u2netp-v1,91,232,0.502215,0.905967,0.529833,0.778439,0.200068,0.369458,10,3,0.1,0.843925,0.153846,0.129835,2,0,0.416735,0.243718,0.307564,0.206591,0.189142,0.197482,0.546721,0.436801,27.4037,74.3918,0.960011,0.379354,22814.7,1,0.434442,1.31526,21.3951,,,,,
u2netp-v1,91,240,0.707851,0.963925,0.727114,0.896542,0.109922,0.374616,10,7,0.2,0.854222,0.235294,0.200993,2,1,0.491453,0.370715,0.42263,0.197005,0.203194,0.200052,0.796552,0.19278,16.3508,48.4855,0.757164,0.452885,14091.8,0.5,0.350604,2.10338,21.4334,,,,,
u2netp-v1,91,248,0.724958,0.897778,0.790182,0.870427,0.11429,0.297157,10,4,0,,0,0,1,0,0.202784,0.178481,0.189858,0.0741539,0.0849331,0.0791783,0.60089,0.394745,48.8009,108.737,0.894209,0.362364,48957.5,0.5,0.175781,0.896098,19.7831,,,,,
u2netp-v1,92,0,0.757017,0.945508,0.791552,0.904892,0.0663346,0.423535,9,8,0.666667,0.685935,0.941176,0.645586,1,0,0.879042,0.735908,0.801132,0.368823,0.377119,0.372925,0.926651,0.0485718,1.871,13.3059,0.896766,0.176771,8393.38,0.625,1.38515,4.73687,21.1825,4.51037,3.71188,3.125,0.530614,193.205
u2netp-v1,92,8,0.51383,0.968123,0.522673,0.809011,0.132171,0.320838,9,6,0.222222,0.893745,0.266667,0.238332,1,1,0.741619,0.400387,0.520023,0.304941,0.214095,0.251567,0.907903,0.088102,6.5658,26.0439,0.641637,0.227416,8768.8,0.4,1.28977,1.63999,21.8427,,,,,
u2netp-v1,92,16,0.692049,0.963559,0.710648,0.89043,0.0837272,0.338286,9,4,0.222222,0.750283,0.461538,0.346285,1,0,0.717443,0.529132,0.609064,0.307728,0.226492,0.260933,0.874944,0.106849,9.28277,43.344,0.802044,0.254011,14997,0.75,1.25882,3.13382,21.7027,,,,,
u2netp-v1,92,24,0.595764,0.938347,0.620035,0.838954,0.115807,0.314403,9,4,0.222222,0.747954,0.461538,0.345209,1,0,0.679761,0.449168,0.540914,0.25417,0.184927,0.214089,0.870036,0.120903,8.92893,32.0548,0.788153,0.286861,13969.2,0.5,1.25319,0.490127,21.0031,,,,,
u2netp-v1,92,32,0.334077,0.945318,0.34066,0.670626,0.185648,0.255535,9,5,0.111111,0.837184,0.142857,0.119598,0,1,0.760226,0.273959,0.402773,0.319496,0.169931,0.221861,0.850366,0.131604,8.2185,24.279,0.590005,0.391552,7411.75,0.75,1.4423,1.5097,22.1494,23.9906,6.28773,2.5,0.365247,81.3392
u2netp-v1,92,40,0.723851,0.963174,0.744454,0.902017,0.0796419,0.386998,9,5,0.333333,0.794926,0.571429,0.454243,1,0,0.765315,0.591526,0.667291,0.335356,0.27403,0.301607,0.896975,0.0911794,5.74686,26.8508,0.860364,0.29859,13316.6,0.6,1.18263,1.01512,23.6836,,,,,
u2netp-v1,92,48,0.72624,0.901575,0.788778,0.872773,0.0836589,0.378857,9,2,0.111111,0.858702,0.181818,0.156128,1,0,0.455125,0.398184,0.424754,0.214009,0.18385,0.197787,0.63503,0.34516,36.2206,96.6591,0.991513,0.0971962,37810.5,1,1.10664,1.37093,21.7549,,,,,
u2netp-v1,92,56,0.50741,0.948405,0.521814,0.797879,0.145745,0.288797,9,8,0.111111,0.700568,0.235294,0.164839,0,2,0.789488,0.434377,0.560414,0.275527,0.198588,0.230815,0.867514,0.105257,7.23293,21.0863,0.627625,0.322741,9318.6,0.8,1.53065,0.420725,22.4093,,,,,
u2netp-v1,92,64,0.303306,0.950745,0.308148,0.64186,0.204225,0.297775,9,3,0.222222,0.672303,0.5,0.336151,0,0,0.872807,0.282887,0.427286,0.401967,0.214872,0.280045,0.862199,0.0994895,5.32261,29.1804,0.910135,0.18673,9576,1,1.65995,1.32608,22.4231,9.1654,9.10109,1.66667,0.385289,113.996
u2netp-v1,92,72,0.753467,0.935464,0.79478,0.898751,0.0737826,0.366938,9,3,0.111111,0.861487,0.166667,0.143581,1,0,0.42562,0.361611,0.391013,0.217492,0.183945,0.199317,0.626241,0.359069,41.793,98.7939,0.984001,0.0548988,36020.5,1,1.27935,1.84275,28.3828,,,,,
u2netp-v1,92,80,0.762072,0.936105,0.803887,0.901874,0.0720964,0.406098,9,6,0.222222,0.865541,0.266667,0.230811,1,0,0.507344,0.435685,0.468792,0.280445,0.23273,0.254369,0.766817,0.177519,7.80617,20.2711,0.837562,0.146276,14823.8,0.6,1.41154,1.73675,27.4255,,,,,
u2netp-v1,92,88,0.270195,0.959162,0.273339,0.607444,0.207747,0.338999,9,3,0.222222,0.684315,0.5,0.342157,0,0,0.959162,0.273339,0.425438,0.528216,0.236628,0.32684,0.96511,0.00910507,0.265144,1.93779,0.862128,0.134158,8211.33,1,1.35479,2.22363,26.3046,,,,,
u2netp-v1,92,96,0.713475,0.872994,0.79611,0.853962,0.0913932,0.382849,9,6,0.333333,0.720004,0.533333,0.384002,1,0,0.60461,0.551362,0.57676,0.276974,0.304615,0.290138,0.860105,0.112945,9.02523,34.6248,0.84316,0.341499,13347.2,0.666667,1.36476,1.26229,26.3295,7.13245,5.80508,2.5,0.605783,184.069
u2netp-v1,92,104,0.748117,0.958864,0.772924,0.908432,0.0760026,0.438605,9,5,0.222222,0.720741,0.428571,0.308889,1,0,0.503989,0.406257,0.449877,0.31243,0.286339,0.298816,0.805471,0.158864,14.1214,34.4294,0.933907,0.133165,14464.2,0.6,1.73533,4.10334,22.504,,,,,
u2netp-v1,92,112,0.611636,0.920871,0.645565,0.838365,0.121136,0.387964,9,7,0.222222,0.727798,0.375,0.272924,1,0,0.713338,0.500077,0.587967,0.284548,0.269417,0.276776,0.909329,0.0735611,3.55658,14.6642,0.771999,0.351301,10130.3,0.5,1.64149,0.476858,21.6264,,,,,
u2netp-v1,92,120,0.678122,0.886954,0.742277,0.848777,0.0977474,0.364032,9,8,0.444444,0.635735,0.705882,0.448754,1,0,0.819194,0.685569,0.746448,0.315905,0.329302,0.322464,0.904707,0.0788383,5.36467,28.199,0.7688,0.32274,8915.62,0.625,1.61752,4.43706,21.5026,,,,,
u2netp-v1,92,128,0.6856,0.963667,0.703792,0.887999,0.0975163,0.36563,9,7,0.333333,0.698916,0.625,0.436822,1,1,0.861349,0.629067,0.727107,0.306647,0.296343,0.301407,0.938298,0.0434834,2.41513,15.7485,0.867301,0.260841,10990.7,0.666667,1.59204,0.708231,21.7198,6.52484,5.05153,3.16667,0.444152,159.845
u2netp-v1,92,136,0.296672,0.972405,0.299191,0.640053,0.22109,0.237427,9,2,0.222222,0.781707,0.363636,0.284257,0,0,0.935069,0.287703,0.44002,0.366238,0.153955,0.216782,0.936407,0.0412287,1.9995,25.8263,0.981191,0.028562,14731,1,2.49851,4.60212,25.9985,,,,,
u2netp-v1,92,144,0.657434,0.956158,0.677868,0.873412,0.107611,0.393973,9,7,0.333333,0.73693,0.5,0.368465,1,1,0.881119,0.624669,0.731056,0.337472,0.321155,0.329111,0.915938,0.0499812,2.12563,15.8896,0.85342,0.186257,11001,0.666667,1.50892,1.93245,30.661,,,,,
u2netp-v1,92,152,0.706075,0.898723,0.767113,0.864496,0.0960059,0.413345,9,10,0.555556,0.767242,0.526316,0.403811,1,1,0.853488,0.728502,0.786058,0.348904,0.400223,0.372805,0.862921,0.0961747,3.05487,12.1091,0.818815,0.198969,9428.88,0.625,0.635178,4.2429,25.9253,,,,,
u2netp-v1,92,160,0.710102,0.956032,0.734076,0.893675,0.0931315,0.378943,9,7,0.333333,0.7233,0.625,0.452062,1,0,0.937956,0.720197,0.814778,0.369765,0.371046,0.370404,0.919951,0.0538273,1.26904,7.61086,0.852719,0.144421,10471.9,0.714286,1.24031,2.26319,23.504,5.77541,4.04057,3.14286,0.504353,174.034
u2netp-v1,92,168,0.50191,0.933866,0.520407,0.789175,0.157057,0.318208,9,4,0.111111,0.86152,0.153846,0.132542,1,0,0.735311,0.40976,0.526257,0.291667,0.222484,0.252421,0.800799,0.174194,12.0979,37.461,0.797732,0.197552,17126.7,1,0.957671,0.922258,25.5755,,,,,
u2netp-v1,92,176,0.669965,0.88982,0.730571,0.847203,0.110195,0.40711,9,7,0.444444,0.817176,0.5,0.408588,0,0,0.889341,0.730178,0.801938,0.395225,0.427117,0.410552,0.916171,0.0385343,0.733851,4.42379,0.851257,0.106247,12195.5,0.833333,0.35369,2.81852,23.2694,,,,,
u2netp-v1,92,184,0.345288,0.890664,0.360571,0.66504,0.200921,0.277414,8,6,0.125,0.689074,0.285714,0.196878,0,1,0.877586,0.355276,0.505791,0.321856,0.220067,0.261402,0.963866,0.00729241,0.227916,1.41196,0.682607,0.277726,8275.5,0.5,0.392923,3.36638,24.6727,,,,,
u2netp-v1,92,192,0.205574,0.94378,0.208123,0.519787,0.244118,0.259999,8,1,0,,0,0,1,0,0.519794,0.114625,0.18783,0.255116,0.118418,0.161754,0.519794,0.451464,33.8465,109.038,0.99041,0.236763,20562,1,0.724145,2.2402,22.6461,6.92248,6.06768,2,0.331992,78.1107
u2netp-v1,92,200,0.205738,0.955467,0.20773,0.521923,0.235114,0.245178,8,2,0,,0,0,1,0,0.541494,0.117727,0.193406,0.214081,0.108059,0.143623,0.761869,0.228211,17.3462,55.8876,0.714111,0.483861,9790.5,0.5,0.611366,2.17799,25.6469,,,,,
u2netp-v1,92,208,0.702583,0.93646,0.737752,0.88166,0.0896647,0.416329,7,5,0.428571,0.718448,0.5,0.359224,1,0,0.870157,0.685518,0.76688,0.336235,0.344285,0.340213,0.878238,0.0846148,4.09845,17.7274,0.80633,0.15788,13896.8,0.6,0.226209,2.84208,31.217,,,,,
u2netp-v1,92,216,0.402107,0.954913,0.409889,0.730698,0.173656,0.345732,7,5,0.285714,0.759177,0.333333,0.253059,0,1,0.795246,0.341353,0.47767,0.380839,0.293166,0.3313,0.946857,0.0122169,0.321293,2.2216,0.696235,0.180705,7829.5,1,0.273411,1.96529,22.0735,,,,,
u2netp-v1,92,224,0.226177,0.980653,0.22719,0.555506,0.230316,0.243545,7,1,0,,0,0,1,0,0.586874,0.135963,0.220777,0.271547,0.106293,0.152782,0.586874,0.408336,39.3002,138.101,0.916302,1.57574,21088,1,0.363221,1.37188,25.4876,4.82309,5.04625,2,0.687953,30.1512
u2netp-v1,92,232,0.582352,0.89634,0.624404,0.814482,0.122594,0.331385,7,8,0,0.559842,0.4,0.223937,1,1,0.639743,0.445655,0.525346,0.224361,0.245142,0.234292,0.891618,0.0898746,4.96361,19.6978,0.768451,0.346774,10855,1,0.260933,1.17923,22.0905,,,,,
u2netp-v1,92,240,0.688389,0.881107,0.75888,0.849531,0.0811914,0.386107,8,6,0.25,0.640149,0.714286,0.457249,1,0,0.801663,0.690457,0.741916,0.295895,0.334564,0.314044,0.806636,0.144456,7.61117,41.5033,0.8365,0.130211,10422.5,0.5,0.403139,2.68128,21.4146,,,,,
u2netp-v1,92,248,0.619311,0.954062,0.638347,0.856326,0.0983236,0.371012,7,4,0.142857,0.576922,0.727273,0.41958,1,0,0.855895,0.572665,0.686203,0.286753,0.277338,0.281967,0.872034,0.0926793,4.52323,20.365,0.888079,0.137159,12876,1,0.246495,1.11911,21.0422,,,,,
u2netp-v1,93,0,0.561435,0.97013,0.571311,0.83553,0.114876,0.37779,9,7,0.333333,0.679133,0.5,0.339567,0,1,0.888292,0.523117,0.658464,0.333993,0.312267,0.322765,0.935672,0.051381,1.28993,7.79432,0.684946,0.169101,7614.17,0.833333,1.4701,4.69151,23.7766,13.9196,4.63464,2.33333,0.473247,152.016
u2netp-v1,93,8,0.406496,0.984874,0.40905,0.743382,0.180101,0.293413,9,5,0.111111,0.709396,0.142857,0.101342,1,1,0.764866,0.317674,0.448904,0.23875,0.162048,0.19306,0.831927,0.158347,13.5135,42.4014,0.636664,0.59511,12294,1,1.36357,1.93212,22.341,,,,,
u2netp-v1,93,16,0.230767,0.995902,0.230987,0.564508,0.216257,0.226212,9,4,0.222222,0.821076,0.307692,0.252639,0,0,0.995203,0.230825,0.374734,0.491052,0.13768,0.215061,0.994745,0.00312536,0.146157,0.640255,0.510286,0.73499,5003,0.25,1.24554,2.69374,20.8036,,,,,
u2netp-v1,93,24,0.328832,0.995854,0.329283,0.678768,0.210651,0.260487,9,4,0.222222,0.738652,0.461538,0.340916,0,0,0.995446,0.329148,0.494716,0.372161,0.205977,0.265184,0.993068,0.0029886,0.0959315,0.553806,0.702043,0.244168,7959.25,1,1.2244,0.321874,26.3913,,,,,
u2netp-v1,93,32,0.292785,0.989339,0.293712,0.639705,0.231302,0.261763,9,4,0.222222,0.778169,0.307692,0.239437,0,0,0.989171,0.293662,0.452876,0.351921,0.208399,0.261779,0.985232,0.00318341,0.149479,0.771316,0.621404,0.274119,7433.5,0.75,1.56116,1.39099,21.0677,24.4506,3.29955,2.25,0.549962,118.943
u2netp-v1,93,40,0.298822,0.986194,0.300077,0.645564,0.213337,0.205992,9,3,0.222222,0.794382,0.333333,0.264794,0,0,0.904135,0.275109,0.421856,0.372431,0.14099,0.204546,0.885513,0.104398,5.8078,23.5018,0.813245,0.536052,9440.33,1,1.16575,0.630349,22.6461,,,,,
u2netp-v1,93,48,0.33737,0.990582,0.338455,0.685695,0.19166,0.242373,9,3,0.333333,0.797656,0.5,0.398828,0,0,0.990087,0.338286,0.504275,0.41637,0.181545,0.252845,0.988967,0.00472221,0.156712,0.571835,0.931425,0.407302,10087.3,1,1.16702,1.23073,23.3778,,,,,
u2netp-v1,93,56,0.312452,0.977068,0.31476,0.657703,0.214863,0.261435,9,5,0.222222,0.741625,0.285714,0.211893,0,1,0.963876,0.31051,0.469706,0.353856,0.211259,0.264567,0.972634,0.00720275,0.217336,1.566,0.670352,0.225622,7584.5,1,1.62881,0.391597,26.7547,,,,,
u2netp-v1,93,64,0.433582,0.959687,0.441625,0.755236,0.172809,0.286865,9,7,0.222222,0.618639,0.375,0.23199,1,1,0.904685,0.416314,0.570225,0.278229,0.234698,0.254616,0.910559,0.0544848,1.97941,9.53592,0.673882,0.340762,6889.33,0.666667,1.62934,1.8004,21.9145,14.4614,4.1604,2.16667,0.571285,151.253
u2netp-v1,93,72,0.347274,0.989052,0.348614,0.694586,0.187926,0.24298,9,4,0.333333,0.784393,0.461538,0.362027,0,0,0.988343,0.348364,0.515152,0.422869,0.194729,0.266661,0.948163,0.0169065,0.419105,1.71054,0.737036,0.228405,7763.75,0.75,1.26935,1.33713,22.3072,,,,,
u2netp-v1,93,80,0.589283,0.954965,0.606128,0.843004,0.11984,0.351454,9,2,0.111111,0.691818,0.181818,0.125785,1,0,0.484994,0.307832,0.376619,0.168081,0.138585,0.151915,0.615776,0.370689,34.6457,91.4007,0.897102,0.504518,27656,1,1.50649,1.47832,30.3571,,,,,
u2netp-v1,93,88,0.671991,0.878584,0.740785,0.842421,0.104479,0.29516,9,9,0.555556,0.67025,0.666667,0.446834,0,2,0.650771,0.548702,0.595394,0.198934,0.236401,0.216055,0.86483,0.0870104,2.51078,15.3335,0.840714,0.164045,8211.43,0.714286,1.43899,2.55853,21.676,,,,,
u2netp-v1,93,96,0.333804,0.978627,0.336255,0.679199,0.184427,0.225858,9,3,0.333333,0.728209,0.5,0.364104,0,0,0.978247,0.336125,0.500335,0.325097,0.161365,0.215677,0.974077,0.0140895,0.24646,1.49327,0.893744,0.138087,9669.33,1,1.55203,1.04693,23.7009,6.47441,4.86152,3.33333,0.293816,95.7632
u2netp-v1,93,104,0.586705,0.891365,0.631888,0.814209,0.123822,0.332937,9,4,0.222222,0.713855,0.307692,0.219648,2,0,0.583403,0.413574,0.484024,0.230696,0.182455,0.20376,0.66945,0.32128,22.9139,60.3042,0.939868,1.09839,15144.8,0.75,1.54388,2.53955,23.0799,,,,,
u2netp-v1,93,112,0.50339,0.977773,0.509217,0.806516,0.135192,0.376121,9,4,0.333333,0.719267,0.461538,0.331969,1,0,0.803298,0.418352,0.550176,0.397118,0.273905,0.3242,0.862681,0.124728,3.77746,15.2145,0.893688,0.284613,10763.8,0.75,1.76877,0.843193,21.6666,,,,,
u2netp-v1,93,120,0.638225,0.94117,0.664744,0.858761,0.100811,0.348647,9,7,0.333333,0.631348,0.75,0.473511,1,0,0.85085,0.600951,0.704393,0.291013,0.30281,0.296794,0.832128,0.0946798,3.00847,16.2721,0.792088,0.269461,8292.71,0.714286,1.61608,4.84525,23.4817,,,,,
u2netp-v1,93,128,0.576008,0.973644,0.585132,0.844279,0.11693,0.353856,9,5,0.333333,0.651751,0.571429,0.372429,1,0,0.823747,0.495048,0.618435,0.358198,0.279678,0.314105,0.868101,0.114891,3.36138,16.8888,0.803183,0.409098,10024.2,1,1.77132,0.310776,22.4542,15.0897,6.16353,2.2,0.495821,129.321
u2netp-v1,93,136,0.61242,0.760728,0.758531,0.76022,0.141221,0.306106,9,5,0.222222,0.637564,0.571429,0.364322,1,0,0.583281,0.581596,0.582437,0.214584,0.230726,0.222362,0.857298,0.125912,12.5237,36.3422,0.922132,0.229804,18022.2,0.6,2.07863,3.44174,22.2452,,,,,
u2netp-v1,93,144,0.665699,0.973816,0.677832,0.88467,0.0982487,0.412876,9,5,0.444444,0.689378,0.714286,0.492413,1,0,0.868013,0.604186,0.71246,0.3774,0.35348,0.365049,0.885253,0.100885,3.00717,12.8723,0.913876,0.294317,12343.6,1,1.57722,1.99776,22.366,,,,,
u2netp-v1,93,152,0.771722,0.953624,0.801814,0.913702,0.0765267,0.354671,9,7,0.555556,0.695154,0.875,0.60826,2,0,0.880322,0.740181,0.804192,0.304053,0.32675,0.314993,0.869361,0.0914706,2.57614,13.8078,0.924241,0.237073,11905.7,0.714286,0.928221,4.65581,21.7007,,,,,
u2netp-v1,93,160,0.64979,0.822196,0.756027,0.805918,0.126494,0.378677,9,3,0.111111,0.742768,0.166667,0.123795,2,0,0.587488,0.540208,0.562857,0.24871,0.215564,0.230954,0.655504,0.335489,27.1682,86.8388,0.941053,0.577585,29230.7,1,1.58278,1.5416,21.6288,10.5536,8.38254,2.33333,0.377845,107.299
u2netp-v1,93,168,0.629055,0.787965,0.757235,0.780654,0.148675,0.324706,9,5,0.333333,0.691285,0.428571,0.296265,1,0,0.627428,0.602958,0.61495,0.218108,0.230532,0.224148,0.861234,0.12915,9.77632,33.0891,0.937392,0.165306,23768.8,1,1.36063,0.252456,22.1419,,,,,
u2netp-v1,93,176,0.759451,0.941496,0.797065,0.903707,0.0844076,0.368429,9,5,0.333333,0.734482,0.428571,0.314778,3,0,0.769839,0.651741,0.705884,0.253607,0.257774,0.255674,0.756651,0.213378,8.50461,30.7761,0.932408,0.166425,17390.4,0.8,0.879072,3.78102,21.8311,,,,,
u2netp-v1,93,184,0.786879,0.937788,0.830217,0.910562,0.0769629,0.378291,9,6,0.555556,0.759297,0.666667,0.506198,2,0,0.831455,0.736081,0.780867,0.301273,0.325225,0.312791,0.848717,0.119019,3.96035,20.5106,0.957334,0.158698,15514.2,0.833333,0.526002,3.7018,21.4257,,,,,
u2netp-v1,93,192,0.67469,0.78451,0.828171,0.794172,0.136423,0.358079,9,7,0.333333,0.796323,0.375,0.298621,1,0,0.627895,0.66284,0.644894,0.243767,0.27462,0.258275,0.832094,0.11358,6.98244,24.3219,0.891024,0.123734,20869,0.8,0.935187,1.44706,21.4408,7.82438,6.13083,2.6,0.495579,211.347
u2netp-v1,93,200,0.748348,0.851325,0.860854,0.853505,0.10027,0.355956,9,5,0.333333,0.67472,0.714286,0.481943,2,0,0.674136,0.681681,0.677888,0.247047,0.305592,0.273218,0.810204,0.153794,8.97118,34.0643,0.976865,0.199452,21519.4,0.8,0.293034,0.480765,21.1452,,,,,
u2netp-v1,93,208,0.7577,0.953172,0.786996,0.908884,0.0879102,0.350531,9,6,0.555556,0.711418,0.8,0.569134,1,0,0.873284,0.721037,0.789891,0.307427,0.303473,0.305437,0.875198,0.0858234,3.32471,12.6415,0.934936,0.13741,14766.7,0.833333,0.599227,3.88269,20.6891,,,,,
u2netp-v1,93,216,0.698187,0.962411,0.71776,0.892229,0.106787,0.315443,9,5,0.555556,0.810045,0.714286,0.578604,0,0,0.961941,0.71741,0.821872,0.352182,0.275946,0.309437,0.96562,0.0104589,0.237584,1.59745,0.939123,0.115127,15770.4,1,0.569195,2.54533,21.8704,,,,,
u2netp-v1,93,224,0.615246,0.947966,0.636749,0.851882,0.134069,0.252674,9,4,0.444444,0.771724,0.615385,0.474907,0,0,0.947002,0.636102,0.761023,0.297959,0.203789,0.242037,0.959209,0.0186215,0.55706,3.56939,0.943674,0.267106,17368.5,1,0.546555,0.942599,21.777,6.18954,4.83752,2.25,0.494905,141.901
u2netp-v1,93,232,0.795406,0.945796,0.833396,0.917248,0.0718815,0.315699,8,5,0.5,0.772381,0.769231,0.59414,1,0,0.765713,0.674714,0.717339,0.234676,0.259384,0.246412,0.903478,0.0733714,5.62332,23.4763,0.952066,0.166756,18153.8,0.8,0.351797,1.62606,22.6451,,,,,
u2netp-v1,93,240,0.762309,0.961341,0.786417,0.914404,0.0839974,0.29985,8,5,0.5,0.74599,0.769231,0.573838,1,0,0.777023,0.635637,0.699255,0.242385,0.248615,0.24546,0.889685,0.0690574,3.83235,20.4433,0.942826,0.146874,17217,0.8,0.275734,2.68117,20.5533,,,,,
u2netp-v1,93,248,0.731685,0.940082,0.767477,0.893699,0.0919206,0.301239,8,5,0.375,0.72222,0.615385,0.444443,1,0,0.736681,0.601421,0.662215,0.214468,0.233863,0.223746,0.902114,0.0768066,5.72999,23.1487,0.839804,0.21564,16382.4,0.6,0.334618,1.3731,20.6079,,,,,
u2netp-v1,94,0,0.696293,0.923561,0.738874,0.873193,0.0826009,0.393096,9,5,0.111111,0.575962,0.571429,0.329121,3,0,0.62755,0.502058,0.557833,0.240222,0.245111,0.242642,0.758844,0.229374,10.1485,41.5569,0.863261,0.213927,12598.2,0.6,1.29564,5.5625,21.8065,6.33776,4.76276,3.4,0.537844,133.626
u2netp-v1,94,8,0.415451,0.956205,0.423509,0.741092,0.184805,0.354583,9,4,0.111111,0.657477,0.307692,0.202301,1,0,0.690594,0.305868,0.423962,0.279699,0.215294,0.243306,0.810923,0.177836,7.32636,31.0754,0.682882,0.388773,10549.2,0.75,1.16991,0.173615,24.1431,,,,,
u2netp-v1,94,16,0.441012,0.972313,0.446621,0.764622,0.173008,0.373117,9,3,0,0.541892,0.333333,0.180631,2,0,0.694586,0.31905,0.437253,0.311374,0.207614,0.249122,0.719712,0.260004,9.99639,39.1308,0.803789,0.370095,14375,1,1.33904,2.27064,24.6168,,,,,
u2netp-v1,94,24,0.479308,0.960536,0.488937,0.785659,0.162845,0.438965,9,3,0,0.54223,0.166667,0.0903717,2,0,0.526657,0.268082,0.355304,0.254812,0.205299,0.227392,0.694353,0.299568,15.0675,53.2472,0.615515,0.464603,15980.7,0.666667,1.25538,0.671935,22.8025,,,,,
u2netp-v1,94,32,0.519951,0.934541,0.539603,0.799504,0.153008,0.372969,9,5,0,0.523125,0.285714,0.149464,2,1,0.585164,0.337873,0.428393,0.250918,0.233399,0.241842,0.727759,0.25585,12.4007,42.7719,0.518662,0.509421,10895.4,0.6,1.51051,2.57538,22.0516,16.0335,4.23868,2.6,0.509822,128.767
u2netp-v1,94,40,0.678517,0.908933,0.728008,0.859633,0.107588,0.393912,9,6,0,0.527515,0.266667,0.140671,2,1,0.575457,0.460911,0.511854,0.206838,0.231315,0.218393,0.728328,0.261361,12.0867,41.3882,0.77845,0.50551,14499.2,0.8,1.22788,0.0121559,25.2914,,,,,
u2netp-v1,94,48,0.546921,0.966788,0.557393,0.826671,0.14695,0.390742,9,5,0,0.575569,0.285714,0.164448,2,1,0.666637,0.384344,0.487579,0.285289,0.23199,0.255894,0.748691,0.240526,13.1933,52.8305,0.708928,0.58348,13974,0.75,1.14857,0.403802,20.6374,,,,,
u2netp-v1,94,56,0.659713,0.919766,0.699997,0.857629,0.113044,0.383548,9,8,0.111111,0.582834,0.352941,0.205706,2,1,0.555589,0.422837,0.480207,0.205146,0.24541,0.223479,0.778278,0.180759,9.7617,30.8585,0.694656,0.570754,11863.3,0.5,1.61264,1.07526,20.4924,,,,,
u2netp-v1,94,64,0.680608,0.93162,0.716396,0.871219,0.106891,0.374401,9,7,0.333333,0.758856,0.375,0.284571,3,1,0.727839,0.559693,0.632786,0.247634,0.271954,0.259225,0.782255,0.194116,7.41883,38.1791,0.926266,0.228459,18455.5,1,1.62938,2.47568,20.3034,7.8042,6.44416,2.75,0.582581,115.112
u2netp-v1,94,72,0.549742,0.962068,0.561922,0.826284,0.149847,0.358884,9,5,0,0.59082,0.285714,0.168806,2,1,0.664858,0.388328,0.49029,0.25267,0.212591,0.230904,0.74864,0.240638,13.1251,52.9774,0.711111,0.40374,14405.8,0.75,1.34296,0.811138,22.5164,,,,,
u2netp-v1,94,80,0.520272,0.955903,0.533066,0.807999,0.160384,0.381482,9,5,0,0.588871,0.142857,0.0841244,2,1,0.543283,0.302966,0.389002,0.231524,0.170588,0.196439,0.701869,0.292713,18.371,63.5034,0.61019,0.706247,18421.3,0.666667,1.43661,0.387411,22.2306,,,,,
u2netp-v1,94,88,0.695601,0.921641,0.739325,0.872017,0.103343,0.349002,9,5,0.111111,0.662458,0.142857,0.0946368,3,0,0.647907,0.51974,0.576789,0.183146,0.212548,0.196754,0.732732,0.257324,10.8492,44.9137,0.882635,0.22848,19260,0.75,1.4522,3.31295,22.8915,,,,,
u2netp-v1,94,96,0.693936,0.955307,0.717221,0.887332,0.0996452,0.3595,9,4,0.111111,0.564153,0.307692,0.173586,3,0,0.666061,0.500062,0.571246,0.215004,0.235999,0.225013,0.739232,0.249494,10.5843,46.0142,0.806924,0.419666,18162.8,0.75,1.41947,2.28272,24.3341,5.88593,4.75264,4,0.539899,138.271
u2netp-v1,94,104,0.671337,0.973698,0.683736,0.886901,0.10873,0.356736,9,4,0,0.562214,0.153846,0.0864945,2,1,0.611094,0.429114,0.504186,0.184628,0.163633,0.173498,0.697731,0.29477,19.2617,66.3125,0.785857,0.65665,23233.7,1,1.52977,2.08091,23.5313,,,,,
u2netp-v1,94,112,0.52306,0.961396,0.534281,0.81166,0.149095,0.394751,9,2,0,,0,0,2,0,0.505263,0.280793,0.360977,0.229786,0.193918,0.210334,0.51656,0.475211,24.6387,74.419,0.866996,0.325871,26124,1,1.65713,0.70981,24.5831,,,,,
u2netp-v1,94,120,0.660914,0.938903,0.690616,0.866974,0.107331,0.372333,9,4,0.222222,0.689351,0.461538,0.318162,3,0,0.719495,0.52923,0.609867,0.235673,0.267718,0.250675,0.767737,0.211705,8.45958,42.0953,0.89223,0.24257,17112,1,1.60181,5.66952,27.0399,,,,,
u2netp-v1,94,128,0.6674,0.954727,0.689212,0.876779,0.0979102,0.371541,9,3,0,,0,0,2,1,0.424395,0.306369,0.355851,0.177031,0.178506,0.177766,0.47162,0.520579,29.5687,87.3486,0.885104,0.763297,31267,1,1.54666,1.64917,23.1491,5.6822,5.1032,5.5,0.468284,102.108
u2netp-v1,94,136,0.65715,0.851209,0.742433,0.82337,0.115511,0.284093,9,4,0.111111,0.635878,0.307692,0.195655,1,0,0.542301,0.473,0.505285,0.155078,0.161915,0.158423,0.722198,0.249004,15.5418,34.5458,0.879528,0.0807245,26492,1,1.83899,1.37253,23.249,,,,,
u2netp-v1,94,144,0.589416,0.969803,0.600436,0.849243,0.114408,0.389767,9,5,0.222222,0.704725,0.428571,0.302025,2,1,0.78345,0.485059,0.599159,0.31965,0.237028,0.272207,0.866749,0.121727,4.91737,26.5425,0.83427,0.226094,12779.5,1,1.50128,2.95939,23.4281,,,,,
u2netp-v1,94,152,0.691565,0.952683,0.716164,0.885217,0.0833659,0.38963,9,3,0,0.540169,0.333333,0.180056,3,0,0.617314,0.464056,0.529825,0.251672,0.213463,0.230998,0.605906,0.381946,17.5848,67.0338,0.889038,0.310534,20091.3,1,0.968584,5.55411,21.451,,,,,
u2netp-v1,94,160,0.66741,0.865527,0.744622,0.834267,0.101455,0.358581,9,2,0,0.571963,0.181818,0.103993,2,0,0.430542,0.3704,0.398213,0.169948,0.158676,0.164119,0.492321,0.503085,33.5298,89.0336,0.912147,0.24131,36130,1,1.47697,2.55873,21.2929,13.1102,8.41868,4,0.43662,98.0833
u2netp-v1,94,168,0.669259,0.852148,0.757183,0.828178,0.104798,0.365066,9,2,0,0.596731,0.181818,0.108496,2,0,0.455133,0.404412,0.428276,0.186444,0.176817,0.181503,0.506688,0.48781,30.9158,87.4691,0.922757,0.0284841,38224,1,1.41825,1.23028,21.1488,,,,,
u2netp-v1,94,176,0.650741,0.85123,0.734248,0.821043,0.106133,0.416459,9,3,0,0.549589,0.166667,0.0915981,2,0,0.402592,0.347265,0.372888,0.190055,0.191349,0.1907,0.322214,0.674448,40.7131,101.627,0.606806,0.316582,23788.3,1,0.9921,4.73665,19.7706,,,,,
u2netp-v1,94,184,0.455925,0.950975,0.466899,0.767374,0.159971,0.3737,9,4,0,0.515285,0.153846,0.0792747,2,0,0.6256,0.307151,0.412015,0.2354,0.129027,0.166689,0.749074,0.206314,9.02618,32.7618,0.537844,0.474845,10826,0.5,0.8021,4.88671,20.8943,,,,,
u2netp-v1,94,192,0.580677,0.962781,0.594011,0.842133,0.119974,0.396947,9,3,0.111111,0.579696,0.333333,0.193232,2,0,0.612496,0.377894,0.467409,0.340431,0.243127,0.283667,0.705423,0.281255,12.9901,46.0981,0.862096,0.246617,17670.3,1,1.02461,2.04911,22.0585,5.56012,4.79751,5.33333,0.407338,117.503
u2netp-v1,94,200,0.311781,0.998663,0.311911,0.6622,0.198535,0.205427,9,2,0.111111,0.733875,0.181818,0.133432,1,0,0.804063,0.251132,0.382727,0.314826,0.0906643,0.140785,0.757263,0.237104,7.90062,25.4569,0.89675,0.242643,13833.5,1,0.921713,2.58821,23.0562,,,,,
u2netp-v1,94,208,0.29473,0.978572,0.296644,0.639383,0.218776,0.243287,9,3,0.222222,0.726478,0.5,0.363239,0,0,0.968259,0.293518,0.450478,0.532807,0.151319,0.235699,0.960879,0.0162438,0.318636,2.00038,0.85516,0.173976,9567,1,0.734259,4.8748,30.9237,,,,,
u2netp-v1,94,216,0.0494324,0.987024,0.0494646,0.183665,0.295205,0.0916825,9,1,0.111111,0.903448,0.2,0.18069,0,0,0.987024,0.0494646,0.0942079,0.761905,0.0423401,0.0802222,0.987024,0.00167434,0.14812,1.22636,0.993588,0.357756,4778,1,0.779696,4.41256,32.0299,,,,,
u2netp-v1,94,224,0.230531,0.998654,0.230603,0.564656,0.225661,0.132354,9,2,0.222222,0.829588,0.363636,0.301668,0,0,0.986008,0.227683,0.369941,0.46872,0.0904936,0.151699,0.988388,0.00553579,0.123193,0.543331,0.928318,0.100751,10398.5,1,0.854863,2.31462,42.8367,5.04533,3.23555,1.5,0.614049,103.358
u2netp-v1,94,232,0.0842165,0.989138,0.0842945,0.284468,0.286898,0.104997,9,2,0.111111,0.911948,0.181818,0.165809,0,0,0.989016,0.0842841,0.155331,0.503135,0.0561483,0.101023,0.988784,0.00749724,0.157543,1.09024,0.700472,0.219143,4097,0.5,0.650955,3.72521,30.1636,,,,,
u2netp-v1,94,240,0.689449,0.969184,0.704901,0.892007,0.108092,0.4042,9,6,0.333333,0.625679,0.8,0.500543,1,0,0.877695,0.63836,0.739136,0.346667,0.30992,0.327265,0.902461,0.0686447,2.50698,10.8376,0.83453,0.22507,12677.3,0.833333,0.685182,4.72129,35.0547,,,,,
u2netp-v1,94,248,0.149248,0.97398,0.149845,0.429216,0.275049,0.196615,9,2,0.222222,0.851935,0.363636,0.309795,0,0,0.97398,0.149845,0.259731,0.606838,0.11042,0.186842,0.979747,0.0122401,0.24543,1.80152,0.971989,0.0030697,7609.5,1,0.666866,5.2753,27.1323,,,,,
u2netp-v1,95,0,0.811206,0.948216,0.84881,0.923264,0.0522428,0.497402,9,3,0.111111,0.704562,0.166667,0.117427,3,0,0.460543,0.412262,0.435067,0.261119,0.252278,0.256623,0.538961,0.4392,25.875,90.6389,0.96694,0.828663,24241.7,1,1.47757,6.4089,36.4538,5.23787,5.31737,3.66667,0.470142,136.716
u2netp-v1,95,8,0.689012,0.967889,0.70513,0.891247,0.0755078,0.387063,9,4,0.111111,0.643371,0.307692,0.19796,2,1,0.532309,0.3878,0.448706,0.246871,0.161324,0.195133,0.699253,0.267634,13.5136,50.5377,0.93864,0.492132,17523,1,1.37837,0.28938,27.6134,,,,,
u2netp-v1,95,16,0.686681,0.899132,0.743994,0.857852,0.0816895,0.326297,9,5,0.111111,0.64567,0.285714,0.184477,2,0,0.562949,0.465816,0.509797,0.201773,0.210579,0.206082,0.677252,0.305086,20.279,65.5122,0.861519,0.365052,14208,0.75,1.4102,2.34359,25.0295,,,,,
u2netp-v1,95,24,0.678084,0.9701,0.692558,0.887979,0.0817773,0.416551,9,3,0.111111,0.64931,0.333333,0.216437,2,0,0.525482,0.375144,0.437765,0.276696,0.176856,0.215787,0.715607,0.253735,13.6874,50.5436,0.93089,0.552672,18182.7,1,1.28103,1.2154,25.5118,,,,,
u2netp-v1,95,32,0.727544,0.971433,0.74345,0.907231,0.0725033,0.437271,9,5,0.222222,0.667122,0.285714,0.190606,1,1,0.510445,0.39065,0.442585,0.292384,0.192778,0.232356,0.774163,0.18633,9.5733,34.8515,0.722062,0.472357,15156,0.75,1.39057,3.69183,21.8778,11.2821,2.90235,3,0.492011,100.379
u2netp-v1,95,40,0.75235,0.93098,0.796792,0.896152,0.069043,0.42116,9,5,0.222222,0.701762,0.285714,0.200503,2,0,0.459285,0.393085,0.423614,0.220399,0.238634,0.229154,0.665835,0.310528,16.7887,52.3665,0.944304,0.394413,16654,0.75,1.301,0.367278,23.5171,,,,,
u2netp-v1,95,48,0.757203,0.882398,0.842195,0.872783,0.072334,0.42979,9,4,0.111111,0.644653,0.153846,0.0991775,3,0,0.49711,0.474461,0.485521,0.215228,0.20141,0.20809,0.58798,0.372917,22.5926,97.6099,0.950737,0.518162,24076.3,1,1.43673,0.717911,23.8395,,,,,
u2netp-v1,95,56,0.717838,0.841876,0.829704,0.839035,0.0899512,0.426453,9,8,0.333333,0.748102,0.352941,0.264036,2,1,0.444829,0.438398,0.44159,0.231701,0.262186,0.246003,0.763013,0.211824,11.3048,37.7788,0.828291,0.345936,12361,0.5,1.8982,1.13041,20.0449,,,,,
u2netp-v1,95,64,0.725099,0.840818,0.840474,0.840739,0.0888704,0.419247,9,7,0.444444,0.689943,0.5,0.344972,2,0,0.495306,0.495104,0.495205,0.256293,0.283202,0.269077,0.772564,0.177942,9.01195,34.2091,0.903131,0.151557,12827.8,0.666667,1.87184,2.55762,20.311,4.31484,3.87388,2.83333,0.554761,182.755
u2netp-v1,95,72,0.697719,0.845523,0.799653,0.834476,0.0950228,0.384091,9,3,0,,0,0,2,0,0.395794,0.374322,0.384758,0.145626,0.146779,0.1462,0.439876,0.545236,33.5519,109.018,0.980375,0.585877,35317.5,1,1.52242,0.467946,25.5113,,,,,
u2netp-v1,95,80,0.739894,0.827258,0.875096,0.837827,0.0864844,0.42355,9,3,0,,0,0,2,0,0.367573,0.388828,0.377902,0.19203,0.191425,0.191727,0.290998,0.696668,72.5866,160.958,0.927263,0.842231,30452,1,1.64526,0.0799459,24.0074,,,,,
u2netp-v1,95,88,0.734455,0.839012,0.854938,0.842634,0.0873568,0.37084,9,7,0.444444,0.649013,0.625,0.405633,2,0,0.499469,0.50895,0.504165,0.260093,0.291939,0.275097,0.771269,0.187743,9.00146,35.152,0.916,0.228911,13284.5,0.666667,1.66971,3.51253,20.6576,,,,,
u2netp-v1,95,96,0.751852,0.833194,0.885075,0.844619,0.084388,0.420315,9,6,0.333333,0.682721,0.4,0.273088,3,0,0.446532,0.474337,0.460014,0.233619,0.251921,0.242425,0.661839,0.306689,15.6093,60.4254,0.970612,0.445524,16600.4,0.6,1.7533,2.67253,24.6956,3.86118,4.21753,2.8,0.502398,153.939
u2netp-v1,95,104,0.747821,0.836055,0.876328,0.845017,0.0819368,0.41792,9,5,0.111111,0.726833,0.142857,0.103833,2,0,0.414651,0.434624,0.424403,0.200938,0.190714,0.195692,0.612141,0.365066,21.2971,71.8328,0.988164,0.424071,25839.3,0.666667,1.76846,1.65047,24.9659,,,,,
u2netp-v1,95,112,0.831126,0.963678,0.858003,0.937045,0.051084,0.437826,9,3,0,,0,0,2,0,0.444582,0.39583,0.418792,0.253255,0.199512,0.223194,0.561414,0.412768,22.988,74.8892,0.904825,0.334275,26715,0.666667,1.82996,0.459509,20.5683,,,,,
u2netp-v1,95,120,0.750237,0.860196,0.854419,0.858856,0.0823079,0.367353,9,7,0.444444,0.631922,0.625,0.394951,2,0,0.512804,0.50936,0.511076,0.230707,0.271826,0.249584,0.762677,0.178134,8.05982,33.5341,0.91084,0.274183,13556.5,0.666667,1.86772,5.83826,21.2932,,,,,
u2netp-v1,95,128,0.840313,0.968099,0.864244,0.941977,0.0491276,0.496602,9,3,0,0.586705,0.166667,0.0977842,2,0,0.451185,0.402784,0.425613,0.269507,0.210252,0.23622,0.584467,0.396856,23.0788,72.6653,0.935258,0.178835,27345,0.666667,1.76418,1.72548,20.086,4.25986,4.26016,4,0.473551,123.46
u2netp-v1,95,136,0.658735,0.965945,0.674397,0.878321,0.0991602,0.351892,9,2,0,0.57769,0.363636,0.210069,2,0,0.63,0.439849,0.518026,0.343137,0.180085,0.236205,0.667956,0.297535,12.0638,55.4619,0.943154,0.178522,30436.5,1,2.55823,4.79135,23.7107,,,,,
u2netp-v1,95,144,0.834768,0.965964,0.860066,0.939275,0.0517318,0.495931,9,4,0.111111,0.720537,0.153846,0.110852,3,0,0.504265,0.448983,0.475021,0.32246,0.26746,0.292396,0.668797,0.316261,18.6315,62.1723,0.846867,0.384022,20779.2,0.75,1.67549,3.08468,21.1999,,,,,
u2netp-v1,95,152,0.766182,0.875336,0.860027,0.871755,0.0803125,0.42011,9,7,0.444444,0.639967,0.625,0.399979,2,0,0.511217,0.502276,0.506707,0.225742,0.265811,0.244143,0.782835,0.171187,7.62201,31.6572,0.906048,0.313036,14217.5,0.666667,1.08052,5.90176,20.6606,,,,,
u2netp-v1,95,160,0.839358,0.963494,0.866929,0.939348,0.0511198,0.436714,9,2,0.111111,0.669926,0.181818,0.121805,1,0,0.396569,0.356824,0.375648,0.141469,0.115056,0.126903,0.682438,0.304814,24.8384,87.8085,0.971344,0.547414,42581.5,0.5,1.64499,2.31907,33.5015,5.74499,5.30358,4,0.518278,116.756
u2netp-v1,95,168,0.54861,0.968512,0.558572,0.828239,0.142767,0.278722,9,4,0,0.574697,0.153846,0.0884149,1,1,0.460399,0.265527,0.336807,0.227131,0.148258,0.179408,0.742636,0.231305,9.76628,30.4899,0.636167,0.317819,17966.7,0.666667,1.51433,0.625098,26.741,,,,,
u2netp-v1,95,176,0.811712,0.93313,0.861844,0.915652,0.0630208,0.438361,9,5,0.222222,0.710643,0.285714,0.203041,3,0,0.497171,0.45919,0.477427,0.230298,0.222243,0.226199,0.649143,0.311346,16.0382,63.6298,0.965924,0.560107,21752.5,0.75,1.0622,4.4219,26.0601,,,,,
u2netp-v1,95,184,0.758781,0.90933,0.820889,0.88727,0.0783984,0.398002,9,6,0.444444,0.713624,0.533333,0.380599,2,0,0.504927,0.455818,0.479118,0.25956,0.275274,0.267186,0.78158,0.183478,9.19426,35.1707,0.953259,0.370132,15776.8,0.8,0.649965,4.45471,22.2708,,,,,
u2netp-v1,95,192,0.802459,0.964011,0.827241,0.928582,0.0634505,0.348762,9,2,0,0.572714,0.181818,0.10413,1,0,0.438925,0.376652,0.405411,0.173636,0.13327,0.150799,0.683806,0.283588,20.7913,71.47,0.911968,0.665103,41068.5,1,1.11705,1.83107,22.8898,9.3496,7.78604,3,0.343476,122.712
u2netp-v1,95,200,0.758856,0.970785,0.776591,0.917821,0.0729036,0.353173,9,2,0,,0,0,1,0,0.446466,0.357156,0.396849,0.158347,0.119257,0.13605,0.658354,0.309679,20.7028,72.4831,0.675354,0.417571,36299.5,1,1.02146,1.82458,22.68,,,,,
u2netp-v1,95,208,0.597862,0.968028,0.609905,0.85251,0.115947,0.358801,9,6,0.333333,0.697551,0.533333,0.372027,1,1,0.717991,0.45237,0.555038,0.284091,0.225472,0.25141,0.876831,0.0806349,2.89043,13.6833,0.775854,0.300373,10857.8,0.8,0.750491,4.762,22.4046,,,,,
u2netp-v1,95,216,0.746835,0.966897,0.766432,0.911858,0.0724544,0.385639,9,4,0.111111,0.610101,0.153846,0.0938617,1,1,0.574489,0.455382,0.508048,0.249685,0.191301,0.216628,0.796139,0.171281,12.3012,50.4831,0.817216,0.678112,22153.7,0.666667,0.809597,3.03489,22.5252,,,,,
u2netp-v1,95,224,0.501692,0.978721,0.507225,0.805854,0.141868,0.247062,9,2,0,,0,0,1,0,0.505956,0.262213,0.345414,0.163878,0.0648374,0.0929139,0.749658,0.235504,9.21267,38.3799,0.589547,0.574949,22416,0.5,0.678341,1.32469,22.7151,16.3176,4.81282,3,0.39993,78.7735
u2netp-v1,95,232,0.791295,0.962121,0.816739,0.924159,0.0580957,0.415987,9,3,0.222222,0.716902,0.333333,0.238967,1,0,0.628125,0.533211,0.576789,0.277991,0.191503,0.226781,0.800458,0.166202,11.6528,48.3088,0.942987,0.549192,23443.3,1,0.707027,2.34692,23.2137,,,,,
u2netp-v1,95,240,0.780218,0.950819,0.813029,0.915032,0.0575977,0.408289,8,5,0.375,0.750885,0.461538,0.346562,1,0,0.568496,0.486111,0.524086,0.269072,0.253575,0.261093,0.843886,0.119655,7.23788,23.2561,0.846536,0.273271,13212.4,0.8,0.772897,4.18745,23.1402,,,,,
u2netp-v1,95,248,0.807395,0.963825,0.832627,0.930007,0.0507715,0.386911,8,2,0.125,0.6134,0.2,0.12268,1,0,0.389616,0.336581,0.361162,0.188598,0.142921,0.162612,0.658502,0.31879,24.6471,68.1536,0.936319,0.807675,33918,0.5,0.600756,2.85919,23.8516,,,,,
u2netp-v1,96,0,0.876886,0.949786,0.919515,0.942625,0.0435514,0.461142,10,1,0,,0,0,1,0,0.255524,0.24738,0.251386,0.112426,0.0861775,0.0975672,0.255524,0.735864,51.6459,137.634,0.996808,0.888979,100331,1,1.63129,6.52536,22.7238,9.04367,9.41487,5,0.453171,127.275
u2netp-v1,96,8,0.878046,0.972306,0.900568,0.954755,0.0382715,0.540087,10,1,0,,0,0,1,0,0.200646,0.185842,0.19296,0.112209,0.0893716,0.0994966,0.200646,0.793163,57.6062,136.419,1,0.916106,87059,1,1.39687,0.276266,25.4168,,,,,
u2netp-v1,96,16,0.83167,0.967977,0.8552,0.939389,0.0455664,0.421885,10,1,0,,0,0,1,0,0.177822,0.157104,0.166822,0.0999554,0.0819832,0.0900816,0.177822,0.807496,77.4925,236.804,0.999908,2.00027,71448,1,1.42495,2.53638,23.1043,,,,,
u2netp-v1,96,24,0.8753,0.970452,0.899267,0.953042,0.0400879,0.540622,10,1,0,,0,0,1,0,0.21307,0.197441,0.204958,0.10973,0.0916097,0.0998545,0.21307,0.780957,56.1631,136.718,0.999772,1.19245,89074,1,1.43968,0.649293,25.0288,,,,,
u2netp-v1,96,32,0.850361,0.952868,0.887699,0.936994,0.0481413,0.469911,10,1,0,,0,0,1,0,0.254629,0.237214,0.245613,0.114569,0.0828642,0.0961708,0.254629,0.733761,49.4428,133.423,0.999952,0.571609,88199,1,1.68375,2.72093,23.8797,11.5773,13.6916,4,0.47154,112.244
u2netp-v1,96,40,0.814989,0.960735,0.843071,0.930757,0.0572624,0.476376,10,1,0,,0,0,1,0,0.155944,0.136845,0.145772,0.121,0.0969006,0.107617,0.155944,0.830356,93.6023,238.63,0.999531,2.17715,80657,1,1.28798,0.293088,23.1177,,,,,
u2netp-v1,96,48,0.864327,0.967269,0.890368,0.948367,0.0402116,0.480743,10,1,0,,0,0,1,0,0.203147,0.186996,0.194737,0.126243,0.0961397,0.109154,0.203147,0.791396,55.2363,136.377,0.983962,0.933429,81360,1,1.32338,0.547255,22.6966,,,,,
u2netp-v1,96,56,0.777744,0.956343,0.806374,0.916987,0.0713216,0.373744,10,2,0,,0,0,1,0,0.243695,0.20548,0.222961,0.0873519,0.0727888,0.0794082,0.61628,0.377351,23.4517,61.6947,0.566396,0.600672,40085,0.5,1.89828,1.18193,23.4096,,,,,
u2netp-v1,96,64,0.832392,0.954589,0.866713,0.932764,0.0541211,0.415567,10,2,0,,0,0,1,0,0.252052,0.228849,0.239891,0.0915961,0.070415,0.079621,0.61957,0.375309,23.2096,61.2306,0.601854,0.615463,43249,0.5,1.80285,2.7556,23.2578,23.5386,8.27291,2.5,0.395548,110.945
u2netp-v1,96,72,0.842968,0.928461,0.901523,0.922102,0.0508561,0.506015,10,1,0,,0,0,1,0,0.210433,0.204328,0.207335,0.129826,0.110448,0.119356,0.210433,0.781895,59.6708,149.072,0.971802,1.24117,90328,1,1.44208,0.471269,21.0219,,,,,
u2netp-v1,96,80,0.768608,0.973946,0.784742,0.922613,0.0756868,0.520332,10,2,0.1,0.702705,0.166667,0.117117,1,0,0.37006,0.29817,0.330248,0.219024,0.166398,0.189118,0.636152,0.359437,23.074,63.299,0.892974,0.436693,39649,1,1.59381,0.436167,20.6422,,,,,
u2netp-v1,96,88,0.417173,0.939625,0.428663,0.736918,0.190817,0.312084,10,1,0,,0,0,1,0,0.23868,0.108887,0.149549,0.104331,0.0473498,0.0651374,0.23868,0.73812,34.928,90.9927,0.977054,0.928153,44654,1,1.88357,3.72227,21.2604,,,,,
u2netp-v1,96,96,0.58417,0.965519,0.596617,0.844953,0.147093,0.394583,10,1,0,,0,0,1,0,0.325003,0.200827,0.248253,0.146033,0.0833917,0.106161,0.325003,0.665977,43.6503,126.976,0.877584,0.856296,65747,1,1.7126,2.4411,22.3731,10.9517,11.7046,3,0.396668,90.2677
u2netp-v1,96,104,0.882511,0.972674,0.904947,0.95616,0.0385645,0.517414,10,1,0,,0,0,1,0,0.24965,0.232267,0.240645,0.114834,0.0930535,0.102803,0.24965,0.740742,48.6108,129.966,0.953113,0.30695,91488,1,1.70973,2.01395,23.2946,,,,,
u2netp-v1,96,112,0.74641,0.970083,0.763997,0.913235,0.0921615,0.508351,9,1,0,,0,0,1,0,0.243891,0.192079,0.214906,0.125439,0.0849245,0.10128,0.243891,0.747634,44.1734,118.991,0.804396,0.92062,85903,1,1.98127,0.463433,20.9599,,,,,
u2netp-v1,96,120,0.609472,0.946479,0.631227,0.848668,0.144593,0.407417,10,1,0,,0,0,1,0,0.198779,0.13257,0.15906,0.117117,0.0736717,0.0904478,0.198779,0.789533,71.6618,155.032,0.994212,1.7185,73242,1,1.92393,6.12657,20.4887,,,,,
u2netp-v1,96,128,0.82093,0.965636,0.845635,0.935017,0.0662435,0.461776,9,1,0,,0,0,1,0,0.220302,0.192924,0.205706,0.0964912,0.0786657,0.0866714,0.220302,0.771811,51.5001,133.822,0.764211,0.806727,96613,1,1.92348,1.85334,21.2845,10.2891,9.42009,5,0.397116,119.846
u2netp-v1,96,136,0.563148,0.974203,0.571673,0.838031,0.147907,0.420943,9,1,0,,0,0,1,0,0.196344,0.115217,0.145218,0.105973,0.0741095,0.0872222,0.196344,0.803007,93.8372,224.142,0.996335,2.47242,60124,1,6.61728,12.7714,24.7302,,,,,
u2netp-v1,96,144,0.873842,0.95547,0.910941,0.944812,0.047666,0.494843,10,1,0,,0,0,1,0,0.300048,0.286065,0.292889,0.111489,0.0992419,0.10501,0.300048,0.690833,45.3281,131.556,0.999705,0.814818,106153,1,1.46492,3.27981,25.4885,,,,,
u2netp-v1,96,152,0.865818,0.950004,0.907153,0.93976,0.0488118,0.467774,9,1,0,,0,0,1,0,0.275322,0.262903,0.268969,0.102004,0.0864642,0.0935935,0.275322,0.712385,45.9361,131.061,0.998005,0.714084,101848,1,1.07991,6.024,20.4734,,,,,
u2netp-v1,96,160,0.871209,0.969577,0.895694,0.951465,0.046377,0.532564,9,1,0,,0,0,1,0,0.300449,0.277554,0.288548,0.118772,0.116308,0.117527,0.300449,0.687569,41.8664,123.616,0.999929,0.425404,99398,1,1.44488,2.29621,21.052,13.5657,14.5348,3,0.434993,127.952
u2netp-v1,96,168,0.690789,0.980105,0.700614,0.897483,0.101283,0.396367,9,1,0,,0,0,1,0,0.348261,0.248949,0.290348,0.10143,0.0881132,0.094304,0.348261,0.634326,26.2108,73.6113,0.99568,0.636675,70921,1,1.551,1.56951,25.1668,,,,,
u2netp-v1,96,176,0.783746,0.963634,0.807634,0.922513,0.0745182,0.45514,9,1,0,,0,0,1,0,0.28582,0.23955,0.260648,0.126085,0.107294,0.115933,0.28582,0.705666,40.3876,113.322,0.998821,0.135968,86096,1,1.18287,5.22664,22.6505,,,,,
u2netp-v1,96,184,0.78428,0.952259,0.81638,0.917036,0.068776,0.498605,9,1,0,,0,0,1,0,0.285192,0.244497,0.263281,0.129682,0.0944444,0.109293,0.285192,0.703167,41.6406,119.176,0.999817,1.16691,80665,1,0.796367,5.07151,22.4727,,,,,
u2netp-v1,96,192,0.0699492,0.995557,0.069971,0.245656,0.281243,0.0610043,9,1,0.111111,0.911334,0.2,0.182267,0,0,0.990501,0.0696157,0.130088,0.655527,0.0509835,0.0946089,0.990501,0.00352382,0.148008,0.956263,0.99292,0.400154,6527,1,0.97982,2.52289,22.4903,2.46247,2.492,1,0.761509,57.4397
u2netp-v1,96,200,0.505098,0.976656,0.511271,0.807115,0.13998,0.287651,9,1,0,,0,0,1,0,0.490242,0.256637,0.336907,0.159871,0.0912564,0.11619,0.490242,0.497452,20.8695,68.448,0.999624,0.110147,44937,1,0.941284,2.93285,27.3003,,,,,
u2netp-v1,96,208,0.735161,0.965995,0.754692,0.907368,0.0789844,0.496379,8,1,0,,0,0,1,0,0.262747,0.205273,0.230481,0.115249,0.0896831,0.100871,0.262747,0.730957,45.4755,125.045,0.985375,1.23736,69725,1,0.760866,5.0546,26.6398,,,,,
u2netp-v1,96,216,0.806712,0.953198,0.839984,0.924445,0.0541992,0.430687,8,1,0,,0,0,1,0,0.271662,0.239396,0.254511,0.114541,0.0983879,0.105852,0.271662,0.717652,43.4334,120.954,0.999948,1.29914,72903,1,0.571708,3.41874,22.4513,,,,,
u2netp-v1,96,224,0.481986,0.975698,0.487843,0.792751,0.139056,0.272891,8,1,0,,0,0,1,0,0.500822,0.250408,0.333879,0.125114,0.095459,0.108293,0.500822,0.486192,21.2046,71.8879,1,0.97418,40737,1,0.890869,2.09041,24.4086,3.74482,4.26655,6,0.577928,77.9917
u2netp-v1,96,232,0.381881,0.959113,0.388201,0.716086,0.157093,0.225035,8,2,0,,0,0,1,0,0.259635,0.105087,0.149617,0.182735,0.113518,0.14004,0.625175,0.372675,19.5116,43.3198,0.529146,0.708082,15543,0.5,0.530653,2.28005,23.9926,,,,,
u2netp-v1,96,240,0.26583,0.917012,0.272383,0.593096,0.177126,0.306046,7,1,0,,0,0,1,0,0.365371,0.108527,0.167347,0.208649,0.0659824,0.100259,0.365371,0.638445,37.0898,98.7683,0.97444,0.664474,21485,1,0.720578,4.80085,26.7753,,,,,
u2netp-v1,96,248,0.32356,0.939572,0.330436,0.659161,0.157559,0.25707,8,1,0,,0,0,1,0,0.331115,0.116449,0.172302,0.187891,0.0696186,0.101594,0.331115,0.667505,35.0758,85.4406,0.995333,0.607327,24641,1,0.395917,2.49804,34.0321,,,,,
u2netp-v1,97,0,0.790213,0.971676,0.808845,0.928539,0.049362,0.417207,10,6,0.5,0.725402,0.625,0.453376,1,0,0.507332,0.422314,0.460936,0.226808,0.292088,0.255342,0.85968,0.130329,7.46937,20.3941,0.917685,0.141294,9797.33,0.666667,1.4459,6.17999,30.8541,3.53049,3.98332,2.66667,0.596928,149.925
u2netp-v1,97,8,0.690086,0.956515,0.712437,0.886433,0.0881087,0.471875,10,10,0.4,0.753481,0.5,0.37674,1,1,0.759022,0.565339,0.648018,0.358495,0.352116,0.355277,0.888177,0.0749254,3.56319,11.7327,0.86053,0.270558,7680.75,0.625,1.49584,1.0741,27.0057,,,,,
u2netp-v1,97,16,0.494982,0.985043,0.498731,0.804102,0.151361,0.383745,10,5,0.3,0.864529,0.4,0.345811,1,0,0.773678,0.391716,0.520102,0.425618,0.25776,0.321074,0.884267,0.104021,4.56567,14.7045,0.812042,0.332227,9253.2,0.8,1.50025,2.64006,24.6862,,,,,
u2netp-v1,97,24,0.682221,0.959104,0.702661,0.884601,0.0931315,0.477613,10,7,0.4,0.741022,0.588235,0.435895,1,0,0.761102,0.557601,0.643649,0.353571,0.345653,0.349567,0.865505,0.109234,5.29422,26.0792,0.913416,0.180803,9148.57,0.857143,1.50742,0.396306,24.1571,,,,,
u2netp-v1,97,32,0.720181,0.967407,0.73809,0.902686,0.0802604,0.443665,10,7,0.4,0.726084,0.588235,0.427108,1,0,0.703092,0.536429,0.608556,0.330821,0.376151,0.352033,0.827894,0.133641,6.08494,24.7038,0.909367,0.18877,9370.86,0.857143,1.72171,2.63188,22.175,5.90046,5.26752,2.28571,0.429041,158.239
u2netp-v1,97,40,0.636174,0.953877,0.656364,0.863548,0.113307,0.431463,10,7,0.5,0.790376,0.588235,0.464927,1,0,0.785854,0.540748,0.640658,0.36954,0.336345,0.352162,0.881208,0.10075,5.43153,27.6057,0.905147,0.308954,9115.29,0.857143,1.44892,0.236512,20.488,,,,,
u2netp-v1,97,48,0.461009,0.965118,0.468821,0.775635,0.160374,0.439261,10,4,0.3,0.80757,0.428571,0.346101,1,0,0.600637,0.291768,0.392752,0.343265,0.213842,0.26352,0.805675,0.174488,13.4117,42.7136,0.9407,0.273239,10915.5,0.75,1.26745,0.498329,29.3012,,,,,
u2netp-v1,97,56,0.603029,0.916969,0.637859,0.832867,0.122018,0.343141,10,8,0.4,0.785439,0.444444,0.349084,1,0,0.711194,0.494718,0.583526,0.336985,0.342271,0.339607,0.866617,0.103577,4.63214,18.3642,0.782385,0.273314,7762.12,0.75,1.75033,1.37771,23.1776,,,,,
u2netp-v1,97,64,0.36136,0.946123,0.368952,0.695165,0.175081,0.302414,10,4,0.2,0.801769,0.285714,0.229077,1,0,0.659703,0.257259,0.370167,0.355191,0.156206,0.216986,0.835942,0.138158,6.70357,21.9549,0.787974,0.309795,8041.5,0.5,1.73414,2.74172,21.8331,19.3228,3.21487,2.5,0.521256,110.18
u2netp-v1,97,72,0.656871,0.775316,0.811312,0.783336,0.119958,0.426563,10,4,0.3,0.83751,0.428571,0.358933,1,0,0.33496,0.350511,0.342559,0.225054,0.224103,0.224578,0.776746,0.209672,22.954,49.172,0.965755,0.427178,22747.5,0.75,1.4051,0.463268,26.8593,,,,,
u2netp-v1,97,80,0.666278,0.761087,0.842484,0.778444,0.116481,0.383533,10,4,0.3,0.81666,0.428571,0.349997,1,0,0.295674,0.327295,0.310682,0.191275,0.194727,0.192986,0.764293,0.218688,22.6763,52.217,0.96021,0.136748,23466.8,0.75,1.56827,0.417498,21.4043,,,,,
u2netp-v1,97,88,0.624012,0.836481,0.710708,0.80366,0.105641,0.330007,10,7,0.4,0.789537,0.470588,0.371547,1,0,0.551701,0.468747,0.506852,0.226543,0.296917,0.256999,0.799717,0.176821,9.4791,23.9487,0.852888,0.166619,9198.57,0.571429,1.51644,3.59683,21.7217,,,,,
u2netp-v1,97,96,0.655026,0.752034,0.83547,0.769775,0.109489,0.419603,10,6,0.4,0.817333,0.5,0.408667,1,0,0.420922,0.467623,0.443045,0.281449,0.320316,0.299627,0.731867,0.248844,22.8812,49.9382,0.953116,0.309644,14153.8,0.833333,1.53218,2.56717,22.9509,5.96496,4.94848,2.33333,0.516184,136.191
u2netp-v1,97,104,0.630078,0.706064,0.854116,0.735484,0.136263,0.377481,10,4,0.3,0.829729,0.428571,0.355598,1,0,0.297056,0.359344,0.325245,0.175432,0.188912,0.181923,0.775916,0.211613,34.4258,74.6973,0.970008,0.945361,25245.2,0.5,1.64666,1.54751,25.3515,,,,,
u2netp-v1,97,112,0.719527,0.945406,0.75072,0.892022,0.0760938,0.433655,10,6,0.4,0.779161,0.5,0.38958,1,0,0.528566,0.419719,0.467896,0.227971,0.205205,0.215989,0.814892,0.171124,11.9179,39.5522,0.961953,0.150134,12614.4,0.6,1.82758,0.477009,20.0786,,,,,
u2netp-v1,97,120,0.624557,0.880885,0.682168,0.825399,0.0906478,0.373173,10,9,0.3,0.772356,0.421053,0.325203,1,0,0.676903,0.524202,0.590846,0.289108,0.360716,0.320967,0.818982,0.16795,13.4899,35.2142,0.781674,0.222245,6523.75,0.625,1.72352,5.98419,23.7065,,,,,
u2netp-v1,97,128,0.695338,0.966206,0.71267,0.892901,0.0810677,0.421047,10,5,0.3,0.798562,0.4,0.319425,1,0,0.483791,0.356843,0.410732,0.202871,0.169147,0.184481,0.849637,0.138634,11.6844,34.9598,0.86734,0.44326,11765.4,0.4,1.77209,1.66054,22.3065,7.54817,3.76063,3,0.577018,128.582
u2netp-v1,97,136,0.358346,0.960939,0.363643,0.696814,0.182826,0.212348,10,3,0.1,0.877309,0.153846,0.134971,1,0,0.727459,0.275288,0.399425,0.252842,0.125175,0.16745,0.852682,0.131042,10.1969,43.8328,0.740622,0.739669,10880.3,0.666667,2.01108,2.10727,21.7214,,,,,
u2netp-v1,97,144,0.626561,0.961526,0.642673,0.862748,0.102308,0.403737,10,6,0.4,0.730634,0.75,0.547976,2,0,0.753547,0.503662,0.603771,0.32802,0.290148,0.307924,0.865171,0.106043,3.4386,16.0079,0.983353,0.136325,9140.33,0.666667,1.53805,3.15005,20.2147,,,,,
u2netp-v1,97,152,0.636238,0.912855,0.67738,0.845063,0.108532,0.342414,10,6,0.3,0.81875,0.375,0.307031,1,0,0.485426,0.360209,0.413547,0.196262,0.253721,0.221323,0.713869,0.235049,9.25134,26.6079,0.797926,0.319205,10647,0.666667,0.961819,5.66213,23.3872,,,,,
u2netp-v1,97,160,0.547571,0.968265,0.557577,0.827595,0.132614,0.382628,10,3,0.2,0.762632,0.307692,0.234656,1,0,0.444032,0.255697,0.324519,0.200766,0.140057,0.165004,0.751892,0.225366,17.323,59.052,0.973024,0.534837,16974,0.666667,1.41614,2.43446,20.9395,4.43572,4.4841,2.66667,0.470956,104.203
u2netp-v1,97,168,0.70722,0.881135,0.781807,0.856037,0.102145,0.292639,10,3,0.2,0.776903,0.307692,0.239047,1,0,0.274697,0.243731,0.258289,0.127928,0.140132,0.133752,0.720459,0.270873,28.9252,65.0819,0.970369,0.740938,28674,0.666667,1.11952,1.3681,21.9128,,,,,
u2netp-v1,97,176,0.613433,0.94163,0.637682,0.848319,0.117113,0.290985,10,5,0.3,0.82099,0.4,0.328396,1,0,0.413921,0.280311,0.334259,0.155487,0.183906,0.168507,0.806709,0.151865,13.1881,28.221,0.775162,0.473028,12126,0.6,0.923443,4.45251,29.3869,,,,,
u2netp-v1,97,184,0.189037,0.969694,0.190161,0.4983,0.244411,0.199908,10,3,0.1,0.90785,0.153846,0.139669,0,0,0.961327,0.18852,0.315223,0.316505,0.13411,0.188394,0.953658,0.00684537,0.291856,1.82525,0.73301,0.114244,6016.33,0.666667,0.674327,4.52711,23.3064,,,,,
u2netp-v1,97,192,0.695527,0.904355,0.750752,0.863581,0.108154,0.251835,10,4,0.2,0.769199,0.285714,0.219771,1,0,0.331057,0.274828,0.300333,0.154755,0.179448,0.166189,0.799767,0.194952,21.3428,49.1118,0.834909,0.506459,20981.2,0.5,0.786901,1.95482,25.7816,16.8788,8.35867,1.75,0.472276,153.71
u2netp-v1,97,200,0.192156,0.976707,0.19304,0.504281,0.278317,0.290339,10,4,0.2,0.71779,0.428571,0.307624,0,0,0.95865,0.189471,0.316407,0.566845,0.186593,0.280764,0.912376,0.00793991,0.415878,1.86604,0.719307,0.268227,5205.5,0.5,0.595207,2.29213,25.3766,,,,,
u2netp-v1,97,208,0.545149,0.92597,0.569992,0.809328,0.144687,0.266524,10,6,0.3,0.715802,0.625,0.447376,1,0,0.666371,0.410192,0.507802,0.184994,0.249505,0.21246,0.889115,0.0843288,5.28964,22.6056,0.948915,0.180925,9588.5,0.5,0.418345,3.96812,30.3739,,,,,
u2netp-v1,97,216,0.579635,0.95146,0.597298,0.83694,0.142155,0.291979,10,5,0.3,0.734261,0.533333,0.391606,1,0,0.602721,0.37837,0.464894,0.206482,0.240647,0.222259,0.786706,0.182753,9.67538,36.2716,0.944723,0.21973,12657.6,0.8,0.41931,2.40439,21.8536,,,,,
u2netp-v1,97,224,0.327305,0.983398,0.329123,0.674136,0.248083,0.213935,10,6,0.1,0.672103,0.25,0.168026,1,1,0.589705,0.197362,0.295745,0.2184,0.157336,0.182906,0.723616,0.228019,5.75529,18.3629,0.660396,0.579965,7479.8,0.4,0.481688,1.0368,21.0546,16.8648,4.14707,2.8,0.327816,113
u2netp-v1,97,232,0.615453,0.955785,0.633489,0.85536,0.135329,0.313958,10,9,0.4,0.812937,0.421053,0.342289,1,1,0.602005,0.399006,0.479922,0.230561,0.314039,0.265902,0.828979,0.144572,5.7791,17.6866,0.827045,0.324738,8027.62,0.75,0.333864,0.101912,25.8923,,,,,
u2netp-v1,97,240,0.377765,0.93546,0.387874,0.705586,0.167321,0.297725,10,6,0.4,0.769745,0.625,0.481091,1,0,0.827813,0.34324,0.48527,0.328422,0.225007,0.267052,0.886102,0.0961156,3.33005,13.1947,0.970005,0.175531,5559.83,0.666667,0.479648,3.32198,20.4351,,,,,
u2netp-v1,97,248,0.38613,0.943725,0.39523,0.714803,0.19501,0.29476,10,8,0.4,0.758395,0.444444,0.337064,1,1,0.634401,0.265686,0.374522,0.252308,0.232912,0.242223,0.81201,0.115208,4.926,14.9651,0.783933,0.220369,5633.57,0.428571,0.391931,0.682732,24.9255,,,,,
u2netp-v1,98,0,0.778213,0.945477,0.814779,0.911727,0.0674219,0.516589,10,4,0.3,0.84931,0.428571,0.36399,1,0,0.386361,0.332952,0.357674,0.235857,0.241,0.238401,0.788086,0.199035,14.6229,37.0453,0.986595,0.195212,19216.5,1,1.48784,6.36989,22.3782,4.78558,4.85611,2.5,0.533943,142.006
u2netp-v1,98,8,0.517421,0.974894,0.524408,0.813606,0.164342,0.344343,10,3,0.1,0.792317,0.153846,0.121895,1,0,0.293075,0.157649,0.205017,0.138607,0.114872,0.125629,0.750038,0.248351,18.4732,46.8024,0.668411,0.495007,18508.3,0.333333,1.30423,0.0174684,22.7262,,,,,
u2netp-v1,98,16,0.798093,0.972837,0.816282,0.931605,0.0669238,0.387591,9,3,0.222222,0.80579,0.333333,0.268597,1,0,0.460711,0.38657,0.420397,0.161775,0.165738,0.163733,0.756767,0.221289,20.1504,61.6273,0.958,0.290293,27844.7,1,1.40012,1.81915,20.5626,,,,,
u2netp-v1,98,24,0.61693,0.954998,0.635402,0.855677,0.134642,0.377845,10,2,0.1,0.830102,0.166667,0.13835,1,0,0.287218,0.191098,0.2295,0.120449,0.109369,0.114642,0.627128,0.36814,25.6041,65.8503,0.955125,0.419615,34876,0.5,1.37584,0.937576,20.5062,,,,,
u2netp-v1,98,32,0.595562,0.968439,0.607351,0.8516,0.138372,0.428722,10,2,0.1,0.861472,0.166667,0.143579,1,0,0.268983,0.168691,0.207346,0.146341,0.129129,0.137198,0.608274,0.388551,28.0365,69.6051,0.981814,0.588689,32318,0.5,1.54115,3.24372,21.2253,7.88674,6.00309,3,0.521642,99.2964
u2netp-v1,98,40,0.47418,0.979765,0.478869,0.789253,0.173385,0.234305,10,2,0.1,0.831893,0.166667,0.138649,1,0,0.311209,0.152106,0.204339,0.123344,0.0861794,0.101465,0.63174,0.365032,27.7471,68.1906,0.969646,0.331451,24512.5,0.5,1.25492,0.918187,22.2241,,,,,
u2netp-v1,98,48,0.664183,0.975818,0.675297,0.884938,0.105469,0.297333,10,3,0.2,0.830795,0.307692,0.255629,1,0,0.458359,0.317199,0.374933,0.158782,0.133454,0.14502,0.770297,0.215058,20.8488,64.5334,0.948664,0.542077,21889.7,0.666667,1.35452,0.48168,20.8058,,,,,
u2netp-v1,98,56,0.517566,0.967023,0.526865,0.810723,0.158555,0.339955,10,3,0.2,0.839993,0.307692,0.25846,1,0,0.46098,0.251157,0.325158,0.208772,0.176143,0.191075,0.756953,0.222425,15.9064,47.7206,0.983387,0.260021,18012.3,0.666667,1.66099,1.73556,20.3668,,,,,
u2netp-v1,98,64,0.508628,0.968046,0.517314,0.805988,0.157386,0.376057,10,3,0.2,0.850962,0.307692,0.261834,1,0,0.489642,0.26166,0.34106,0.276951,0.196806,0.230099,0.762377,0.214847,15.503,48.416,0.992495,0.238345,17233,0.666667,1.71937,2.89393,20.8138,5.19778,4.68849,3,0.588389,110.158
u2netp-v1,98,72,0.526653,0.970778,0.535136,0.817247,0.148027,0.307394,10,4,0.3,0.790829,0.428571,0.338927,1,0,0.753463,0.415343,0.535496,0.309773,0.251063,0.277345,0.851331,0.127334,4.64354,18.5632,0.962287,0.291556,13029.5,0.75,1.40035,0.223925,22.5527,,,,,
u2netp-v1,98,80,0.729316,0.840498,0.846469,0.841869,0.0980306,0.373828,10,4,0.2,0.873704,0.285714,0.24963,2,0,0.423906,0.426917,0.425406,0.203483,0.22423,0.213353,0.657724,0.321857,24.7654,77.4943,0.96521,0.605482,24134.5,1,1.57434,0.328206,23.201,,,,,
u2netp-v1,98,88,0.554273,0.847078,0.615902,0.779555,0.154414,0.344099,10,5,0.2,0.847356,0.266667,0.225962,1,0,0.386964,0.281357,0.325817,0.19982,0.202703,0.201251,0.818246,0.172455,11.0674,30.3722,0.627906,0.425894,13927.4,0.4,1.54384,3.86479,20.4705,,,,,
u2netp-v1,98,96,0.464389,0.963308,0.472751,0.777199,0.175254,0.321793,10,5,0.3,0.705127,0.666667,0.470085,1,0,0.818313,0.401594,0.538778,0.347736,0.264432,0.300416,0.897633,0.079107,2.0416,9.13902,0.915256,0.242329,9691.4,1,1.62499,2.45323,20.2422,4.45712,4.2246,3.4,0.557064,117.784
u2netp-v1,98,104,0.837004,0.942937,0.881663,0.928053,0.0525846,0.393653,10,4,0.2,0.868455,0.285714,0.24813,1,0,0.353131,0.330184,0.341272,0.195149,0.180674,0.187633,0.728746,0.255585,24.3427,63.6985,0.992727,0.623795,29056.7,1,1.61395,1.41271,23.0311,,,,,
u2netp-v1,98,112,0.822595,0.976176,0.839447,0.940813,0.057819,0.449072,10,3,0.2,0.856804,0.307692,0.263632,1,0,0.324112,0.278715,0.299704,0.195789,0.187793,0.191708,0.725823,0.265077,20.5061,47.5027,0.985913,0.165251,28123,1,1.76729,0.70478,20.4202,,,,,
u2netp-v1,98,120,0.755063,0.916696,0.810688,0.889844,0.0842578,0.474367,10,5,0.3,0.858399,0.4,0.34336,1,0,0.400319,0.354026,0.375752,0.230213,0.243012,0.23644,0.804514,0.165227,11.2713,29.223,0.80871,0.244952,17408.6,0.8,1.73927,5.97305,20.2831,,,,,
u2netp-v1,98,128,0.831755,0.96627,0.856627,0.938548,0.0555697,0.446378,10,3,0.2,0.862616,0.307692,0.26542,1,0,0.314289,0.278626,0.295385,0.195897,0.194668,0.195281,0.712641,0.270665,21.7197,50.1419,0.976841,0.276705,29113.3,1,1.72388,1.96678,20.6266,4.40305,4.73373,2.66667,0.655205,131.747
u2netp-v1,98,136,0.736647,0.841825,0.854987,0.844827,0.0934245,0.391442,10,4,0.1,0.849473,0.142857,0.121353,1,0,0.253421,0.257383,0.255387,0.100338,0.0956633,0.097945,0.606608,0.385919,45.0994,116.666,0.988403,1.6288,42525,1,2.08738,2.82816,23.25,,,,,
u2netp-v1,98,144,0.825789,0.964237,0.851881,0.935756,0.0580827,0.461017,10,3,0.2,0.855833,0.307692,0.263333,1,0,0.31154,0.275238,0.292266,0.186826,0.188049,0.187435,0.711498,0.26992,21.7825,49.6127,0.992975,0.318011,29238.7,1,1.75899,2.76392,19.9945,,,,,
u2netp-v1,98,152,0.727281,0.959164,0.75052,0.90134,0.0863574,0.371236,10,4,0.2,0.675484,0.285714,0.192995,1,0,0.335308,0.26237,0.294388,0.116096,0.12556,0.120642,0.803488,0.190674,13.5461,34.6834,0.895304,0.466009,18439.8,0.75,1.19138,6.00485,37.0401,,,,,
u2netp-v1,98,160,0.765934,0.882517,0.852898,0.8755,0.0820345,0.411483,10,4,0.1,0.851012,0.142857,0.121573,1,0,0.222874,0.215394,0.21907,0.118164,0.125547,0.121744,0.72725,0.269205,29.4638,64.4356,0.674985,1.32015,30285,0.666667,1.76616,1.81937,20.8135,24.524,4.58135,4,0.544483,148.127
u2netp-v1,98,168,0.770712,0.944716,0.807114,0.908955,0.0718392,0.404371,10,2,0,,0,0,1,0,0.222702,0.190264,0.205209,0.123003,0.122624,0.122813,0.519626,0.383686,40.0293,92.1194,0.527319,1.66202,39261,0.5,1.75152,0.6196,25.319,,,,,
u2netp-v1,98,176,0.772797,0.953013,0.803408,0.913747,0.0714714,0.450896,10,2,0.1,0.834964,0.166667,0.139161,1,0,0.257536,0.217107,0.2356,0.150032,0.164145,0.156771,0.564714,0.411941,33.1299,84.9948,0.994678,0.71557,39181,1,1.14216,4.6009,21.4061,,,,,
u2netp-v1,98,184,0.772686,0.964318,0.795429,0.919275,0.0700846,0.466769,10,3,0.2,0.838588,0.307692,0.258027,1,0,0.334194,0.275664,0.30212,0.187329,0.206629,0.196507,0.725439,0.260935,18.9651,49.7274,0.985318,0.463685,25297.7,1,0.978423,4.78197,22.7341,,,,,
u2netp-v1,98,192,0.620858,0.966239,0.634625,0.862263,0.115492,0.411303,10,1,0,,0,0,1,0,0.272519,0.17899,0.216067,0.164551,0.119312,0.138327,0.272519,0.708139,63.6736,158.178,0.974783,2.01424,60128,1,1.37862,2.00103,24.5102,5.03421,8.50258,4,0.385314,83.7714
u2netp-v1,98,200,0.664132,0.963451,0.681297,0.879405,0.104974,0.418981,9,3,0,,0,0,1,0,0.310448,0.219531,0.257191,0.155755,0.137034,0.145796,0.523436,0.448293,30.8066,84.9051,0.851126,1.1761,32794.5,1,1.26893,2.07683,20.7677,,,,,
u2netp-v1,98,208,0.755505,0.954941,0.783433,0.909018,0.0777832,0.424867,10,4,0.2,0.815723,0.285714,0.233064,1,0,0.338136,0.277406,0.304775,0.159121,0.176895,0.167538,0.789099,0.197168,14.7765,38.8842,0.767362,0.611383,19330.2,0.75,0.900506,4.82996,22.8785,,,,,
u2netp-v1,98,216,0.640136,0.961298,0.65707,0.868501,0.114727,0.410321,10,1,0,,0,0,1,0,0.230783,0.157746,0.1874,0.0922113,0.0938079,0.0930028,0.230783,0.765399,75.3141,171.764,0.998599,1.25167,65217,1,0.907093,3.0377,21.2307,,,,,
u2netp-v1,98,224,0.552745,0.960498,0.565603,0.827217,0.140898,0.303601,10,2,0,,0,0,2,0,0.526278,0.309906,0.390098,0.188989,0.14575,0.164577,0.539745,0.436401,24.3751,93.6265,0.99554,0.546116,27846.5,1,0.664276,0.815771,20.2842,5.05661,6.1533,3.5,0.643523,74.6004
u2netp-v1,98,232,0.610981,0.893378,0.659037,0.825629,0.124066,0.357641,9,4,0,0.525568,0.153846,0.0808567,1,1,0.451114,0.332783,0.383017,0.136459,0.150933,0.143331,0.642987,0.325432,25.5221,88.2295,0.924282,0.803685,22105,0.666667,0.597783,2.09087,22.3673,,,,,
u2netp-v1,98,240,0.759531,0.957119,0.786287,0.911422,0.0720703,0.405727,9,4,0.222222,0.773886,0.307692,0.238119,1,0,0.345578,0.283898,0.311716,0.157903,0.18379,0.169866,0.780213,0.20215,13.1033,35.6356,0.871578,0.345755,18265.8,0.5,0.725457,4.58057,20.1698,,,,,
u2netp-v1,98,248,0.784848,0.964396,0.808268,0.923241,0.0629655,0.387558,9,2,0.111111,0.901175,0.181818,0.16385,1,0,0.268431,0.224974,0.244789,0.133873,0.146684,0.139986,0.601719,0.391036,36.9387,90.5808,0.996892,0.822995,36583,1,0.607907,2.57282,20.0979,,,,,
u2netp-v1,99,0,0.816142,0.955071,0.848728,0.928231,0.0614648,0.445742,10,7,0.6,0.786737,0.823529,0.647901,1,0,0.887113,0.788337,0.834813,0.394605,0.438274,0.415295,0.907,0.0695082,2.87071,15.9151,0.938031,0.140825,12537.1,1,1.40032,6.45559,20.8103,4.78289,4.81362,2.57143,0.496113,185.9
u2netp-v1,99,8,0.688296,0.89913,0.745892,0.858432,0.113415,0.448314,9,4,0.222222,0.786052,0.461538,0.362793,1,0,0.720625,0.597809,0.653497,0.299299,0.360949,0.327246,0.761263,0.226568,21.4258,91.968,0.955882,0.282652,21391.5,1,1.44306,0.680938,21.7044,,,,,
u2netp-v1,99,16,0.452613,0.990119,0.454667,0.778535,0.183444,0.291817,10,4,0.2,0.673927,0.428571,0.288826,0,0,0.955336,0.438694,0.601279,0.34711,0.249625,0.290405,0.943912,0.0510835,1.49293,9.28594,0.730736,0.320785,11765.5,0.75,1.27589,1.32748,21.178,,,,,
u2netp-v1,99,24,0.708516,0.892661,0.774501,0.862302,0.105368,0.478826,8,6,0.375,0.747864,0.714286,0.534189,1,1,0.815568,0.707613,0.757765,0.390481,0.480493,0.430836,0.814855,0.166573,12.7947,59.2728,0.97061,0.845423,17544.2,1,1.5498,0.652445,25.8563,,,,,
u2netp-v1,99,32,0.74703,0.897126,0.817018,0.877276,0.0912272,0.501347,10,6,0.4,0.743587,0.75,0.55769,2,0,0.824204,0.750607,0.785686,0.410312,0.51683,0.457452,0.845518,0.136371,7.58821,35.5407,0.975793,0.103033,15374.8,1,1.74502,2.89511,21.0742,4.20925,4.57183,1.83333,0.438431,167.236
u2netp-v1,99,40,0.821214,0.971264,0.841664,0.937935,0.0602181,0.569313,10,5,0.2,0.681487,0.4,0.272595,3,0,0.661736,0.573438,0.614431,0.384324,0.450141,0.414637,0.765802,0.22366,13.1713,45.6604,0.786688,0.292442,17497,0.8,1.3749,0.306013,21.7814,,,,,
u2netp-v1,99,48,0.741793,0.954407,0.769046,0.904118,0.0872624,0.457155,10,4,0.4,0.730185,0.571429,0.417248,2,0,0.815682,0.657263,0.727953,0.385286,0.386118,0.385701,0.840707,0.143029,5.22519,25.4321,0.957381,0.44913,20173,1,1.3883,0.272723,20.611,,,,,
u2netp-v1,99,56,0.777145,0.944278,0.814498,0.910788,0.0753288,0.488461,10,5,0.3,0.765371,0.533333,0.408198,1,0,0.77634,0.669641,0.719054,0.339451,0.414024,0.373047,0.839312,0.149347,8.66971,37.6897,0.945922,0.212371,17092,0.8,1.72215,1.85423,22.2242,,,,,
u2netp-v1,99,64,0.79024,0.95672,0.819537,0.921138,0.0700033,0.473988,10,6,0.5,0.751956,0.75,0.563967,1,0,0.892905,0.764872,0.823945,0.392993,0.457231,0.422685,0.901129,0.073843,2.47813,10.3886,0.944897,0.196814,14113.7,1,1.75182,2.9177,22.7558,5.21415,5.05261,3.16667,0.414014,168.708
u2netp-v1,99,72,0.265165,0.965514,0.267701,0.602864,0.245234,0.252731,10,4,0.1,0.627341,0.285714,0.17924,0,0,0.886916,0.245908,0.385055,0.328841,0.184111,0.236058,0.929226,0.0572091,1.81693,8.79916,0.526581,0.6218,7039,0.5,1.32627,0.437713,22.1272,,,,,
u2netp-v1,99,80,0.599655,0.974132,0.609359,0.855896,0.137656,0.365195,10,4,0.3,0.707946,0.571429,0.404541,1,0,0.915891,0.572927,0.704906,0.365456,0.319538,0.340958,0.908838,0.0781449,3.02763,23.1422,0.880701,1.07516,16255.8,1,1.50415,0.0322538,28.8544,,,,,
u2netp-v1,99,88,0.729098,0.942594,0.762977,0.894025,0.0919108,0.397352,10,8,0.6,0.727271,0.666667,0.484847,1,1,0.868741,0.703197,0.777252,0.323316,0.411423,0.362086,0.898807,0.0741947,2.29137,10.5214,0.929226,0.238657,13185.7,1,1.56907,3.65212,23.1356,,,,,
u2netp-v1,99,96,0.584038,0.791357,0.690338,0.765506,0.166126,0.368205,10,5,0.4,0.75077,0.533333,0.400411,1,0,0.740422,0.645905,0.689942,0.324568,0.357347,0.34017,0.793544,0.186409,10.1186,31.6038,0.907199,0.271885,18109.4,1,1.50509,3.06307,25.8851,6.87133,7.06999,2,0.401125,141.856
u2netp-v1,99,104,0.562172,0.718367,0.721101,0.718996,0.199805,0.358659,10,3,0.1,0.720714,0.153846,0.110879,2,0,0.417045,0.418632,0.417837,0.179513,0.195348,0.187096,0.509477,0.483459,52.9817,138.541,0.975306,1.04177,52879,1,1.6353,1.60278,22.7946,,,,,
u2netp-v1,99,112,0.635899,0.967891,0.649603,0.869568,0.133942,0.359037,10,3,0.1,0.715532,0.307692,0.220164,1,0,0.73343,0.492244,0.589107,0.295525,0.275755,0.285298,0.777073,0.208003,12.339,42.6399,0.872524,0.427653,24749,1,1.76958,1.13243,20.4159,,,,,
u2netp-v1,99,120,0.773595,0.954276,0.803373,0.914629,0.0796908,0.426642,10,9,0.6,0.769725,0.736842,0.567166,1,0,0.882598,0.74303,0.806823,0.343454,0.435438,0.384014,0.910737,0.0636581,2.62561,15.1728,0.937223,0.212528,12414.9,1,1.71392,6.05636,20.9997,,,,,
u2netp-v1,99,128,0.811324,0.96494,0.835967,0.931766,0.0733171,0.48473,10,6,0.4,0.811924,0.625,0.507452,1,0,0.772651,0.66938,0.717318,0.380183,0.443112,0.409242,0.87564,0.109248,5.77439,15.9727,0.922448,0.265568,16728.3,1,1.77549,1.81796,20.9376,4.89566,5.15782,2.66667,0.459197,178.423
u2netp-v1,99,136,0.748611,0.94728,0.781157,0.902966,0.102233,0.359828,10,3,0.1,0.910069,0.153846,0.140011,1,0,0.554761,0.457473,0.501442,0.188253,0.198719,0.193345,0.799998,0.19107,15.2846,46.8479,0.895666,0.262095,32909.7,1,2.15329,2.62904,21.9392,,,,,
u2netp-v1,99,144,0.823901,0.966277,0.848293,0.936228,0.0684603,0.497833,10,6,0.4,0.827894,0.625,0.517434,1,0,0.780733,0.685403,0.729969,0.396777,0.436392,0.415642,0.874098,0.108044,5.71586,16.1902,0.923619,0.287643,16971.7,1,1.80138,2.87818,20.4992,,,,,
u2netp-v1,99,152,0.810594,0.955804,0.842159,0.926939,0.0702897,0.462736,10,8,0.6,0.776345,0.777778,0.603824,1,0,0.879835,0.775223,0.824223,0.402112,0.456556,0.427608,0.897991,0.0638136,2.75829,15.8167,0.949355,0.157016,12085.5,0.875,1.17139,6.13219,21.5582,,,,,
u2netp-v1,99,160,0.774736,0.969864,0.793846,0.922654,0.0883984,0.442598,10,4,0.2,0.800163,0.428571,0.342927,1,0,0.699173,0.572282,0.629396,0.310137,0.309336,0.309736,0.829898,0.156197,9.47337,24.138,0.906406,0.414629,24074.5,1,1.58217,2.67933,21.8855,5.31242,5.82091,3.5,0.534054,156.669
u2netp-v1,99,168,0.562073,0.920035,0.590942,0.815262,0.180189,0.289836,10,2,0,,0,0,1,0,0.452519,0.290655,0.35396,0.116502,0.116122,0.116311,0.716064,0.283473,25.3933,83.6118,0.764261,0.64257,38610.5,0.5,1.50294,1.42116,22.1116,,,,,
u2netp-v1,99,176,0.782873,0.954738,0.813048,0.917826,0.0831445,0.427917,10,6,0.4,0.877157,0.5,0.438579,1,0,0.675835,0.575536,0.621666,0.317512,0.33996,0.328352,0.84041,0.131343,9.89668,29.6957,0.970079,0.288728,16076.7,0.833333,1.11577,4.87747,24.344,,,,,
u2netp-v1,99,184,0.800668,0.953254,0.83339,0.922631,0.0757389,0.466784,10,5,0.2,0.840743,0.266667,0.224198,1,0,0.441397,0.385895,0.411784,0.226341,0.261414,0.242616,0.839166,0.136083,13.3186,34.2576,0.925833,0.368183,19608.2,0.6,0.818047,5.33028,21.4213,,,,,
u2netp-v1,99,192,0.739767,0.921424,0.789577,0.887235,0.107533,0.352263,10,7,0.3,0.786494,0.470588,0.370115,1,0,0.612222,0.524619,0.565045,0.230927,0.291237,0.257599,0.874452,0.116843,10.4526,40.6394,0.844589,0.508117,16810.3,0.5,0.9488,2.67862,20.0281,10.7804,7.28865,1.66667,0.359866,164.217
u2netp-v1,99,200,0.662904,0.978374,0.672762,0.885542,0.129779,0.422501,10,7,0.5,0.728091,0.705882,0.513947,1,0,0.83454,0.573857,0.680073,0.40039,0.37238,0.385877,0.915303,0.0623905,3.22438,14.3563,0.799272,0.308336,11447.7,0.571429,0.967653,3.13209,22.785,,,,,
u2netp-v1,99,208,0.729877,0.957189,0.754508,0.901316,0.100417,0.403714,10,7,0.4,0.761124,0.588235,0.44772,1,0,0.828457,0.653034,0.73036,0.349485,0.381087,0.364602,0.902785,0.0784943,2.88505,9.64036,0.912449,0.154458,12440,0.571429,0.695926,4.84342,23.002,,,,,
u2netp-v1,99,216,0.75425,0.968963,0.772924,0.915385,0.0907259,0.362373,10,5,0.2,0.74702,0.266667,0.199205,1,0,0.447004,0.356567,0.396697,0.150502,0.158447,0.154372,0.870373,0.127449,12.215,31.0848,0.666668,0.491435,17656.2,0.4,0.539754,3.53623,21.7351,,,,,
u2netp-v1,99,224,0.631213,0.913919,0.671113,0.843494,0.142858,0.19139,10,6,0.3,0.801778,0.375,0.300667,1,0,0.634554,0.465969,0.537349,0.1213,0.147258,0.133024,0.875216,0.113013,5.60573,16.4156,0.79668,0.535833,15308.2,0.8,0.55037,1.58534,19.4933,11.9571,4.4424,2.4,0.467579,143.882
u2netp-v1,99,232,0.795182,0.975004,0.81173,0.931754,0.0732259,0.33795,9,5,0.333333,0.830983,0.428571,0.356136,1,0,0.58962,0.490882,0.535739,0.191435,0.209644,0.200126,0.848262,0.144299,10.6764,32.543,0.817178,0.675189,17914.6,0.8,0.559568,2.63109,24.2163,,,,,
u2netp-v1,99,240,0.769293,0.958354,0.7959,0.915243,0.0779297,0.378027,9,5,0.333333,0.7268,0.571429,0.415314,3,0,0.710818,0.590325,0.644992,0.279412,0.314971,0.296128,0.775791,0.194879,7.66596,36.029,0.937602,0.20213,16659.4,1,0.581346,3.87313,20.2026,,,,,
u2netp-v1,99,248,0.728695,0.963599,0.749322,0.903946,0.0920768,0.361552,9,5,0.222222,0.709741,0.428571,0.304175,1,0,0.5203,0.4046,0.455213,0.196677,0.222266,0.20869,0.777554,0.205393,13.1661,39.0068,0.955541,0.272205,15768.6,0.6,0.485448,2.25803,20.8484,,,,,
fastsam-s,90,0,0.681846,0.982248,0.690353,0.894927,0.104297,0.410226,10,13,0.6,0.810881,0.521739,0.423068,0,4,0.874605,0.614699,0.721973,0.359729,0.3809,0.370012,0.96771,0.0107609,0.260635,1.74383,0.912847,0.0661456,7849.12,0.875,0.86907,7.2658,35.0534,7.43023,5.72386,2,0.389288,173.888
fastsam-s,90,8,0.555524,0.985948,0.559957,0.838706,0.142539,0.38558,10,8,0.4,0.871294,0.444444,0.387242,0,1,0.933865,0.530378,0.676529,0.446502,0.293095,0.353889,0.935516,0.0364722,1.59688,11.3039,0.721579,0.441947,7673.29,0.571429,1.06775,0.498734,19.524,,,,,
fastsam-s,90,16,0.619532,0.982718,0.626356,0.868666,0.121175,0.378862,10,8,0.6,0.782381,0.666667,0.521587,0,2,0.932816,0.59455,0.726225,0.418249,0.323524,0.364839,0.983722,0.00530066,0.219731,1.11047,0.955256,0.35562,9780.5,0.666667,0.977709,1.20626,17.8437,,,,,
fastsam-s,90,24,0.578213,0.986059,0.582979,0.850375,0.136549,0.453283,10,9,0.5,0.841821,0.526316,0.443063,0,2,0.930159,0.549929,0.691204,0.510788,0.331863,0.40233,0.841822,0.157235,4.61258,7.95974,0.724041,0.351872,7062.38,0.5,1.00184,1.22693,17.8658,,,,,
fastsam-s,90,32,0.626422,0.986031,0.632031,0.87317,0.116748,0.400647,10,9,0.5,0.826518,0.526316,0.43501,0,2,0.923038,0.591653,0.721095,0.382806,0.352017,0.366766,0.848722,0.146066,4.16019,12.8458,0.773499,0.319215,7425.62,0.625,1.20618,3.87951,18.3091,12.2508,4.64392,2.25,0.503272,175.424
fastsam-s,90,40,0.592108,0.985079,0.597467,0.856804,0.13665,0.362911,10,8,0.5,0.826151,0.555556,0.458973,0,2,0.934628,0.566867,0.705709,0.363504,0.284401,0.319123,0.987503,0.00306684,0.16216,0.809448,0.932334,0.370004,9783.83,0.666667,0.802329,1.20311,17.0028,,,,,
fastsam-s,90,48,0.51454,0.8891,0.549828,0.778276,0.180039,0.3041,10,10,0.5,0.794504,0.5,0.397252,0,2,0.848589,0.524776,0.648508,0.283152,0.284688,0.283918,0.957963,0.0198879,0.335728,2.02669,0.76283,0.258762,8169.86,0.571429,0.844703,0.284557,17.3406,,,,,
fastsam-s,90,56,0.63698,0.979807,0.645453,0.875185,0.125931,0.374289,10,12,0.5,0.757385,0.545455,0.413119,0,4,0.9181,0.604804,0.729226,0.345501,0.351586,0.348517,0.868983,0.119052,3.57112,6.03862,0.712727,0.454692,7407.22,0.555556,1.40597,1.80772,17.6775,,,,,
fastsam-s,90,64,0.663655,0.978676,0.673392,0.885985,0.121299,0.373166,10,11,0.6,0.733681,0.666667,0.48912,0,3,0.92506,0.636501,0.754119,0.37081,0.353985,0.362202,0.868523,0.119163,4.41566,6.7861,0.75204,0.210711,8108.89,0.666667,1.38896,3.47219,16.7203,14.543,5.54119,1.88889,0.403437,155.517
fastsam-s,90,72,0.53189,0.978344,0.538226,0.823034,0.174984,0.329345,10,11,0.5,0.78687,0.47619,0.3747,0,3,0.91626,0.504071,0.650356,0.311122,0.291523,0.301004,0.965324,0.0245885,0.363185,1.93246,0.744033,0.275019,8292.71,0.571429,0.79801,1.11967,16.9038,,,,,
fastsam-s,90,80,0.694134,0.955629,0.717251,0.887557,0.120296,0.343451,10,12,0.5,0.804042,0.545455,0.438568,0,3,0.88235,0.662251,0.756619,0.300761,0.345975,0.321788,0.97963,0.00550175,0.161422,1.08944,0.912739,0.0781783,11309.9,0.857143,1.22929,0.703805,17.0857,,,,,
fastsam-s,90,88,0.615754,0.974804,0.625713,0.863615,0.139733,0.290805,10,11,0.4,0.733668,0.571429,0.419239,0,3,0.8853,0.568262,0.692206,0.261385,0.287175,0.273674,0.970491,0.00850067,0.22847,1.28078,0.900844,0.258167,9189.57,0.714286,1.25946,4.22104,16.6974,,,,,
fastsam-s,90,96,0.466733,0.980896,0.471014,0.784835,0.205667,0.335556,10,10,0.4,0.8484,0.4,0.33936,0,2,0.884523,0.424737,0.573896,0.339369,0.238986,0.280466,0.987484,0.00280555,0.106115,0.704152,0.679186,0.268762,7261.71,0.571429,0.932083,3.9271,16.1224,15.9395,5.74135,1.85714,0.358679,132.006
fastsam-s,90,104,0.589255,0.984593,0.594739,0.855223,0.166318,0.382229,10,14,0.5,0.80744,0.416667,0.336433,0,4,0.880825,0.532058,0.663396,0.341268,0.300574,0.319631,0.972251,0.00520719,0.229031,1.01106,0.785494,0.319559,9474,0.857143,0.610437,1.93603,16.9041,,,,,
fastsam-s,90,112,0.62945,0.986062,0.6351,0.874537,0.1471,0.414699,10,12,0.5,0.86644,0.454545,0.393836,0,4,0.8941,0.575869,0.700538,0.398983,0.323035,0.357014,0.976704,0.00522346,0.164483,1.1916,0.800941,0.297583,10099.9,0.714286,0.830987,3.0951,17.1404,,,,,
fastsam-s,90,120,0.636742,0.979116,0.645509,0.874785,0.126423,0.326997,10,12,0.5,0.776723,0.454545,0.353056,0,4,0.864716,0.570088,0.687152,0.290969,0.330572,0.309509,0.76517,0.219463,6.36374,9.32657,0.740334,0.244851,7261.33,0.555556,1.36159,6.64385,16.4229,,,,,
fastsam-s,90,128,0.691143,0.98311,0.699448,0.898976,0.121081,0.371139,9,14,0.555556,0.840513,0.434783,0.365441,0,4,0.893037,0.635364,0.74248,0.319343,0.356331,0.336825,0.979979,0.00564746,0.1902,0.943846,0.906192,0.21988,11019,0.857143,0.883155,3.20477,16.5925,6.9321,4.59417,2.85714,0.338694,160.661
fastsam-s,90,136,0.540808,0.905512,0.573153,0.798639,0.204645,0.35242,9,11,0.666667,0.827491,0.6,0.496495,0,2,0.862451,0.545896,0.668598,0.371128,0.340262,0.355026,0.986771,0.00676434,0.334112,0.757738,0.958985,0.184702,11918.2,0.833333,0.275477,3.89721,16.0244,,,,,
fastsam-s,90,144,0.675898,0.98426,0.683283,0.893441,0.125036,0.370598,10,13,0.5,0.82951,0.434783,0.360657,0,5,0.900842,0.625373,0.738248,0.320907,0.380975,0.34837,0.981236,0.00541755,0.177679,1.0974,0.906093,0.158191,10646.1,0.857143,0.746111,5.74294,16.6592,,,,,
fastsam-s,90,152,0.568473,0.967493,0.579543,0.838034,0.142454,0.396437,10,14,0.5,0.811502,0.416667,0.338126,0,4,0.852602,0.510721,0.638795,0.369167,0.328406,0.347595,0.817568,0.142361,5.18151,7.46877,0.78033,0.210874,6769.5,0.625,0.665336,6.82467,16.6388,,,,,
fastsam-s,90,160,0.575763,0.981475,0.582089,0.847314,0.162025,0.373936,9,11,0.666667,0.781934,0.6,0.469161,0,4,0.907798,0.538393,0.675916,0.369589,0.32993,0.348635,0.950695,0.0109147,0.349876,1.53456,0.806623,0.229454,9143.29,0.714286,0.79217,3.96245,16.3731,9.70699,5.03732,2.42857,0.357181,127.164
fastsam-s,90,168,0.54003,0.922749,0.565601,0.805388,0.182946,0.393001,9,15,0.666667,0.812462,0.583333,0.473936,0,4,0.873859,0.535633,0.664165,0.392541,0.392457,0.392499,0.985112,0.00319565,0.16476,0.859853,0.877217,0.164389,7901,0.625,0.125713,3.20181,16.587,,,,,
fastsam-s,90,176,0.541828,0.989632,0.544921,0.832791,0.153698,0.396827,9,11,0.555556,0.772443,0.6,0.463466,0,4,0.876236,0.482482,0.622305,0.376741,0.338816,0.356773,0.985684,0.00626396,0.210729,0.977547,0.90981,0.195756,8354.17,0.833333,0.536394,6.17663,16.2195,,,,,
fastsam-s,90,184,0.54645,0.967696,0.556603,0.82678,0.130954,0.38426,9,12,0.555556,0.812602,0.47619,0.386953,0,3,0.854353,0.49141,0.62394,0.379002,0.332727,0.35436,0.845323,0.131883,9.26115,12.5879,0.751518,0.105907,6390,0.571429,0.34086,5.64567,16.1097,,,,,
fastsam-s,90,192,0.410253,0.922433,0.424911,0.726208,0.224206,0.347596,9,9,0.555556,0.831373,0.555556,0.461874,0,2,0.884544,0.407458,0.557917,0.369991,0.28801,0.323894,0.973993,0.011465,0.343227,1.2594,0.963023,0.0588293,9352.8,0.8,0.210349,3.37316,15.9143,5.4248,4.9182,2.2,0.313955,109.442
fastsam-s,90,200,0.492574,0.93747,0.509307,0.785149,0.167816,0.333254,9,12,0.444444,0.801223,0.47619,0.381535,0,3,0.892267,0.484749,0.628207,0.327198,0.318398,0.322738,0.949102,0.0120772,0.343224,1.6261,0.885397,0.209166,6976.57,0.428571,0.246546,4.02321,16.5766,,,,,
fastsam-s,90,208,0.578671,0.978098,0.586267,0.8474,0.106162,0.397465,9,11,0.444444,0.745808,0.5,0.372904,0,4,0.888459,0.532538,0.665925,0.385934,0.361284,0.373203,0.978433,0.00644047,0.269771,1.33898,0.910534,0.170814,6907.17,0.833333,0.286089,5.08869,16.0568,,,,,
fastsam-s,90,216,0.376316,0.980752,0.379116,0.717859,0.161364,0.379609,9,9,0.333333,0.807864,0.444444,0.359051,0,2,0.93242,0.360433,0.519897,0.499649,0.263268,0.344839,0.97586,0.00853387,0.585188,1.32559,0.746286,1.24667,4151,0.285714,0.0635419,3.54402,15.7573,,,,,
fastsam-s,90,224,0.341797,0.958625,0.346915,0.681368,0.230785,0.313943,9,11,0.333333,0.876012,0.3,0.262803,0,3,0.855123,0.309459,0.454456,0.292149,0.256645,0.273249,0.974645,0.00966854,0.384004,1.24527,0.771861,0.438617,5612,0.5,0.71108,1.29915,15.3035,12.5546,3.83224,2.33333,0.447359,110.761
fastsam-s,90,232,0.388977,0.98406,0.391443,0.729274,0.17015,0.369106,9,9,0.333333,0.902725,0.333333,0.300908,0,2,0.905335,0.360128,0.515284,0.402536,0.289113,0.336524,0.836607,0.144091,7.51091,11.7494,0.712736,0.307101,4635.14,0.285714,0.195043,3.05224,15.6135,,,,,
fastsam-s,90,240,0.537172,0.982076,0.54249,0.827363,0.107266,0.289352,9,9,0.333333,0.796509,0.333333,0.265503,0,2,0.886501,0.489695,0.630891,0.258743,0.231288,0.244247,0.979552,0.0141909,0.245138,1.43984,0.913028,0.143786,5025,0.285714,0.141732,3.95954,15.7171,,,,,
fastsam-s,90,248,0.387659,0.971115,0.392181,0.724356,0.155928,0.367527,9,7,0.333333,0.868945,0.375,0.325854,0,1,0.88526,0.357509,0.509327,0.398741,0.285911,0.333029,0.817767,0.1398,2.15541,5.01918,0.75522,0.260518,5031.17,0.5,0.370852,1.74946,15.4475,,,,,
fastsam-s,91,0,0.526848,0.973338,0.534563,0.818331,0.163499,0.337336,10,12,0.6,0.710493,0.636364,0.452132,0,2,0.900747,0.494695,0.638644,0.336948,0.287123,0.310047,0.973489,0.00805092,0.225048,1.62477,0.741427,0.3148,5964.44,0.555556,1.03749,4.01039,19.6578,17.8574,4.16354,2.11111,0.503535,149.076
fastsam-s,91,8,0.539834,0.985001,0.544308,0.829936,0.170931,0.298611,10,10,0.5,0.735786,0.6,0.441472,0,2,0.902829,0.4989,0.642665,0.33602,0.254913,0.2899,0.847914,0.0786689,1.34689,4.77351,0.811107,0.274588,7357.38,0.75,0.842077,1.03586,16.2525,,,,,
fastsam-s,91,16,0.493628,0.933646,0.511575,0.784316,0.178356,0.293057,10,14,0.4,0.751601,0.333333,0.250534,0,2,0.784139,0.429655,0.555134,0.303035,0.272658,0.287045,0.980625,0.00476243,0.219681,1.01204,0.67903,0.523246,5746.25,0.375,1.08785,1.80981,16.83,,,,,
fastsam-s,91,24,0.61536,0.981659,0.622517,0.866321,0.1443,0.356576,10,14,0.5,0.751267,0.5,0.375634,0,4,0.846506,0.53681,0.656991,0.319061,0.354149,0.335691,0.965052,0.005725,0.299261,1.19729,0.782658,0.271627,7000.44,0.666667,0.879164,0.783742,17.235,,,,,
fastsam-s,91,32,0.521514,0.985277,0.52561,0.819823,0.176289,0.287047,10,11,0.4,0.791355,0.380952,0.301468,0,3,0.890849,0.475236,0.61982,0.318337,0.263289,0.288208,0.958145,0.00749677,0.276044,1.43828,0.817136,0.312159,6818,0.375,1.14251,1.47846,16.8141,10.9415,4.50724,2.625,0.432677,153.931
fastsam-s,91,40,0.557718,0.985132,0.562452,0.839538,0.158219,0.218561,10,12,0.6,0.763134,0.545455,0.416255,0,2,0.898595,0.513045,0.653169,0.290723,0.248682,0.268064,0.977067,0.0037218,0.180729,1.05709,0.756148,0.356995,6374.78,0.666667,0.878677,1.64333,16.8605,,,,,
fastsam-s,91,48,0.438628,0.905579,0.45965,0.739924,0.20374,0.236076,10,13,0.5,0.73122,0.521739,0.381506,0,3,0.766735,0.389176,0.516294,0.290497,0.226969,0.254833,0.860202,0.127621,6.02403,8.10822,0.729828,0.256496,5628.12,0.75,0.870651,1.59488,16.5266,,,,,
fastsam-s,91,56,0.569191,0.980732,0.575628,0.843709,0.155,0.297774,10,13,0.5,0.822294,0.434783,0.357519,0,2,0.861661,0.505742,0.637381,0.315718,0.288005,0.301225,0.955617,0.00950639,0.371184,1.58705,0.719631,0.274654,6350.89,0.555556,1.33492,0.237615,16.5487,,,,,
fastsam-s,91,64,0.559171,0.968507,0.569526,0.833723,0.158158,0.310014,10,15,0.6,0.793401,0.48,0.380833,0,2,0.888847,0.522683,0.658271,0.340555,0.292449,0.314674,0.963183,0.00796246,0.291898,1.49957,0.750779,0.346682,6505,0.555556,1.22867,1.36743,16.7091,19.2303,4.88101,2.33333,0.334953,155.019
fastsam-s,91,72,0.493176,0.984126,0.49713,0.802671,0.183132,0.325673,10,16,0.5,0.737165,0.461538,0.34023,0,5,0.800004,0.404121,0.536985,0.354443,0.286448,0.316839,0.869553,0.116672,5.75387,6.96364,0.637626,0.482682,5246,0.444444,0.863901,1.34338,16.9223,,,,,
fastsam-s,91,80,0.417596,0.981366,0.420934,0.750712,0.219967,0.257277,10,12,0.5,0.681961,0.545455,0.371979,0,3,0.865288,0.371145,0.519474,0.306568,0.205066,0.245748,0.979564,0.0075323,0.303482,0.862054,0.756058,0.389082,6251.57,0.857143,0.944113,1.13989,16.3265,,,,,
fastsam-s,91,88,0.539965,0.972683,0.548279,0.825266,0.165114,0.306255,10,12,0.6,0.797225,0.545455,0.43485,0,2,0.907169,0.51135,0.654036,0.329545,0.267014,0.295002,0.869119,0.120454,4.67848,9.70833,0.731387,0.30844,6541.89,0.555556,1.08441,2.11017,17.8826,,,,,
fastsam-s,91,96,0.57201,0.983629,0.577508,0.84629,0.161849,0.321989,10,12,0.6,0.742061,0.636364,0.472221,0,3,0.898945,0.527789,0.66509,0.327775,0.295647,0.310883,0.857814,0.125582,4.98573,10.3052,0.754811,0.365542,7130.78,0.888889,0.955439,1.46852,16.8162,22.7954,5.8067,2.44444,0.367415,165.786
fastsam-s,91,104,0.440686,0.80694,0.492626,0.703375,0.247975,0.311949,10,13,0.6,0.776659,0.521739,0.405213,0,2,0.736828,0.449823,0.558618,0.355295,0.258115,0.299007,0.953603,0.0302696,6.54902,41.0586,0.939644,0.771615,9689.5,1,1.10856,2.2738,16.509,,,,,
fastsam-s,91,112,0.349478,0.912455,0.361602,0.675119,0.2643,0.214663,10,10,0.5,0.761224,0.5,0.380612,0,1,0.830391,0.329081,0.471362,0.314318,0.171141,0.221616,0.976472,0.0107418,0.477719,5.40642,0.682495,0.489864,5859.71,0.714286,1.06861,0.482469,16.1452,,,,,
fastsam-s,91,120,0.584693,0.968476,0.596037,0.846423,0.152298,0.295343,10,12,0.6,0.763956,0.545455,0.416703,0,4,0.841851,0.518107,0.641445,0.284246,0.263959,0.273727,0.970666,0.0103909,0.283447,1.68761,0.824489,0.196594,7449.12,0.75,1.18667,4.93059,20.8691,,,,,
fastsam-s,91,128,0.494723,0.98188,0.499281,0.802807,0.199792,0.275283,10,12,0.6,0.745289,0.545455,0.406521,0,2,0.896214,0.455721,0.604206,0.350198,0.260315,0.29864,0.880742,0.102403,11.5581,12.9757,0.637572,0.512746,5887.2,0.5,1.14307,0.324774,16.7087,28.3794,3.77224,2.6,0.363314,180.759
fastsam-s,91,136,0.297869,0.720078,0.336877,0.570358,0.303893,0.312469,10,15,0.3,0.783016,0.24,0.187924,0,2,0.596607,0.279114,0.380307,0.309949,0.237524,0.268946,0.785328,0.2006,30.16,37.6965,0.433862,0.647775,4436.1,0.4,0.976452,1.43153,25.219,,,,,
fastsam-s,91,144,0.509874,0.95488,0.522461,0.801748,0.194629,0.329441,10,12,0.4,0.746228,0.454545,0.339195,0,3,0.864334,0.472919,0.611343,0.372549,0.295225,0.32941,0.865938,0.117303,13.1396,14.9457,0.665014,0.468726,6658.67,0.555556,1.04406,1.86057,51.5917,,,,,
fastsam-s,91,152,0.477271,0.960466,0.486835,0.784367,0.192549,0.265615,10,11,0.5,0.739273,0.571429,0.422441,0,2,0.873164,0.442583,0.58742,0.301632,0.225123,0.257821,0.960062,0.014566,0.542488,2.03251,0.814215,0.23899,7301.86,0.571429,0.688839,4.21819,17.5702,,,,,
fastsam-s,91,160,0.521366,0.986746,0.525043,0.820286,0.187337,0.350127,10,12,0.5,0.749188,0.454545,0.34054,0,2,0.846671,0.450509,0.588096,0.351471,0.298929,0.323077,0.972248,0.0115632,0.266683,1.5462,0.675682,0.414772,6896.75,0.5,0.602194,2.20098,16.9912,16.937,4.25252,2.25,0.414779,143.483
fastsam-s,91,168,0.517488,0.948395,0.532481,0.803554,0.194004,0.282982,10,14,0.5,0.798249,0.416667,0.332604,0,3,0.891359,0.500458,0.641015,0.368549,0.316314,0.340439,0.97283,0.00986761,0.237281,1.36951,0.760738,0.289762,7636.75,0.5,0.47417,0.842141,17.3954,,,,,
fastsam-s,91,176,0.531458,0.984348,0.535988,0.825075,0.173981,0.337071,10,13,0.6,0.736545,0.521739,0.384284,0,2,0.874943,0.476416,0.616915,0.361381,0.320564,0.339751,0.964334,0.0123821,0.367047,2.00472,0.686614,0.425115,6146.56,0.444444,0.504107,3.4673,17.8038,,,,,
fastsam-s,91,184,0.545434,0.965181,0.556382,0.825254,0.16582,0.386235,10,14,0.6,0.774147,0.5,0.387074,0,4,0.872395,0.502895,0.638008,0.355526,0.32183,0.33784,0.969508,0.0142884,0.32666,1.99002,0.808065,0.297396,7091.25,0.5,0.332934,3.38833,17.9065,,,,,
fastsam-s,91,192,0.501003,0.992729,0.502849,0.810512,0.193451,0.295534,10,9,0.6,0.763806,0.631579,0.482404,0,2,0.943198,0.47776,0.634251,0.397671,0.305586,0.345599,0.981144,0.00580521,0.188298,1.16647,0.826439,0.365896,8214,0.714286,0.262101,1.40311,18.2877,13.6373,3.94804,2.85714,0.55274,113.471
fastsam-s,91,200,0.397405,0.980742,0.400531,0.735027,0.226481,0.315499,9,9,0.555556,0.76609,0.555556,0.425605,0,1,0.933397,0.381196,0.541319,0.360094,0.2557,0.299048,0.962437,0.0137779,0.326417,1.59325,0.645705,0.470795,5583.75,0.5,0.121957,2.04725,16.7986,,,,,
fastsam-s,91,208,0.519931,0.974323,0.527155,0.814819,0.16959,0.263892,10,9,0.5,0.780496,0.631579,0.492945,0,1,0.933985,0.50533,0.655827,0.346713,0.254401,0.293469,0.979179,0.00711605,0.206483,1.36769,0.81511,0.209718,7924,0.571429,0.329691,2.90891,17.5305,,,,,
fastsam-s,91,216,0.545568,0.980963,0.551406,0.831484,0.166826,0.298431,10,11,0.6,0.792595,0.571429,0.452911,0,3,0.918592,0.516347,0.66109,0.352585,0.301138,0.324837,0.965315,0.0139864,0.332615,1.79919,0.746897,0.348317,7404.88,0.625,0.296691,1.77317,17.041,,,,,
fastsam-s,91,224,0.395955,0.910617,0.411966,0.711794,0.241579,0.336346,9,13,0.444444,0.677704,0.545455,0.369657,0,3,0.824361,0.372943,0.513553,0.334642,0.298988,0.315812,0.956417,0.012605,0.377313,1.9182,0.630141,0.445412,5041.89,0.333333,0.443438,0.944932,16.7121,21.6029,4.462,3.33333,0.491471,141.853
fastsam-s,91,232,0.529656,0.97499,0.536951,0.820519,0.181654,0.322053,10,11,0.7,0.753228,0.666667,0.502152,0,1,0.938048,0.516606,0.666277,0.368811,0.347365,0.357767,0.955395,0.0173358,0.348777,1.98224,0.778997,0.324416,6244.3,0.5,0.237687,1.34826,17.3944,,,,,
fastsam-s,91,240,0.570657,0.972379,0.580059,0.841101,0.159854,0.243179,10,12,0.6,0.725978,0.636364,0.461986,0,2,0.870806,0.519467,0.650743,0.269934,0.279338,0.274556,0.960895,0.0136694,0.365639,1.80218,0.758014,0.339798,6759.56,0.555556,0.181262,2.3487,16.457,,,,,
fastsam-s,91,248,0.511014,0.960028,0.522123,0.804349,0.190472,0.202069,10,10,0.6,0.742128,0.6,0.445277,0,2,0.907183,0.493383,0.639154,0.261866,0.223822,0.241354,0.956347,0.0197451,0.3066,2.01847,0.736752,0.281664,7572.75,0.625,0.222022,0.903017,16.2079,,,,,
fastsam-s,92,0,0.748377,0.959173,0.773,0.90867,0.0678581,0.448684,9,15,0.444444,0.770551,0.333333,0.25685,0,4,0.71511,0.576309,0.63825,0.335056,0.42292,0.373895,0.955263,0.0238,0.431498,2.92019,0.743154,0.226712,5360.67,0.666667,1.2433,4.90709,21.499,9.57322,3.40668,2.44444,0.52201,197.591
fastsam-s,92,8,0.628492,0.943834,0.652912,0.855833,0.103148,0.353239,9,13,0.333333,0.739891,0.454545,0.336314,0,3,0.831678,0.575326,0.680149,0.306645,0.296699,0.30159,0.954783,0.0244303,0.375773,2.31076,0.7346,0.270401,7006.14,0.428571,1.31378,1.81772,19.3973,,,,,
fastsam-s,92,16,0.640691,0.967449,0.654807,0.871432,0.0972298,0.324518,9,10,0.444444,0.754865,0.526316,0.397297,0,3,0.873174,0.590998,0.704896,0.349068,0.291482,0.317687,0.95584,0.0260748,0.599149,3.48349,0.777766,0.281721,7183.14,0.285714,1.21646,2.8751,18.5388,,,,,
fastsam-s,92,24,0.654353,0.949714,0.677838,0.869256,0.0985612,0.355519,9,14,0.444444,0.842285,0.347826,0.292969,0,3,0.845216,0.603254,0.704026,0.329185,0.318562,0.323787,0.946217,0.0304042,0.586542,3.84451,0.753252,0.309111,6603.25,0.375,1.30898,0.888936,19.3994,,,,,
fastsam-s,92,32,0.587315,0.958437,0.602665,0.843523,0.115775,0.371429,9,13,0.444444,0.799306,0.363636,0.290657,0,4,0.883774,0.555717,0.682364,0.35793,0.315742,0.335515,0.939893,0.0302996,0.524415,3.13351,0.699251,0.226138,6094.25,0.5,1.42183,1.64832,20.6676,14.3263,3.69864,3.625,0.42585,200.269
fastsam-s,92,40,0.696088,0.976679,0.707853,0.89798,0.0866634,0.38429,9,9,0.666667,0.797645,0.666667,0.531764,0,1,0.894481,0.648279,0.751735,0.39138,0.342712,0.365433,0.96438,0.0181947,0.557795,1.96911,0.869072,0.260405,8257.71,0.571429,1.15294,0.724176,15.8733,,,,,
fastsam-s,92,48,0.709339,0.977465,0.721131,0.903363,0.0831413,0.347486,9,12,0.555556,0.839429,0.47619,0.399728,0,3,0.861043,0.63524,0.731104,0.329316,0.302271,0.315214,0.862253,0.123664,6.59497,9.43202,0.740917,0.30326,7147.25,0.5,1.10991,1.27399,16.3346,,,,,
fastsam-s,92,56,0.664303,0.954869,0.685837,0.875606,0.0997135,0.362194,9,15,0.444444,0.755411,0.416667,0.314754,0,4,0.814955,0.585344,0.681324,0.329881,0.331554,0.330715,0.842406,0.124059,8.01083,13.2814,0.660017,0.198738,6558.22,0.666667,1.53274,0.473668,17.1644,,,,,
fastsam-s,92,64,0.59283,0.952634,0.610835,0.843689,0.121048,0.350744,9,14,0.444444,0.746935,0.434783,0.324754,0,4,0.884066,0.566869,0.690795,0.346465,0.321505,0.333519,0.945055,0.0248072,0.466318,2.5748,0.731818,0.239116,6546.38,0.625,1.66708,1.36672,16.8975,14.1633,4.3558,2.625,0.52057,143.216
fastsam-s,92,72,0.50979,0.961745,0.520342,0.804296,0.141963,0.284679,9,13,0.333333,0.840937,0.272727,0.229347,0,3,0.784762,0.424587,0.55104,0.275502,0.227682,0.249319,0.9471,0.0307749,0.83246,4.45678,0.636495,0.487624,5497,0.428571,1.24077,1.49324,17.5653,,,,,
fastsam-s,92,80,0.680628,0.963772,0.698498,0.886112,0.0941504,0.359415,9,14,0.444444,0.779522,0.434783,0.338923,0,4,0.825724,0.598448,0.693951,0.343324,0.330111,0.336588,0.8494,0.131948,3.41739,10.9227,0.728957,0.336319,6120.67,0.555556,1.38069,1.15977,17.8368,,,,,
fastsam-s,92,88,0.579147,0.965423,0.591414,0.842474,0.120931,0.380149,9,13,0.444444,0.74822,0.454545,0.3401,0,4,0.896023,0.5489,0.680766,0.361561,0.337176,0.348943,0.960222,0.0181375,0.349044,2.1913,0.728466,0.23317,6128,0.625,1.44454,2.28088,20.4534,,,,,
fastsam-s,92,96,0.719994,0.973594,0.734334,0.90551,0.0816374,0.404335,9,17,0.333333,0.766043,0.307692,0.235705,0,5,0.707183,0.533393,0.608115,0.285152,0.332127,0.306852,0.861656,0.126832,3.19444,5.93464,0.636201,0.32244,5441.56,0.555556,1.33452,1.25761,19.5587,24.0802,3.61255,2.66667,0.575168,197.876
fastsam-s,92,104,0.67701,0.905768,0.728307,0.857548,0.101478,0.352477,9,18,0.444444,0.777477,0.296296,0.230363,0,4,0.674124,0.542048,0.600914,0.260662,0.316775,0.285992,0.86537,0.110679,2.46568,10.2797,0.701844,0.346167,5642.78,0.555556,1.63037,3.50494,18.5126,,,,,
fastsam-s,92,112,0.760956,0.969534,0.779598,0.917925,0.072373,0.428718,9,17,0.444444,0.704311,0.461538,0.325067,0,4,0.741298,0.596074,0.660801,0.317806,0.405381,0.356291,0.956603,0.0187087,0.372544,2.46334,0.7798,0.256458,6244.89,0.666667,1.77403,0.674484,21.756,,,,,
fastsam-s,92,120,0.657399,0.957927,0.676945,0.874191,0.0978743,0.38449,9,14,0.444444,0.717883,0.347826,0.249699,0,5,0.802949,0.567426,0.664948,0.313568,0.37105,0.339895,0.94418,0.0263278,0.464932,3.00742,0.737881,0.220761,5606.44,0.666667,1.62153,4.4205,17.325,,,,,
fastsam-s,92,128,0.652948,0.97208,0.665428,0.87864,0.106865,0.391499,9,13,0.333333,0.651573,0.545455,0.355403,0,4,0.793371,0.543094,0.644798,0.326537,0.394944,0.357497,0.96069,0.0124661,0.317168,2.03202,0.769953,0.228925,5798.67,0.555556,1.5553,0.922916,16.6327,12.3952,4.32064,2.33333,0.494822,184.779
fastsam-s,92,136,0.567806,0.911923,0.600752,0.814558,0.142533,0.239821,9,13,0.555556,0.732208,0.454545,0.332822,0,3,0.670852,0.44194,0.532851,0.206453,0.198726,0.202516,0.853623,0.124487,3.93043,6.24707,0.704166,0.590673,5497.75,0.5,2.44524,4.1004,16.9753,,,,,
fastsam-s,92,144,0.626754,0.969231,0.639478,0.866159,0.116022,0.417641,9,14,0.333333,0.691095,0.347826,0.240381,0,5,0.763579,0.503793,0.607061,0.339002,0.391196,0.363233,0.949855,0.02205,0.418215,2.6382,0.723635,0.312912,5439.44,0.555556,1.25692,2.55793,16.7362,,,,,
fastsam-s,92,152,0.474856,0.944809,0.488404,0.777205,0.162386,0.408429,9,13,0.444444,0.771511,0.363636,0.280549,0,4,0.873552,0.451569,0.59537,0.399025,0.365727,0.381651,0.936148,0.0360037,0.554644,3.59304,0.741063,0.276035,5500.12,0.5,0.873633,5.04501,21.2504,,,,,
fastsam-s,92,160,0.435817,0.973126,0.441126,0.761261,0.177464,0.282616,9,11,0.444444,0.692734,0.4,0.277094,0,3,0.910043,0.41253,0.567712,0.283558,0.259397,0.27094,0.860689,0.120141,3.19059,5.68276,0.672074,0.361724,4552.22,0.444444,1.2445,3.87109,19.3634,20.0714,3.90897,2.66667,0.468969,194.117
fastsam-s,92,168,0.466311,0.875209,0.499524,0.745773,0.173861,0.255888,9,11,0.444444,0.695544,0.5,0.347772,0,2,0.779562,0.444933,0.566524,0.238558,0.252305,0.245239,0.95629,0.0152406,0.336851,1.96745,0.803317,0.460378,7207,0.666667,1.32489,0.573254,30.1069,,,,,
fastsam-s,92,176,0.540218,0.933084,0.561991,0.809701,0.146455,0.385693,9,11,0.444444,0.744789,0.4,0.297916,0,2,0.75567,0.455136,0.568105,0.373555,0.373536,0.373545,0.948638,0.0259891,0.519065,3.06655,0.784363,0.391969,6462.57,0.571429,0.76618,3.98623,17.0183,,,,,
fastsam-s,92,184,0.535821,0.926465,0.559621,0.80473,0.142471,0.377887,8,12,0.5,0.706938,0.5,0.353469,0,3,0.748716,0.452254,0.563894,0.345302,0.345933,0.345617,0.935677,0.0261182,0.505358,3.21252,0.824613,0.401402,6234.43,0.571429,0.539054,4.1536,17.3948,,,,,
fastsam-s,92,192,0.47017,0.943219,0.483865,0.773714,0.165501,0.363847,8,9,0.375,0.66325,0.823529,0.546206,0,1,0.912278,0.467992,0.618631,0.356654,0.368572,0.362515,0.951099,0.0207032,0.385085,2.68224,0.805292,0.202958,5797,0.5,0.590479,2.14684,16.1297,15.8144,4.63966,2.75,0.391117,171.169
fastsam-s,92,200,0.497989,0.931457,0.516932,0.786005,0.152777,0.421108,8,9,0.5,0.648295,0.705882,0.45762,0,0,0.931377,0.516888,0.66482,0.412422,0.422815,0.417554,0.917835,0.0373233,0.595511,3.44524,0.805827,0.20345,6180.38,0.5,0.502759,2.90129,16.7907,,,,,
fastsam-s,92,208,0.454876,0.936745,0.469291,0.761664,0.161468,0.426427,7,10,0.428571,0.663384,0.352941,0.234135,1,3,0.696533,0.34895,0.464962,0.326494,0.295707,0.310338,0.886881,0.0827413,4.07832,18.2278,0.729543,0.277834,7550.2,0.6,0.420009,3.88316,20.3103,,,,,
fastsam-s,92,216,0.444603,0.93905,0.457815,0.755729,0.162952,0.398854,7,7,0.428571,0.639119,0.571429,0.365211,1,1,0.732601,0.357165,0.480212,0.335861,0.279418,0.30505,0.890789,0.0929281,4.19564,18.651,0.780532,0.547838,7619.4,0.6,0.290978,2.75179,15.9295,,,,,
fastsam-s,92,224,0.411496,0.89483,0.432409,0.717709,0.183239,0.315969,7,8,0.285714,0.621496,0.666667,0.414331,0,1,0.870686,0.420742,0.567332,0.328773,0.315092,0.321787,0.967032,0.0220725,0.454452,3.68642,0.79528,0.273901,6670.67,0.5,0.267962,2.26462,16.0741,14.4094,3.56666,2.33333,0.50207,125.483
fastsam-s,92,232,0.616492,0.948138,0.638007,0.852507,0.108656,0.427023,7,10,0.428571,0.649938,0.705882,0.458779,0,1,0.719042,0.483847,0.578451,0.354013,0.447363,0.395251,0.95509,0.0250192,0.665724,4.50392,0.808259,0.601269,6161.71,0.714286,0.0733249,1.42398,20.9191,,,,,
fastsam-s,92,240,0.576128,0.948351,0.594791,0.833953,0.103428,0.406381,8,10,0.125,0.55267,0.333333,0.184223,1,3,0.580219,0.363904,0.447281,0.262523,0.284163,0.272914,0.863128,0.0979077,4.7403,19.6423,0.712465,0.268146,6676,0.6,0.368611,3.20313,16.3616,,,,,
fastsam-s,92,248,0.477712,0.965471,0.486015,0.786435,0.133148,0.43728,7,7,0.142857,0.580427,0.571429,0.331673,1,1,0.706013,0.355405,0.472802,0.331659,0.311791,0.321419,0.906007,0.076315,3.91388,16.9332,0.750946,0.199531,6757.4,0.6,0.22483,1.49705,15.9745,,,,,
fastsam-s,93,0,0.598762,0.975292,0.607985,0.855957,0.104873,0.442367,9,12,0.666667,0.675723,0.666667,0.450482,0,2,0.761517,0.474721,0.584852,0.357679,0.400953,0.378082,0.957466,0.0174973,0.384561,2.56536,0.785905,0.106782,4830.88,0.625,1.44624,4.85559,19.8623,12.7656,3.14483,2.875,0.540611,139.299
fastsam-s,93,8,0.646509,0.98733,0.651918,0.882545,0.10749,0.309861,9,13,0.222222,0.652824,0.454545,0.296738,0,4,0.689854,0.455499,0.548701,0.223579,0.289401,0.252267,0.988154,0.00411067,0.121568,0.668232,0.758511,0.179607,6110.57,0.714286,1.31419,1.32935,17.525,,,,,
fastsam-s,93,16,0.454921,0.980759,0.459018,0.77696,0.154473,0.28008,9,10,0.555556,0.688904,0.631579,0.435097,0,2,0.841662,0.393918,0.536664,0.289584,0.227661,0.254916,0.970319,0.0132843,0.674316,1.62994,0.803387,0.543061,4925.29,0.428571,1.10568,1.65758,20.1034,,,,,
fastsam-s,93,24,0.475877,0.98383,0.479628,0.791756,0.16557,0.355349,9,10,0.555556,0.710646,0.736842,0.523634,0,1,0.918002,0.447536,0.601725,0.343794,0.336542,0.34013,0.981003,0.0100732,0.222793,1.2279,0.810316,0.248569,5486.5,0.625,1.127,0.268468,16.6127,,,,,
fastsam-s,93,32,0.448191,0.982796,0.451735,0.773068,0.181328,0.29426,9,10,0.444444,0.722185,0.526316,0.380097,0,2,0.804631,0.369843,0.506758,0.262929,0.23336,0.247264,0.979871,0.0117906,0.231874,1.62586,0.79214,0.115787,5391,0.571429,1.39931,2.18732,16.1445,9.59515,3.06744,2.14286,0.484217,128.982
fastsam-s,93,40,0.526747,0.98253,0.531727,0.821755,0.144743,0.356647,9,12,0.666667,0.739585,0.666667,0.493057,0,2,0.908578,0.491706,0.638089,0.3548,0.35703,0.355911,0.980394,0.00676888,0.207614,1.2569,0.82852,0.270232,5798.75,0.625,1.09811,0.118838,20.2659,,,,,
fastsam-s,93,48,0.488473,0.991037,0.49064,0.802227,0.148135,0.298754,9,11,0.444444,0.680015,0.6,0.408009,0,3,0.813542,0.402766,0.53879,0.285648,0.249549,0.266381,0.978843,0.00810305,0.216212,1.12654,0.786016,0.262982,5154.57,0.571429,1.06808,0.372803,16.4667,,,,,
fastsam-s,93,56,0.480096,0.984225,0.483819,0.794575,0.162533,0.356806,9,10,0.555556,0.753513,0.526316,0.396586,0,1,0.909042,0.446861,0.599181,0.307882,0.324047,0.315758,0.9799,0.00482575,0.184153,1.3236,0.79164,0.125668,5418.88,0.625,1.53091,0.843026,15.7063,,,,,
fastsam-s,93,64,0.509057,0.985958,0.512775,0.812859,0.148128,0.359213,9,10,0.444444,0.701797,0.631579,0.44324,0,1,0.910544,0.473554,0.623065,0.31175,0.324126,0.317817,0.980696,0.00691148,0.21046,1.25504,0.785257,0.168324,5530.62,0.625,1.61579,1.96382,15.8645,6.79412,3.36179,2.5,0.573107,178.18
fastsam-s,93,72,0.623428,0.980673,0.631183,0.869562,0.109346,0.368598,9,12,0.666667,0.726647,0.666667,0.484432,0,2,0.845557,0.544219,0.66222,0.362314,0.388474,0.374938,0.977249,0.0112327,0.336197,1.59988,0.840998,0.199326,6134.25,0.625,1.23326,0.978945,16.64,,,,,
fastsam-s,93,80,0.611899,0.980985,0.619244,0.864451,0.111416,0.355105,9,12,0.666667,0.724553,0.666667,0.483035,0,2,0.837557,0.528705,0.648222,0.379073,0.387004,0.382997,0.974387,0.00442834,0.208578,1.37459,0.818326,0.188664,5851.88,0.625,1.33869,0.280597,16.2446,,,,,
fastsam-s,93,88,0.514423,0.976167,0.520966,0.812364,0.14209,0.361465,9,11,0.555556,0.699686,0.6,0.419812,0,1,0.896352,0.47837,0.623817,0.308385,0.332106,0.319806,0.973996,0.00749957,0.235521,1.5213,0.78703,0.148585,5410.88,0.625,1.34841,3.1808,19.6198,,,,,
fastsam-s,93,96,0.577145,0.979389,0.584241,0.847164,0.117637,0.360045,9,11,0.666667,0.727124,0.6,0.436275,0,2,0.839979,0.501078,0.627706,0.346577,0.373545,0.359556,0.97284,0.00957452,0.258548,1.7787,0.791439,0.166619,5398.12,0.625,1.44811,1.64584,16.1919,10.8766,3.60875,2.625,0.517757,150.709
fastsam-s,93,104,0.538519,0.986801,0.542426,0.829904,0.129303,0.307422,9,11,0.444444,0.699947,0.5,0.349974,0,3,0.756307,0.415728,0.536533,0.292495,0.252179,0.270845,0.984931,0.00336796,0.154694,1.13767,0.767047,0.205188,5136.14,0.571429,1.58167,2.33765,16.9638,,,,,
fastsam-s,93,112,0.643803,0.979731,0.652494,0.878104,0.0971517,0.369841,9,12,0.666667,0.738278,0.571429,0.421873,0,2,0.794421,0.529079,0.635151,0.345799,0.376988,0.360721,0.975689,0.00906147,0.24823,1.54663,0.821976,0.258234,5592.25,0.625,1.9743,1.09838,16.7229,,,,,
fastsam-s,93,120,0.516598,0.969731,0.525064,0.811196,0.131449,0.337336,9,10,0.444444,0.66687,0.631579,0.421181,0,1,0.879935,0.476444,0.618175,0.300709,0.311759,0.306134,0.950572,0.013797,0.335543,2.39272,0.760231,0.20467,5063.75,0.5,1.59351,5.19243,16.1596,,,,,
fastsam-s,93,128,0.659187,0.979868,0.668237,0.884662,0.0937956,0.415761,9,12,0.777778,0.708485,0.666667,0.472323,0,2,0.826236,0.563465,0.670008,0.383537,0.468947,0.421963,0.975057,0.00889305,0.258195,1.57468,0.822218,0.175005,5344.11,0.666667,1.76453,0.825619,20.3405,6.10578,3.77212,3,0.482206,162.141
fastsam-s,93,136,0.549573,0.965757,0.560494,0.827657,0.13514,0.270562,9,14,0.333333,0.632279,0.347826,0.219923,0,3,0.633949,0.367924,0.465618,0.221306,0.245276,0.232675,0.738529,0.248245,14.4882,19.3342,0.571472,0.376233,5033,0.5,1.89061,2.85743,16.7115,,,,,
fastsam-s,93,144,0.641624,0.981293,0.649569,0.87784,0.10472,0.433503,9,12,0.666667,0.711104,0.666667,0.474069,0,2,0.817562,0.541187,0.651267,0.386084,0.473594,0.425385,0.974331,0.0106319,0.250615,1.62207,0.820771,0.203169,5451.56,0.666667,1.60488,2.41549,21.1769,,,,,
fastsam-s,93,152,0.463805,0.98138,0.467922,0.783083,0.174541,0.325895,9,10,0.444444,0.692717,0.631579,0.437505,0,1,0.887177,0.423007,0.572869,0.325459,0.311218,0.318179,0.96697,0.0116755,0.264664,1.83671,0.780648,0.226978,5352.5,0.625,1.00983,4.98522,16.1602,,,,,
fastsam-s,93,160,0.572842,0.993209,0.575094,0.850512,0.133128,0.27326,9,11,0.444444,0.704681,0.6,0.422809,0,2,0.750851,0.434763,0.550672,0.24822,0.236025,0.241969,0.985234,0.00333062,0.140615,0.898428,0.82777,0.308506,5970.43,0.571429,1.61791,1.61722,17.0028,6.49868,4.77498,1.71429,0.570379,148.741
fastsam-s,93,168,0.560615,0.986329,0.565005,0.841517,0.147441,0.249828,9,13,0.222222,0.617875,0.454545,0.280852,0,3,0.708544,0.40588,0.516112,0.20383,0.223453,0.213191,0.863352,0.128457,7.41897,10.0361,0.681301,0.26327,5569,0.5,1.77206,0.3616,16.9782,,,,,
fastsam-s,93,176,0.702505,0.980025,0.71271,0.901957,0.100908,0.379303,9,14,0.555556,0.668249,0.695652,0.464869,0,3,0.772884,0.562069,0.650831,0.302995,0.385725,0.339391,0.966994,0.0108199,0.257402,1.75911,0.828923,0.187132,6569.44,0.666667,1.097,4.17534,17.732,,,,,
fastsam-s,93,184,0.499803,0.971755,0.507171,0.802181,0.173727,0.358305,9,12,0.555556,0.680317,0.761905,0.518337,0,2,0.864424,0.451154,0.592877,0.318396,0.338885,0.328321,0.96445,0.0118131,0.275819,1.79575,0.803256,0.151337,5443.78,0.555556,0.812067,4.4238,16.8796,,,,,
fastsam-s,93,192,0.652051,0.989447,0.656618,0.885829,0.119707,0.283685,9,13,0.333333,0.671353,0.454545,0.305161,0,3,0.628308,0.416958,0.501266,0.193874,0.233915,0.212021,0.982755,0.0048434,0.323896,0.797414,0.775587,0.182485,6299,0.571429,1.23545,1.38565,17.235,5.94046,3.64838,2.14286,0.446465,142.589
fastsam-s,93,200,0.53457,0.971971,0.542939,0.822064,0.163737,0.230734,9,16,0.222222,0.60403,0.32,0.19329,0,4,0.563276,0.314644,0.403753,0.15415,0.186406,0.16875,0.845294,0.138645,6.95831,14.8579,0.605282,0.322463,5004.38,0.625,0.860718,2.30714,21.024,,,,,
fastsam-s,93,208,0.597747,0.962027,0.612191,0.849943,0.143906,0.348533,9,14,0.666667,0.668614,0.695652,0.465123,0,3,0.738643,0.47004,0.574496,0.289791,0.368556,0.324462,0.956143,0.0171487,0.330776,2.17744,0.79876,0.163415,5841,0.666667,0.71849,4.06879,17.4071,,,,,
fastsam-s,93,216,0.454977,0.984735,0.458209,0.778338,0.188913,0.240626,9,12,0.333333,0.658382,0.571429,0.376218,0,3,0.671728,0.312563,0.426617,0.210598,0.198058,0.204135,0.944242,0.0163815,0.358261,1.8573,0.772514,0.229323,4821.29,0.571429,0.547345,2.74504,16.794,,,,,
fastsam-s,93,224,0.472859,0.985767,0.476109,0.790492,0.178701,0.238541,9,12,0.222222,0.704755,0.285714,0.201359,0,4,0.653228,0.315498,0.425491,0.195705,0.184845,0.19012,0.95225,0.0308494,1.74658,10.0421,0.685821,0.342505,4750.43,0.428571,0.677561,1.86987,16.5429,15.7457,3.46191,3,0.443294,138.337
fastsam-s,93,232,0.515604,0.982782,0.520304,0.815504,0.16391,0.28221,8,11,0.375,0.713099,0.526316,0.375315,0,3,0.768025,0.406607,0.531714,0.214622,0.247022,0.229685,0.955082,0.0284244,1.41657,7.86744,0.789139,0.273464,6126.86,0.714286,0.376518,1.59474,16.6031,,,,,
fastsam-s,93,240,0.456722,0.966306,0.464113,0.773228,0.189115,0.305531,8,10,0.625,0.677083,0.777778,0.52662,0,1,0.872425,0.419023,0.566133,0.280365,0.310018,0.294447,0.946183,0.0119648,0.310273,2.16946,0.799663,0.213864,5748.5,0.625,0.483156,3.81998,16.4195,,,,,
fastsam-s,93,248,0.423766,0.959278,0.431529,0.748135,0.19165,0.273641,8,12,0.375,0.676014,0.5,0.338007,0,3,0.716428,0.322284,0.444576,0.216121,0.23667,0.225929,0.946307,0.0290048,0.857761,7.33239,0.759256,0.222923,4781.14,0.571429,0.547063,2.72884,16.8366,,,,,
fastsam-s,94,0,0.597241,0.955862,0.614179,0.847108,0.106156,0.447481,9,11,0.555556,0.729036,0.6,0.437422,0,1,0.868554,0.55808,0.679533,0.394659,0.432125,0.412543,0.945049,0.0257754,0.507346,3.20578,0.787216,0.142198,5161.22,0.666667,1.19225,6.21101,17.4131,10.1447,3.27733,2.77778,0.552123,173.767
fastsam-s,94,8,0.395763,0.989598,0.397416,0.736382,0.188177,0.342543,9,11,0.444444,0.704954,0.5,0.352477,0,3,0.888581,0.356848,0.509204,0.353936,0.323036,0.337781,0.979893,0.00898873,0.239859,1.38732,0.726641,0.206402,4327.12,0.5,1.07114,0.995707,19.4992,,,,,
fastsam-s,94,16,0.471735,0.993404,0.473217,0.792394,0.161953,0.257959,9,9,0.555556,0.686479,0.666667,0.457653,0,1,0.895691,0.426671,0.578004,0.342667,0.271193,0.302769,0.980625,0.00658222,0.22567,1.12735,0.804498,0.393433,5798.86,0.428571,1.17864,0.804588,16.1954,,,,,
fastsam-s,94,24,0.505253,0.983484,0.509577,0.809708,0.152982,0.461033,9,11,0.555556,0.737648,0.6,0.442589,0,2,0.936967,0.485475,0.639568,0.439756,0.450435,0.445032,0.978841,0.00977028,0.251353,1.69284,0.755458,0.2343,5190.33,0.555556,1.05269,2.07459,16.9175,,,,,
fastsam-s,94,32,0.418171,0.983079,0.421202,0.75168,0.17999,0.355476,9,12,0.333333,0.664665,0.47619,0.316507,0,3,0.762418,0.32666,0.457362,0.325965,0.292064,0.308085,0.964578,0.016078,0.389279,2.50913,0.757493,0.24668,4530.71,0.428571,1.25164,3.68178,17.5692,15.7604,2.83602,3,0.525419,165.606
fastsam-s,94,40,0.516139,0.985814,0.520001,0.816936,0.152051,0.357915,9,13,0.444444,0.685353,0.545455,0.373829,0,3,0.863146,0.455296,0.596138,0.306854,0.309959,0.308399,0.978196,0.0128826,0.376442,1.58024,0.745522,0.323894,5585.38,0.5,1.014,1.29381,20.2786,,,,,
fastsam-s,94,48,0.541592,0.985451,0.545958,0.831066,0.147061,0.345104,9,10,0.555556,0.763182,0.526316,0.401675,0,2,0.886214,0.490978,0.631882,0.362823,0.308666,0.333561,0.985515,0.0095474,0.375313,1.18022,0.752773,0.350505,7003.86,0.571429,1.02279,0.877068,16.1792,,,,,
fastsam-s,94,56,0.524586,0.971251,0.532861,0.816276,0.151191,0.414995,9,12,0.444444,0.728507,0.47619,0.346908,0,2,0.896678,0.491947,0.635331,0.370157,0.410807,0.389424,0.954099,0.022894,0.411767,2.58133,0.751283,0.234762,5436.78,0.666667,1.41508,2.12997,16.2995,,,,,
fastsam-s,94,64,0.522872,0.966304,0.532583,0.813433,0.154521,0.43699,9,13,0.444444,0.7398,0.454545,0.336273,0,2,0.88498,0.48776,0.6289,0.373956,0.41739,0.394481,0.960656,0.0237286,0.449964,2.95082,0.760588,0.1822,5485.44,0.666667,1.39317,3.45137,16.8014,8.12952,3.17454,2.77778,0.586485,184.737
fastsam-s,94,72,0.548629,0.985499,0.553094,0.834876,0.148158,0.367606,9,12,0.555556,0.737047,0.571429,0.42117,0,3,0.858662,0.481909,0.617344,0.357784,0.331728,0.344264,0.972892,0.0153704,0.419965,1.98887,0.779347,0.379327,6173.5,0.5,1.23626,0.199519,16.3559,,,,,
fastsam-s,94,80,0.684191,0.980415,0.693672,0.895035,0.104476,0.428353,9,14,0.666667,0.737895,0.608696,0.449153,0,3,0.82172,0.58139,0.680973,0.353779,0.420321,0.38419,0.967269,0.0159001,0.3157,1.99852,0.811124,0.176674,6640,0.666667,1.3136,0.681264,20.7185,,,,,
fastsam-s,94,88,0.472884,0.961249,0.482074,0.781896,0.171644,0.413404,9,12,0.444444,0.72423,0.47619,0.344871,0,2,0.863852,0.433229,0.577058,0.36073,0.392423,0.375909,0.950201,0.0358573,0.675375,3.82256,0.838243,0.121305,5565.25,0.625,1.31536,3.98355,16.2792,,,,,
fastsam-s,94,96,0.61162,0.974903,0.621404,0.861771,0.124297,0.409266,9,13,0.555556,0.724471,0.545455,0.395166,0,3,0.834112,0.531663,0.649399,0.338192,0.428878,0.378174,0.955339,0.0252339,0.581877,3.25201,0.788661,0.259226,5952.11,0.666667,1.3015,3.04455,16.5704,7.38629,3.22075,3.66667,0.629166,195.467
fastsam-s,94,104,0.610161,0.984467,0.616092,0.865099,0.127861,0.391421,9,13,0.666667,0.740558,0.636364,0.471264,0,2,0.854855,0.53498,0.658107,0.360492,0.424463,0.389871,0.970042,0.0188806,0.380618,2.21499,0.81953,0.287672,6072.33,0.555556,1.51299,1.97727,20.0707,,,,,
fastsam-s,94,112,0.59957,0.978518,0.607567,0.857675,0.124183,0.346671,9,12,0.555556,0.775108,0.47619,0.369099,0,2,0.7606,0.47226,0.582712,0.294635,0.348325,0.319238,0.955503,0.0238564,0.474207,2.60314,0.803652,0.178661,5764.12,0.625,1.50568,1.49875,17.1333,,,,,
fastsam-s,94,120,0.591616,0.9586,0.607129,0.845629,0.12695,0.403645,9,13,0.444444,0.726465,0.454545,0.330211,0,3,0.815888,0.516743,0.63274,0.333289,0.435744,0.377692,0.940698,0.0327633,0.700233,5.79029,0.768144,0.173288,5697.78,0.666667,1.49184,6.16117,16.9981,,,,,
fastsam-s,94,128,0.699267,0.972241,0.713512,0.897166,0.087474,0.446513,9,13,0.666667,0.800333,0.545455,0.436545,0,3,0.832636,0.611058,0.704843,0.365113,0.462295,0.407997,0.964628,0.0192222,0.373349,2.5135,0.84236,0.176336,6153.33,0.666667,1.49219,2.8605,17.0746,5.9406,3.9985,2.88889,0.608409,171.067
fastsam-s,94,136,0.606678,0.882467,0.660008,0.818781,0.127604,0.404954,9,15,0.666667,0.727909,0.666667,0.485273,0,2,0.767751,0.574211,0.657024,0.341463,0.43536,0.382737,0.955633,0.0235705,0.492746,2.70261,0.846182,0.228868,6063.22,0.555556,1.80242,0.822979,16.7291,,,,,
fastsam-s,94,144,0.755286,0.974072,0.770782,0.918187,0.0683105,0.464366,9,12,0.666667,0.717212,0.761905,0.546447,0,2,0.835905,0.66145,0.738515,0.386978,0.457422,0.419261,0.959705,0.0167991,0.36287,2.31386,0.877246,0.0703518,6394.33,0.666667,1.56848,3.10278,16.9497,,,,,
fastsam-s,94,152,0.629113,0.95852,0.64672,0.862552,0.0995117,0.44895,9,11,0.777778,0.727001,0.7,0.508901,0,2,0.900458,0.607546,0.725554,0.414407,0.418601,0.416493,0.950495,0.0235134,0.446673,2.87782,0.874425,0.131509,6369.75,0.625,0.994051,6.04097,16.5694,,,,,
fastsam-s,94,160,0.678938,0.974937,0.690998,0.890495,0.0893424,0.400562,9,11,0.666667,0.710062,0.8,0.568049,0,2,0.886244,0.628136,0.735194,0.352147,0.399106,0.374159,0.962624,0.0174246,0.338814,1.99215,0.845272,0.180563,6052.11,0.555556,1.66755,2.61983,16.3065,6.96353,3.21075,2.66667,0.597593,183.995
fastsam-s,94,168,0.671068,0.929405,0.707111,0.86654,0.0970703,0.436672,9,17,0.777778,0.720185,0.615385,0.443191,0,3,0.807556,0.614406,0.697863,0.360301,0.425612,0.390243,0.967512,0.0105632,0.280331,1.66921,0.83343,0.171007,6045.11,0.444444,1.33147,1.76377,17.9553,,,,,
fastsam-s,94,176,0.683087,0.969532,0.698072,0.889691,0.0872233,0.477103,9,11,0.777778,0.724828,0.8,0.579862,0,2,0.910811,0.655793,0.762545,0.428524,0.462976,0.445085,0.958444,0.0191915,0.369666,2.38325,0.843633,0.167918,6267.11,0.666667,1.11376,4.63228,16.7497,,,,,
fastsam-s,94,184,0.596702,0.971802,0.607215,0.853537,0.117832,0.454978,9,12,0.666667,0.753207,0.571429,0.430404,0,3,0.811762,0.507216,0.62433,0.429468,0.408319,0.418626,0.960491,0.019235,0.521887,2.4364,0.805323,0.140692,5813,0.625,0.846721,5.19646,21.4717,,,,,
fastsam-s,94,192,0.696823,0.977648,0.708104,0.898703,0.0861686,0.478116,9,13,0.777778,0.705021,0.727273,0.512743,0,3,0.823451,0.59642,0.691785,0.416324,0.46537,0.439483,0.964075,0.0147441,0.360886,1.93462,0.815415,0.193545,5900.22,0.555556,1.35134,2.15826,16.7269,10.6324,3.30453,2.88889,0.532259,180.84
fastsam-s,94,200,0.46042,0.857751,0.498482,0.735432,0.168454,0.30072,9,11,0.555556,0.686441,0.6,0.411864,0,3,0.657362,0.382026,0.483225,0.288502,0.224596,0.252569,0.857413,0.128992,4.55841,9.33673,0.68406,0.245274,4879,0.5,1.13882,3.11266,16.0601,,,,,
fastsam-s,94,208,0.585858,0.967998,0.597429,0.846789,0.13016,0.405818,9,12,0.666667,0.732999,0.571429,0.418856,0,3,0.793066,0.489464,0.605331,0.353713,0.344575,0.349084,0.941538,0.0273028,0.796965,6.12651,0.811017,0.151485,6161.25,0.625,0.8007,4.70389,16.3615,,,,,
fastsam-s,94,216,0.607447,0.983363,0.613755,0.863378,0.123096,0.408843,9,10,0.777778,0.751663,0.736842,0.553857,0,2,0.838369,0.523259,0.644352,0.391751,0.330991,0.358817,0.962579,0.0172234,0.487079,2.36895,0.845463,0.118892,6457.62,0.625,0.875467,3.74983,15.7457,,,,,
fastsam-s,94,224,0.484247,0.979977,0.489086,0.795681,0.152718,0.289986,9,10,0.666667,0.748511,0.631579,0.472744,0,2,0.815502,0.406999,0.543,0.355815,0.254296,0.296609,0.857071,0.125677,4.07335,9.26865,0.732158,0.221387,5240.75,0.625,0.645107,2.18893,15.8786,14.32,3.62668,2.375,0.475421,140.899
fastsam-s,94,232,0.589746,0.98808,0.593972,0.856876,0.129326,0.363663,9,11,0.666667,0.702442,0.7,0.49171,0,3,0.797837,0.47961,0.599087,0.334636,0.289662,0.310529,0.972595,0.0137384,0.262995,1.58027,0.801276,0.148271,5890.38,0.625,0.501701,3.79871,16.6329,,,,,
fastsam-s,94,240,0.724508,0.973117,0.739305,0.906927,0.0957031,0.394751,9,13,0.777778,0.701244,0.727273,0.509995,0,2,0.749301,0.569266,0.646993,0.32129,0.402879,0.357488,0.954192,0.0119116,0.324384,2.13834,0.851768,0.212102,6862.67,0.666667,0.741001,4.84998,16.7256,,,,,
fastsam-s,94,248,0.509014,0.987472,0.512323,0.813387,0.159131,0.359302,9,12,0.555556,0.755679,0.571429,0.431817,0,3,0.803733,0.416995,0.549103,0.332235,0.280456,0.304158,0.97139,0.00675956,0.232401,1.41244,0.787021,0.143442,5274.5,0.625,0.615157,3.91659,16.0248,,,,,
fastsam-s,95,0,0.67563,0.967722,0.691207,0.885934,0.0877604,0.474037,9,14,0.666667,0.70895,0.608696,0.431535,0,3,0.837837,0.598434,0.698183,0.414493,0.48439,0.446724,0.94528,0.0245135,0.473006,3.14343,0.800624,0.123787,5664.22,0.666667,1.42567,6.26569,20.2263,8.91532,4.47868,1.66667,0.511355,167.05
fastsam-s,95,8,0.659905,0.981519,0.668208,0.885685,0.0817025,0.403232,9,13,0.555556,0.746479,0.454545,0.339308,0,3,0.876093,0.596435,0.709708,0.405717,0.402896,0.404301,0.972317,0.0130885,0.296189,1.69967,0.752076,0.276853,4977.44,0.555556,1.32051,0.122926,16.4636,,,,,
fastsam-s,95,16,0.477523,0.979374,0.482374,0.791243,0.127005,0.263377,9,11,0.555556,0.702249,0.5,0.351124,0,2,0.884702,0.435745,0.5839,0.321188,0.293644,0.306799,0.962718,0.023824,0.72729,3.14501,0.718721,0.441343,4145.62,0.5,1.33594,1.7884,16.8386,,,,,
fastsam-s,95,24,0.723111,0.981921,0.732868,0.910516,0.0697982,0.449183,9,16,0.555556,0.746196,0.4,0.298478,0,4,0.780985,0.582897,0.667556,0.337881,0.404724,0.368294,0.97477,0.00978269,0.250167,1.33255,0.742976,0.294331,5103,0.555556,1.29345,1.21305,17.4328,,,,,
fastsam-s,95,32,0.734497,0.981645,0.744725,0.914507,0.0701042,0.488996,9,15,0.555556,0.75972,0.416667,0.31655,0,4,0.751351,0.570013,0.648239,0.368489,0.38478,0.376458,0.969945,0.018256,0.357742,2.18726,0.772309,0.305397,5905.38,0.625,1.36803,3.9612,21.6635,12.7719,3.21989,2.375,0.494368,149.096
fastsam-s,95,40,0.548302,0.980575,0.554323,0.832794,0.120212,0.379051,9,13,0.444444,0.686869,0.454545,0.312213,0,2,0.822203,0.464794,0.593871,0.311803,0.363322,0.335597,0.979682,0.0105655,0.258343,1.62634,0.702584,0.401108,4288.78,0.555556,1.16676,1.15245,17.3455,,,,,
fastsam-s,95,48,0.582951,0.932171,0.608774,0.830375,0.116657,0.337536,9,15,0.555556,0.694274,0.416667,0.289281,0,3,0.803249,0.524579,0.634672,0.311233,0.334802,0.322588,0.950298,0.0283508,0.745154,5.82518,0.747345,0.308773,5115.89,0.555556,1.21493,0.0573038,17.1553,,,,,
fastsam-s,95,56,0.578786,0.963761,0.591663,0.841616,0.11876,0.443413,9,17,0.444444,0.758845,0.307692,0.233491,0,3,0.692249,0.424978,0.526644,0.294929,0.354874,0.322137,0.972709,0.0110071,0.269917,1.79712,0.652388,0.345532,4128.67,0.555556,1.60723,1.89505,21.5976,,,,,
fastsam-s,95,64,0.766993,0.977357,0.780868,0.923718,0.0661621,0.466296,9,15,0.444444,0.762991,0.333333,0.25433,0,4,0.698849,0.558352,0.62075,0.328302,0.412084,0.365452,0.968746,0.0156087,0.301561,2.15438,0.714319,0.241748,6224.62,0.75,1.58022,3.39199,17.1915,13.8031,4.05944,1.625,0.529749,164.92
fastsam-s,95,72,0.633292,0.967272,0.647159,0.868172,0.102783,0.366092,9,16,0.444444,0.677916,0.48,0.3254,0,4,0.747348,0.500018,0.599162,0.274468,0.334649,0.301585,0.966608,0.0195386,0.505975,2.54219,0.745762,0.382772,4890.56,0.555556,1.33046,0.0656697,16.9772,,,,,
fastsam-s,95,80,0.805211,0.975205,0.82204,0.935002,0.0559049,0.395524,9,17,0.666667,0.733544,0.461538,0.338559,0,3,0.726119,0.612075,0.664237,0.316678,0.395481,0.35172,0.962123,0.0186172,0.584142,2.43706,0.788206,0.326095,6151.56,0.666667,1.57387,0.626766,18.0275,,,,,
fastsam-s,95,88,0.638469,0.972521,0.650199,0.872687,0.104049,0.420481,9,13,0.555556,0.702915,0.545455,0.383408,0,3,0.870753,0.58216,0.697795,0.397504,0.431094,0.413618,0.969536,0.0198563,0.3512,2.38835,0.731209,0.273778,5871.11,0.666667,1.44771,4.0014,17.1317,,,,,
fastsam-s,95,96,0.661939,0.978924,0.671508,0.885387,0.0990723,0.434374,9,13,0.555556,0.7451,0.454545,0.338682,0,4,0.866171,0.594163,0.704834,0.425862,0.442371,0.43396,0.961626,0.0136269,0.326313,2.02162,0.753089,0.256209,6857.38,0.75,1.5359,2.65084,17.4487,12.842,3.53641,2.5,0.518975,206.26
fastsam-s,95,104,0.655097,0.836137,0.751588,0.81498,0.109717,0.278773,9,16,0.555556,0.723253,0.4,0.289301,0,3,0.664829,0.597603,0.629426,0.240228,0.301118,0.267249,0.94186,0.0293918,0.914663,3.86041,0.787629,0.505787,7773,0.714286,1.78903,2.44153,17.6418,,,,,
fastsam-s,95,112,0.609766,0.978168,0.618179,0.862289,0.115924,0.38167,9,14,0.555556,0.738129,0.521739,0.385111,0,4,0.852095,0.538504,0.659941,0.38518,0.365539,0.375102,0.964085,0.0187269,0.372535,2.39387,0.811561,0.377032,6322.75,0.625,1.82454,0.55736,20.5368,,,,,
fastsam-s,95,120,0.797346,0.963644,0.822076,0.926812,0.060459,0.436578,9,17,0.555556,0.731649,0.384615,0.281404,0,4,0.673625,0.574664,0.620222,0.263849,0.394205,0.316116,0.946438,0.0150043,0.364956,2.32728,0.776673,0.1931,5983.44,0.666667,1.65509,6.12916,17.3877,,,,,
fastsam-s,95,128,0.553205,0.977046,0.560489,0.834007,0.13541,0.38305,9,12,0.777778,0.747763,0.666667,0.498509,0,2,0.900825,0.516764,0.656769,0.430162,0.374283,0.400282,0.964492,0.0159484,0.378864,2.13322,0.779512,0.563481,5512.89,0.555556,1.78108,1.75557,16.078,11.2843,4.23544,2.33333,0.476234,142.639
fastsam-s,95,136,0.338054,0.775056,0.374829,0.621833,0.208311,0.267664,9,11,0.333333,0.626365,0.4,0.250546,0,1,0.659702,0.319043,0.430088,0.313436,0.233377,0.267546,0.893262,0.0530956,1.86351,13.8035,0.695443,0.264302,5006.67,0.5,6.66758,16.5523,16.7399,,,,,
fastsam-s,95,144,0.648157,0.977865,0.657808,0.879153,0.108509,0.447612,9,12,0.777778,0.760513,0.666667,0.507009,0,3,0.910649,0.612591,0.732459,0.472793,0.492911,0.482642,0.962574,0.014919,0.405852,2.2405,0.845191,0.348354,6590.22,0.666667,1.6885,3.08474,15.9725,,,,,
fastsam-s,95,152,0.748876,0.963596,0.77068,0.910973,0.079082,0.446514,9,20,0.555556,0.778219,0.344828,0.268351,0,5,0.720991,0.576646,0.64079,0.306675,0.420492,0.354676,0.957937,0.0185544,0.358029,2.3023,0.776401,0.226274,6251.78,0.666667,1.00492,5.8419,18.1214,,,,,
fastsam-s,95,160,0.554196,0.971313,0.563419,0.832267,0.139639,0.331541,9,10,0.444444,0.755584,0.526316,0.397676,0,3,0.891024,0.516846,0.654212,0.38125,0.321441,0.3488,0.958317,0.0190344,0.410501,2.37625,0.813228,0.405014,7374,0.714286,1.71451,2.00993,19.6085,11.9207,3.87402,3.14286,0.529599,144.91
fastsam-s,95,168,0.411329,0.960342,0.418437,0.739371,0.186025,0.248237,9,11,0.333333,0.783054,0.3,0.234916,0,3,0.794468,0.346163,0.482216,0.303733,0.198432,0.240042,0.816844,0.155977,2.47872,5.78128,0.670918,0.297455,6026.83,0.5,1.62408,0.461217,16.1246,,,,,
fastsam-s,95,176,0.666971,0.974261,0.678934,0.885385,0.106865,0.42579,9,15,0.666667,0.765697,0.5,0.382848,0,4,0.837179,0.583406,0.687625,0.367367,0.420123,0.391978,0.96278,0.011494,0.277883,2.07868,0.81924,0.245969,6533.11,0.666667,1.11727,4.49827,17.1342,,,,,
fastsam-s,95,184,0.745174,0.958486,0.770027,0.907245,0.0791081,0.414526,9,17,0.555556,0.742256,0.461538,0.34258,0,4,0.753422,0.605283,0.671277,0.287727,0.384796,0.329256,0.96335,0.012485,0.297989,2.01448,0.816635,0.224488,6442.89,0.666667,0.952717,4.74173,17.8333,,,,,
fastsam-s,95,192,0.499805,0.962126,0.509836,0.798629,0.158978,0.245672,9,10,0.444444,0.740983,0.421053,0.311993,0,2,0.815126,0.43194,0.564662,0.271222,0.236758,0.252821,0.820451,0.141238,2.77655,5.68615,0.682279,0.428734,6483.71,0.571429,1.35998,2.75213,16.0022,20.241,4.26425,2.28571,0.495734,127.046
fastsam-s,95,200,0.645235,0.982196,0.652871,0.879784,0.106045,0.334614,9,11,0.333333,0.717386,0.4,0.286954,0,4,0.714376,0.474849,0.570491,0.257442,0.267307,0.262281,0.950177,0.0111136,0.427514,2.24956,0.770118,0.46243,7523.67,0.666667,0.93209,2.39851,15.8326,,,,,
fastsam-s,95,208,0.695833,0.960324,0.71643,0.890375,0.0885124,0.444403,9,16,0.555556,0.777376,0.4,0.31095,0,5,0.838438,0.6255,0.716482,0.35237,0.422913,0.384432,0.950315,0.015435,0.362682,2.59297,0.791392,0.22529,6352.33,0.666667,0.98837,4.96734,17.8281,,,,,
fastsam-s,95,216,0.655313,0.974022,0.66697,0.88048,0.0978353,0.430139,9,10,0.777778,0.779776,0.736842,0.574572,0,2,0.908257,0.621937,0.73831,0.439801,0.406363,0.422421,0.955526,0.0136174,0.336004,2.4067,0.913549,0.200201,6970.38,0.625,0.723645,3.00062,16.0431,,,,,
fastsam-s,95,224,0.440974,0.98165,0.44464,0.767688,0.158727,0.314774,9,8,0.777778,0.721873,0.823529,0.594484,0,1,0.906388,0.41055,0.565125,0.393805,0.267276,0.318432,0.902727,0.0515579,1.32595,13.3563,0.978449,0.611649,5397.43,0.285714,0.447887,0.603525,15.5441,4.72275,4.54455,2.28571,0.407014,124.635
fastsam-s,95,232,0.645513,0.979703,0.654263,0.878824,0.0968978,0.362013,9,9,0.555556,0.747474,0.666667,0.498316,0,1,0.84319,0.563097,0.67525,0.342822,0.282902,0.309993,0.942787,0.0158383,0.386722,2.48114,0.869619,0.170651,6905.57,0.285714,0.69218,2.06441,15.8499,,,,,
fastsam-s,95,240,0.800333,0.96203,0.826439,0.926935,0.0518522,0.411166,8,15,0.625,0.751241,0.434783,0.326627,0,4,0.768808,0.660449,0.710521,0.286171,0.400134,0.333691,0.952455,0.0162103,0.342997,2.38991,0.786969,0.30276,6645.88,0.75,0.802581,4.17158,16.9481,,,,,
fastsam-s,95,248,0.668356,0.981533,0.676867,0.889173,0.0858529,0.348938,8,11,0.5,0.823499,0.421053,0.346737,0,3,0.783642,0.540401,0.639679,0.258991,0.261429,0.260205,0.944079,0.0248613,0.666903,2.30897,0.822599,0.4749,7329.83,0.666667,0.564972,2.3052,16.5422,,,,,
fastsam-s,96,0,0.825415,0.974647,0.843526,0.940895,0.0601888,0.511856,10,13,0.7,0.8038,0.695652,0.559165,0,4,0.868093,0.751307,0.805489,0.406547,0.485495,0.442528,0.968663,0.0163038,0.326502,2.0612,0.915705,0.0866285,10006.1,0.875,1.61585,6.82083,20.0362,4.52321,3.92061,2.25,0.515122,148.55
fastsam-s,96,8,0.799559,0.982587,0.811052,0.936861,0.0622103,0.465154,10,12,0.7,0.808203,0.727273,0.587784,0,3,0.939512,0.775496,0.849661,0.449004,0.591063,0.510332,0.943107,0.0363356,0.523537,2.3455,0.868439,0.150155,8379.22,0.888889,1.44906,0.459661,16.87,,,,,
fastsam-s,96,16,0.702569,0.977261,0.714245,0.900719,0.0795996,0.377691,10,11,0.7,0.801271,0.666667,0.53418,0,2,0.9374,0.685112,0.791641,0.459468,0.537966,0.495628,0.945421,0.0284527,0.440743,2.46309,0.830988,0.264493,6455.22,0.777778,1.4185,2.34037,16.5441,,,,,
fastsam-s,96,24,0.798388,0.983623,0.809144,0.936997,0.0639355,0.504238,10,13,0.7,0.778791,0.695652,0.541767,0,4,0.892291,0.734013,0.80545,0.412341,0.581188,0.482417,0.94636,0.0339368,0.76492,3.00472,0.844597,0.18811,8137.89,0.888889,1.46761,0.442808,17.1367,,,,,
fastsam-s,96,32,0.566833,0.967797,0.57773,0.837333,0.136061,0.410506,10,10,0.5,0.785919,0.6,0.471552,0,1,0.93501,0.558157,0.699028,0.424285,0.425757,0.42502,0.849284,0.129509,5.82681,9.9777,0.666988,0.206824,6244.56,0.666667,1.71754,2.75884,16.9436,16.5063,2.92011,2.88889,0.489667,180.178
fastsam-s,96,40,0.650612,0.984456,0.657364,0.883058,0.105622,0.472238,10,11,0.7,0.791234,0.666667,0.527489,0,3,0.927935,0.619623,0.743067,0.494479,0.506234,0.500288,0.978249,0.0129172,0.29367,1.34634,0.845009,0.193701,7344.12,0.875,1.37937,0.0860028,16.4929,,,,,
fastsam-s,96,48,0.572675,0.981155,0.579044,0.845638,0.124316,0.434113,10,10,0.6,0.79811,0.6,0.478866,0,3,0.892107,0.526491,0.662184,0.439518,0.427022,0.43318,0.849207,0.140149,6.33055,11.6294,0.738567,0.161419,6233.12,0.625,1.32447,0.375108,15.8047,,,,,
fastsam-s,96,56,0.537542,0.97422,0.545299,0.824549,0.145199,0.396783,10,10,0.6,0.789904,0.6,0.473943,0,3,0.93228,0.521824,0.669121,0.460418,0.382274,0.417723,0.971793,0.0127197,0.294866,1.71011,0.823433,0.12584,7389.43,0.857143,1.90966,1.45476,16.0851,,,,,
fastsam-s,96,64,0.460152,0.966646,0.467576,0.775605,0.170117,0.388018,10,10,0.5,0.809142,0.5,0.404571,0,2,0.886962,0.429032,0.578323,0.459037,0.316956,0.37499,0.974048,0.0116572,0.238556,1.40237,0.708242,0.221849,6104.43,0.714286,1.93114,2.7933,15.8118,17.1944,2.63967,2.14286,0.510592,142.968
fastsam-s,96,72,0.468955,0.982034,0.473013,0.786674,0.162204,0.37317,10,10,0.5,0.815546,0.5,0.407773,0,3,0.872657,0.42033,0.567374,0.399479,0.310918,0.349679,0.98025,0.0082856,0.237704,1.43536,0.867175,0.301843,6651,1,1.46782,0.0826156,16.2337,,,,,
fastsam-s,96,80,0.783347,0.982276,0.794578,0.931497,0.0704036,0.461749,10,14,0.7,0.809811,0.583333,0.47239,0,5,0.856716,0.69301,0.766217,0.370266,0.475166,0.416208,0.978831,0.00968335,0.222449,1.20395,0.887075,0.0429993,8726.12,1,1.88519,1.05224,17.448,,,,,
fastsam-s,96,88,0.465972,0.96238,0.474617,0.777894,0.173311,0.381743,10,13,0.4,0.853615,0.347826,0.296909,0,3,0.846081,0.417262,0.558894,0.397086,0.336749,0.364437,0.906862,0.067693,0.886067,3.42144,0.689288,0.165348,6108.71,0.714286,1.68451,4.28293,16.6632,,,,,
fastsam-s,96,96,0.706548,0.982426,0.715592,0.904586,0.102939,0.478672,10,12,0.6,0.80753,0.636364,0.513882,0,4,0.868944,0.632932,0.732394,0.393275,0.437631,0.414269,0.974132,0.0110488,0.284038,1.42941,0.925235,0.0320396,9893.86,1,1.85073,2.7917,16.071,4.17205,3.3449,2.71429,0.517529,165.842
fastsam-s,96,104,0.791734,0.895119,0.87269,0.889842,0.0734831,0.467175,10,17,0.8,0.786669,0.592593,0.466174,0,6,0.772788,0.753425,0.762984,0.359948,0.560178,0.438277,0.969895,0.0146701,0.351093,1.84452,0.89757,0.195741,8478.33,1,1.76215,1.81135,17.2564,,,,,
fastsam-s,96,112,0.895319,0.984621,0.908017,0.965818,0.0376953,0.523344,9,16,0.777778,0.798474,0.72,0.574901,0,5,0.89141,0.822058,0.85533,0.409876,0.583015,0.48135,0.97463,0.00882561,0.224993,1.36198,0.913735,0.0634255,10189.1,1,1.80302,1.13024,18.0862,,,,,
fastsam-s,96,120,0.844499,0.968535,0.868322,0.943409,0.0571582,0.48342,10,15,0.8,0.783483,0.72,0.564108,0,5,0.870178,0.780142,0.822704,0.344793,0.477169,0.400322,0.963685,0.00998064,0.27238,1.83651,0.918287,0.0627101,9870.56,1,1.9546,6.28981,17.2557,,,,,
fastsam-s,96,128,0.819887,0.987848,0.828241,0.945788,0.0653418,0.421558,9,11,0.888889,0.820793,0.8,0.656635,0,3,0.942691,0.790379,0.859842,0.417961,0.506957,0.458177,0.979537,0.00696578,0.192434,1.27145,0.941128,0.0494741,11071.6,0.875,1.89479,2.05848,15.8159,4.44722,4.06747,2.375,0.573618,194.03
fastsam-s,96,136,0.10225,0.62124,0.109048,0.298114,0.319329,0.12128,9,5,0.222222,0.722295,0.285714,0.20637,0,0,0.605671,0.106316,0.180881,0.374666,0.13424,0.19766,0.962714,0.0310651,0.45759,3.32676,0.82581,0.0955767,3777,0.333333,10.1611,11.6605,16.9523,,,,,
fastsam-s,96,144,0.423743,0.976522,0.428104,0.753708,0.211009,0.381548,10,8,0.5,0.822859,0.555556,0.457144,0,1,0.950606,0.416743,0.579455,0.474473,0.375258,0.419074,0.977032,0.0125315,0.272913,1.53759,0.713352,0.254672,6831.86,0.571429,1.53815,3.59361,24.5303,,,,,
fastsam-s,96,152,0.643934,0.960097,0.661641,0.869577,0.127025,0.479917,9,15,0.777778,0.817247,0.583333,0.476727,0,5,0.872318,0.601149,0.711782,0.397305,0.518614,0.449926,0.960284,0.0131306,0.37911,2.35176,0.82555,0.268531,7371,0.777778,1.3818,6.90473,18.0566,,,,,
fastsam-s,96,160,0.114928,0.990875,0.11505,0.359436,0.310326,0.0535641,9,4,0.222222,0.761492,0.307692,0.234305,0,0,0.988394,0.114762,0.205646,0.252915,0.0639335,0.102066,0.986467,0.0023607,0.0923362,0.654073,0.644006,0.395948,3123.25,0.25,8.85878,23.6647,14.8756,21.1692,2.21465,2,0.51403,80.8096
fastsam-s,96,168,0.226945,0.974029,0.228327,0.555421,0.251185,0.0839982,9,8,0.222222,0.660919,0.352941,0.233266,0,1,0.942555,0.220949,0.357982,0.219454,0.103019,0.140216,0.975116,0.00756515,0.183446,1.15424,0.667114,0.314925,3740.5,0.333333,8.67285,20.2418,15.7452,,,,,
fastsam-s,96,176,0.49452,0.962607,0.504205,0.795671,0.17234,0.429446,9,11,0.666667,0.811392,0.6,0.486835,0,3,0.909305,0.476286,0.625133,0.4135,0.484843,0.446339,0.971381,0.00796536,0.251851,1.82856,0.768106,0.232941,6305.5,0.625,1.10565,5.25398,16.0665,,,,,
fastsam-s,96,184,0.596006,0.948255,0.616042,0.843308,0.127897,0.446453,9,12,0.777778,0.804549,0.666667,0.536366,0,2,0.915144,0.594531,0.720793,0.401237,0.476054,0.435455,0.846609,0.118823,5.31319,9.62544,0.76581,0.119472,6578.56,0.555556,1.14913,6.34063,16.6105,,,,,
fastsam-s,96,192,0.43603,0.977304,0.44049,0.762784,0.172233,0.300866,9,8,0.555556,0.782275,0.588235,0.460162,0,1,0.932007,0.420074,0.579125,0.416044,0.353272,0.382097,0.946616,0.0157699,0.359742,2.34089,0.910727,0.205843,6726.83,0.666667,1.07655,1.92316,15.4353,4.51796,3.14783,2.83333,0.553059,114.901
fastsam-s,96,200,0.699056,0.992043,0.702997,0.906072,0.0845671,0.40315,9,9,0.666667,0.792574,0.666667,0.528383,0,2,0.915864,0.649014,0.759687,0.375696,0.484083,0.423058,0.838899,0.152392,4.61778,9.22127,0.823403,0.190741,8490.71,0.714286,1.01844,3.06481,16.0051,,,,,
fastsam-s,96,208,0.780604,0.964249,0.80387,0.921808,0.065638,0.477811,8,11,0.875,0.817841,0.736842,0.602619,0,2,0.90784,0.756843,0.825493,0.407983,0.539897,0.464761,0.849775,0.134816,4.59083,9.00943,0.835351,0.104807,9070.88,0.75,0.765929,5.61993,15.9586,,,,,
fastsam-s,96,216,0.82953,0.978943,0.844601,0.944282,0.0467415,0.497619,8,10,0.875,0.854834,0.777778,0.664871,0,2,0.914411,0.788925,0.847046,0.385378,0.552869,0.454173,0.850562,0.135724,4.25154,8.56524,0.85249,0.0905729,8748.5,0.75,0.589138,3.63498,15.8729,,,,,
fastsam-s,96,224,0.708377,0.985683,0.715741,0.906763,0.0781478,0.35321,8,10,0.625,0.772022,0.666667,0.514681,0,3,0.882729,0.640982,0.742678,0.268173,0.407959,0.323616,0.848102,0.136628,6.51286,10.4269,0.744024,0.32751,6951.75,0.625,0.536392,1.37491,15.5165,14.2115,3.46151,2.875,0.488741,151.691
fastsam-s,96,232,0.783064,0.973935,0.799826,0.92735,0.0553971,0.396464,8,11,0.875,0.792879,0.736842,0.584226,0,3,0.892141,0.732654,0.80457,0.269349,0.425691,0.329936,0.840503,0.130774,4.4606,8.74646,0.830532,0.166201,7618.25,0.75,0.554785,2.36465,16.535,,,,,
fastsam-s,96,240,0.831423,0.959753,0.861458,0.93513,0.0411263,0.481193,7,9,0.714286,0.810151,0.625,0.506344,1,3,0.84716,0.760397,0.801437,0.398904,0.472385,0.432546,0.925735,0.0510285,1.12156,5.93457,0.872004,0.121499,10000.8,0.833333,0.627987,4.59278,16.0788,,,,,
fastsam-s,96,248,0.668493,0.97359,0.680839,0.885704,0.0770052,0.364371,8,9,0.625,0.793217,0.588235,0.466598,0,2,0.89234,0.624021,0.734441,0.274319,0.338367,0.302995,0.836324,0.143221,3.12486,7.33744,0.964556,1.00402,7505.67,0.666667,0.452036,2.23344,15.9276,,,,,
fastsam-s,97,0,0.734852,0.983563,0.743989,0.91553,0.061709,0.407098,10,11,0.9,0.765259,0.857143,0.655937,0,1,0.954865,0.72228,0.822445,0.337658,0.512062,0.406962,0.97988,0.00744112,0.222143,1.4668,0.894476,0.148271,5227,0.7,1.51071,6.23447,19.7109,4.08284,3.84566,2.4,0.459357,180.196
fastsam-s,97,8,0.771107,0.968668,0.790832,0.92088,0.0646452,0.447212,10,13,0.7,0.747199,0.782609,0.584765,0,2,0.848,0.692318,0.762292,0.402571,0.491601,0.442654,0.876766,0.105747,2.60885,5.37556,0.872487,0.270077,6484.5,0.9,1.44925,0.723315,16.6685,,,,,
fastsam-s,97,16,0.766198,0.983216,0.776351,0.92626,0.0704687,0.460969,10,11,0.8,0.738425,0.761905,0.56261,0,2,0.861297,0.680083,0.760038,0.447761,0.502307,0.473468,0.965508,0.0115661,0.433697,1.7713,0.933379,0.197672,7056.78,0.666667,1.43667,2.25926,19.1679,,,,,
fastsam-s,97,24,0.769833,0.969427,0.788988,0.920829,0.0671224,0.43236,10,14,0.8,0.762966,0.666667,0.508644,0,2,0.761055,0.6194,0.68296,0.413333,0.556699,0.474422,0.89534,0.0829884,4.67893,8.53105,0.877565,0.250934,6712.5,0.9,1.4986,0.417125,17.5604,,,,,
fastsam-s,97,32,0.759175,0.979943,0.771157,0.922317,0.0684635,0.423299,10,14,0.6,0.742037,0.666667,0.494691,0,4,0.815705,0.641912,0.718448,0.362064,0.538289,0.43293,0.964029,0.00869881,0.354064,1.40903,0.867967,0.2339,5671.5,0.9,1.651,2.65666,17.2019,8.08071,5.31436,2,0.393086,168.977
fastsam-s,97,40,0.79116,0.982032,0.80278,0.93391,0.0639648,0.428511,10,13,0.6,0.751957,0.608696,0.457713,0,3,0.753809,0.616215,0.678103,0.365623,0.512605,0.426815,0.957616,0.0270123,0.986649,7.06939,0.79666,0.257116,6258.1,0.7,1.40308,0.142836,16.7821,,,,,
fastsam-s,97,48,0.715634,0.982639,0.724798,0.90809,0.0842676,0.429174,10,13,0.6,0.731024,0.695652,0.508538,0,3,0.883496,0.651669,0.750078,0.403474,0.525777,0.456577,0.970153,0.0100417,0.280829,1.74101,0.821943,0.251694,6020.4,0.7,1.26655,0.243849,16.3224,,,,,
fastsam-s,97,56,0.666067,0.979234,0.67561,0.887221,0.0984277,0.374227,10,13,0.7,0.701434,0.782609,0.548948,0,3,0.914126,0.630689,0.746406,0.412811,0.51352,0.457691,0.970893,0.0056196,0.235775,1.48697,0.883682,0.222,5770.6,0.9,1.75009,1.37659,16.4879,,,,,
fastsam-s,97,64,0.736467,0.975854,0.750136,0.912492,0.0720736,0.418824,10,13,0.7,0.762547,0.608696,0.464159,0,3,0.830994,0.638783,0.72232,0.373567,0.567875,0.450669,0.966553,0.00735002,0.339748,1.63313,0.894816,0.128732,5436.5,0.9,1.729,2.87533,16.3277,6.78328,5.14793,2.6,0.351869,199.576
fastsam-s,97,72,0.734453,0.90982,0.792118,0.879656,0.0810645,0.445486,10,19,0.5,0.717065,0.551724,0.395622,0,5,0.742682,0.646602,0.69132,0.338424,0.555018,0.420467,0.97898,0.00851294,0.240594,1.33921,0.856824,0.222849,5753.7,0.7,1.42151,0.658445,21.083,,,,,
fastsam-s,97,80,0.807703,0.978084,0.82259,0.937201,0.0540592,0.430834,10,13,0.8,0.77909,0.695652,0.541976,0,3,0.859585,0.72293,0.785357,0.376027,0.509487,0.4327,0.974392,0.00961581,0.254343,1.72204,0.887647,0.124844,6322,0.7,1.561,0.209019,18.295,,,,,
fastsam-s,97,88,0.641136,0.976645,0.651118,0.875622,0.0899089,0.353675,10,14,0.5,0.752296,0.5,0.376148,0,3,0.886512,0.591027,0.709223,0.310529,0.460549,0.370945,0.96538,0.00478825,0.245896,1.41781,0.836357,0.179892,4602,0.5,1.48634,3.8564,23.6473,,,,,
fastsam-s,97,96,0.629742,0.875828,0.691479,0.825067,0.101165,0.402248,10,12,0.8,0.77508,0.727273,0.563695,0,1,0.856459,0.676186,0.75572,0.356188,0.47246,0.406167,0.979923,0.00449879,0.172699,0.988802,0.857706,0.127327,5280.3,0.6,1.59395,2.40258,16.4711,5.36856,4.95906,2,0.460714,189.563
fastsam-s,97,104,0.745277,0.979585,0.757035,0.917351,0.0703092,0.446984,10,11,0.7,0.80456,0.666667,0.536374,0,1,0.941701,0.727757,0.82102,0.496563,0.502183,0.499357,0.966998,0.0180976,0.497705,3.29991,0.868506,0.245967,7047.56,0.666667,1.64198,1.71395,16.07,,,,,
fastsam-s,97,112,0.724798,0.985238,0.732756,0.912667,0.072347,0.454649,10,10,0.7,0.764127,0.8,0.611301,1,1,0.93242,0.693473,0.795388,0.426705,0.429082,0.42789,0.962734,0.0193465,1.15239,8.24115,0.873047,0.181123,6517.56,0.666667,1.81842,0.772383,15.7351,,,,,
fastsam-s,97,120,0.636067,0.98806,0.640994,0.878315,0.081071,0.368961,10,11,0.5,0.766345,0.571429,0.437912,0,1,0.965951,0.626651,0.760158,0.320508,0.45129,0.374819,0.975544,0.0133155,0.331511,1.95,0.871891,0.159161,4343.8,0.4,1.76514,6.03888,16.0389,,,,,
fastsam-s,97,128,0.773051,0.978772,0.786233,0.926418,0.0599251,0.443528,10,12,0.6,0.73464,0.727273,0.534284,1,3,0.831767,0.668146,0.741032,0.318841,0.419952,0.362477,0.878671,0.0996128,3.49685,13.1156,0.797322,0.212172,5959.5,0.6,1.78315,1.72824,16.1713,8.57093,3.7191,2.4,0.500686,179.337
fastsam-s,97,136,0.629779,0.868327,0.696273,0.821482,0.114925,0.334936,10,12,0.7,0.761586,0.636364,0.484645,1,1,0.795284,0.637702,0.707829,0.373376,0.411138,0.391348,0.947603,0.0296732,1.12164,6.77299,0.895467,0.228306,7532.88,0.625,2.11966,2.45076,16.2608,,,,,
fastsam-s,97,144,0.722146,0.980635,0.732593,0.909567,0.0752865,0.439621,10,12,0.7,0.72674,0.818182,0.594605,0,2,0.901822,0.673715,0.771256,0.345908,0.494393,0.407032,0.975142,0.00943729,0.278389,1.50776,0.889374,0.265395,5720.1,0.6,1.63214,3.11272,16.5375,,,,,
fastsam-s,97,152,0.682419,0.966479,0.698963,0.888044,0.0911556,0.32647,10,12,0.7,0.749806,0.636364,0.477149,0,2,0.896499,0.648352,0.752496,0.26537,0.473387,0.340092,0.96629,0.00844134,0.248588,1.68278,0.916829,0.107869,5799.3,0.7,1.04188,5.74772,16.7371,,,,,
fastsam-s,97,160,0.629165,0.985453,0.635063,0.874152,0.107747,0.366126,10,9,0.7,0.764671,0.736842,0.563442,1,1,0.929387,0.598932,0.728434,0.377066,0.368598,0.372784,0.959793,0.0202384,0.540025,2.46846,0.910633,0.307224,7034,0.625,1.42199,2.59269,15.5703,5.52538,5.30787,2.125,0.379242,148.703
fastsam-s,97,168,0.624937,0.911133,0.665501,0.839618,0.126051,0.361047,10,12,0.7,0.757236,0.636364,0.481877,1,2,0.825585,0.603016,0.696963,0.316426,0.378454,0.344672,0.941494,0.0331469,0.929159,5.16002,0.901457,0.187762,7983.25,0.625,1.36756,1.09433,16.6571,,,,,
fastsam-s,97,176,0.628688,0.970842,0.640787,0.867703,0.110296,0.32609,10,12,0.7,0.738388,0.727273,0.53701,0,3,0.884553,0.583833,0.7034,0.261241,0.406477,0.318064,0.870591,0.104431,4.2687,7.52157,0.828203,0.162447,5727.1,0.6,1.05869,4.56379,16.4291,,,,,
fastsam-s,97,184,0.632912,0.968213,0.646342,0.868415,0.112314,0.290859,10,14,0.5,0.754289,0.416667,0.314287,0,4,0.794323,0.530259,0.63597,0.212223,0.393008,0.275615,0.961297,0.0113994,0.606266,6.46293,0.793137,0.251442,5132.3,0.5,0.766933,4.58609,17.8151,,,,,
fastsam-s,97,192,0.649369,0.895166,0.702817,0.841988,0.124886,0.307965,10,14,0.7,0.756326,0.583333,0.44119,0,3,0.773676,0.607433,0.680549,0.257225,0.404435,0.314454,0.856588,0.110652,1.84526,5.96324,0.818546,0.185233,7712.11,0.666667,0.967703,1.97882,17.7509,12.6395,5.00247,2.44444,0.467331,169.485
fastsam-s,97,200,0.635212,0.929437,0.667398,0.85222,0.131439,0.278227,10,12,0.4,0.682959,0.727273,0.496697,0,1,0.836852,0.600915,0.699525,0.232798,0.387166,0.290764,0.960109,0.00976081,0.263189,1.81638,0.923758,0.143758,7411.78,0.777778,0.727267,2.40846,17.3044,,,,,
fastsam-s,97,208,0.66844,0.948297,0.693723,0.87426,0.104688,0.318105,10,13,0.4,0.709046,0.521739,0.369937,0,3,0.779512,0.570249,0.658658,0.214369,0.447131,0.289799,0.954361,0.00961965,0.288772,2.06169,0.838648,0.247272,5654.4,0.6,0.614961,4.51339,17.1097,,,,,
fastsam-s,97,216,0.578108,0.956397,0.593757,0.838251,0.142201,0.266178,10,12,0.4,0.749933,0.454545,0.340879,0,3,0.709785,0.440653,0.543739,0.196505,0.330811,0.246555,0.835127,0.122503,2.82809,7.12114,0.660016,0.12737,5104.3,0.4,0.559737,3.13587,17.6842,,,,,
fastsam-s,97,224,0.498341,0.936488,0.515772,0.788131,0.19042,0.304827,10,12,0.5,0.768616,0.545455,0.419245,0,1,0.858922,0.473053,0.610095,0.264536,0.361325,0.305446,0.863378,0.107903,3.94716,5.46374,0.760606,0.350005,5876.7,0.6,0.52322,1.47374,18.1859,14.853,5.03994,2.2,0.362478,162.526
fastsam-s,97,232,0.555559,0.963729,0.567423,0.829959,0.155199,0.290993,10,10,0.5,0.809748,0.5,0.404874,0,1,0.807196,0.47526,0.598271,0.219801,0.374082,0.276902,0.96663,0.0120682,1.04607,6.07657,0.880408,0.133797,6536.38,0.75,0.387981,1.4222,16.1586,,,,,
fastsam-s,97,240,0.565303,0.954748,0.580866,0.831273,0.116979,0.317784,10,11,0.5,0.7328,0.666667,0.488534,0,1,0.924696,0.562582,0.699556,0.244774,0.351622,0.288627,0.951967,0.0117976,0.492517,5.43982,0.881569,0.254745,4778.1,0.5,0.477601,3.52294,20.396,,,,,
fastsam-s,97,248,0.420491,0.953697,0.429255,0.743947,0.183604,0.324534,10,10,0.5,0.741471,0.6,0.444883,0,1,0.889777,0.400485,0.552356,0.30132,0.34574,0.322005,0.886007,0.0501139,0.784093,4.34324,0.728626,0.230927,4693.44,0.666667,0.43541,1.1739,15.554,,,,,
fastsam-s,98,0,0.773305,0.96241,0.79739,0.918542,0.0678711,0.511112,10,10,0.8,0.853485,0.8,0.682788,0,1,0.947227,0.784811,0.858404,0.527487,0.62618,0.572612,0.969539,0.0186156,0.398564,2.44172,0.919048,0.0799067,8056.22,1,1.49213,6.38582,26.5987,4.89216,4.27376,2.44444,0.449601,238.25
fastsam-s,98,8,0.642252,0.979182,0.651144,0.8772,0.121872,0.441318,10,10,0.8,0.80851,0.8,0.646808,0,2,0.934282,0.621286,0.746295,0.434037,0.484277,0.457783,0.977296,0.00796111,0.213809,1.54086,0.947828,0.162278,8191.5,0.875,1.27255,0.31818,17.9373,,,,,
fastsam-s,98,16,0.624796,0.941539,0.650013,0.853231,0.126501,0.305328,9,12,0.555556,0.781225,0.571429,0.446414,0,2,0.78788,0.54393,0.643563,0.254026,0.316376,0.281793,0.970215,0.0147852,0.330707,1.83415,0.823211,0.22464,6950.62,0.75,1.3223,1.25117,18.2131,,,,,
fastsam-s,98,24,0.644692,0.980689,0.652982,0.8789,0.122813,0.449566,10,9,0.8,0.816607,0.842105,0.687669,0,1,0.946407,0.630156,0.756562,0.458856,0.501247,0.479115,0.973445,0.0112484,0.36248,1.68859,0.950102,0.160253,8490,0.875,1.19678,1.5231,16.7259,,,,,
fastsam-s,98,32,0.670224,0.977686,0.680635,0.888228,0.112357,0.516829,10,9,0.8,0.834555,0.842105,0.702783,0,0,0.97108,0.676036,0.797133,0.55145,0.545487,0.548452,0.973561,0.0123482,0.324206,1.79639,0.847201,0.165042,7972.22,0.777778,1.57435,3.3513,16.6211,8.63397,3.08228,2.88889,0.468967,186.925
fastsam-s,98,40,0.759157,0.974619,0.774468,0.919765,0.0802246,0.340307,10,12,0.8,0.817469,0.727273,0.594523,0,2,0.888929,0.706376,0.787207,0.326052,0.533003,0.4046,0.976532,0.0135615,0.340556,1.67851,0.920141,0.134953,8076.44,0.888889,1.21243,1.06652,16.2061,,,,,
fastsam-s,98,48,0.602085,0.966822,0.614787,0.853976,0.125508,0.334831,10,10,0.6,0.817707,0.6,0.490624,0,2,0.82284,0.523231,0.639692,0.30489,0.354193,0.327697,0.859774,0.129675,10.3383,12.7636,0.792645,0.193802,7038.12,0.875,1.19337,0.179494,16.0905,,,,,
fastsam-s,98,56,0.681887,0.96491,0.699227,0.887123,0.105316,0.468498,10,11,0.8,0.844711,0.761905,0.643589,0,1,0.941507,0.682268,0.791193,0.509968,0.53417,0.521789,0.958751,0.0132426,0.329513,2.23552,0.864731,0.120355,7814.33,0.777778,1.67769,1.63141,16.7416,,,,,
fastsam-s,98,64,0.701726,0.972026,0.716189,0.897999,0.0958691,0.510589,10,10,0.8,0.860007,0.8,0.688005,0,1,0.948233,0.698658,0.804535,0.55975,0.546539,0.553066,0.963441,0.0110863,0.28307,2.03974,0.875309,0.167891,7790.11,0.777778,1.65475,3.07371,15.9378,9.24349,4.24533,2.77778,0.46803,176.269
fastsam-s,98,72,0.713677,0.966054,0.732035,0.899682,0.0903874,0.294493,10,11,0.7,0.815417,0.666667,0.543611,0,1,0.863685,0.654464,0.744658,0.300618,0.386251,0.338096,0.968536,0.0137588,0.296639,1.64159,0.922457,0.166343,8032.75,0.875,1.36933,0.00295646,19.6228,,,,,
fastsam-s,98,80,0.791575,0.965028,0.814954,0.925689,0.0669564,0.34973,10,13,0.8,0.832116,0.695652,0.578863,0,1,0.88567,0.747937,0.810997,0.387656,0.513853,0.441922,0.970856,0.0110443,0.292241,1.64957,0.937023,0.188302,8247.44,1,1.58564,0.29479,16.7732,,,,,
fastsam-s,98,88,0.698778,0.962585,0.718288,0.892532,0.0965332,0.535641,10,10,0.8,0.857689,0.8,0.686151,0,1,0.939945,0.701394,0.803334,0.584084,0.564463,0.574106,0.962826,0.014368,0.335506,2.1643,0.976392,0.0703097,8752.88,0.875,1.47083,3.93526,16.1117,,,,,
fastsam-s,98,96,0.773708,0.974373,0.789779,0.924508,0.0742448,0.424031,10,9,0.8,0.807681,0.947368,0.765171,0,0,0.968663,0.785151,0.867306,0.475997,0.610633,0.534974,0.971725,0.0118093,0.276927,1.76796,0.936684,0.114707,8892.56,1,1.56939,2.74584,16.1774,4.24812,4.13138,2.44444,0.489468,202.086
fastsam-s,98,104,0.591569,0.852418,0.659071,0.798369,0.139365,0.311879,10,12,0.6,0.81734,0.545455,0.445822,0,1,0.752481,0.581802,0.656225,0.317524,0.345076,0.330727,0.974299,0.00958272,0.230129,1.24036,0.839496,0.302352,7052.38,0.875,1.63119,1.68307,16.3462,,,,,
fastsam-s,98,112,0.799586,0.977765,0.814394,0.934504,0.0651921,0.368218,10,10,0.9,0.803665,0.9,0.723298,0,1,0.960976,0.80041,0.873374,0.437809,0.550134,0.487586,0.976291,0.0119834,0.264807,1.50746,0.960201,0.0720392,8970.11,1,1.77531,0.725455,16.7996,,,,,
fastsam-s,98,120,0.71845,0.969158,0.73526,0.902877,0.0923177,0.540389,10,10,0.8,0.851662,0.8,0.681329,0,1,0.92704,0.703307,0.799822,0.579445,0.548513,0.563555,0.967672,0.0118465,0.306995,2.22256,0.864964,0.17753,7973.11,0.888889,1.74982,6.17066,16.1128,,,,,
fastsam-s,98,128,0.691743,0.969575,0.707092,0.89307,0.101051,0.426492,10,10,0.8,0.809923,0.8,0.647939,0,1,0.956895,0.697845,0.807093,0.46556,0.518677,0.490685,0.978017,0.0127479,0.254166,1.50617,0.869043,0.226736,7857.22,0.888889,1.88946,1.66863,21.2144,13.5985,4.3504,2.11111,0.523184,213.437
fastsam-s,98,136,0.625304,0.823659,0.721955,0.797726,0.132227,0.307077,10,14,0.7,0.770391,0.666667,0.513594,0,0,0.809832,0.709835,0.756544,0.362031,0.44898,0.400844,0.967033,0.015325,0.32757,1.55112,0.881424,0.232553,7677.56,0.777778,2.0062,2.51729,16.9967,,,,,
fastsam-s,98,144,0.814797,0.974163,0.832794,0.93744,0.0611784,0.447606,10,12,0.9,0.767797,0.909091,0.697997,0,2,0.930912,0.79582,0.858081,0.443816,0.564148,0.496799,0.96857,0.0105522,0.285737,1.71526,0.924995,0.134453,8138.2,0.9,1.80163,3.27504,17.1165,,,,,
fastsam-s,98,152,0.749687,0.966247,0.769849,0.912524,0.0788737,0.456043,10,11,0.7,0.813692,0.761905,0.619956,0,0,0.954889,0.760799,0.846866,0.443522,0.601469,0.510559,0.946544,0.034266,0.783418,3.27429,0.913104,0.159465,7479.5,0.8,1.31538,6.17723,16.2785,,,,,
fastsam-s,98,160,0.803277,0.979742,0.816844,0.936637,0.0629622,0.400533,10,11,0.9,0.745264,0.952381,0.709775,0,1,0.942763,0.786013,0.857281,0.422645,0.522141,0.467154,0.962032,0.0135802,0.560369,2.15239,0.941881,0.208778,7912.9,0.9,1.72017,2.2307,16.3602,5.21637,4.25769,2.4,0.499476,227.045
fastsam-s,98,168,0.609532,0.968434,0.621887,0.858087,0.119189,0.310127,10,12,0.5,0.765171,0.545455,0.417366,0,1,0.936649,0.601475,0.732543,0.403579,0.414298,0.408868,0.969741,0.010351,0.239061,1.44358,0.831181,0.362386,6311.22,0.555556,1.66651,1.14957,17.7578,,,,,
fastsam-s,98,176,0.781629,0.976475,0.796631,0.928122,0.0673437,0.467274,10,10,0.8,0.782296,0.9,0.704066,0,0,0.969526,0.790961,0.871188,0.468269,0.591661,0.522783,0.961275,0.0128466,0.306015,2.01952,0.934096,0.115089,7583.4,0.8,1.3814,4.79458,20.0688,,,,,
fastsam-s,98,184,0.753079,0.957659,0.779017,0.909527,0.0765007,0.433563,10,12,0.7,0.80236,0.727273,0.583534,0,0,0.952328,0.77468,0.854367,0.42099,0.56134,0.481139,0.947286,0.0138174,0.381635,2.15529,0.916756,0.117955,7390,0.8,1.02218,5.64457,17.0615,,,,,
fastsam-s,98,192,0.698382,0.976701,0.710214,0.898869,0.0914062,0.354491,10,11,0.4,0.76344,0.47619,0.363543,0,2,0.864802,0.628846,0.728187,0.38239,0.442515,0.410261,0.960923,0.0112807,0.28705,1.57014,0.853351,0.257883,7406.5,0.75,1.23778,2.41554,17.8009,5.30179,4.41303,3.125,0.465773,170.822
fastsam-s,98,200,0.718634,0.982494,0.727956,0.909135,0.0868359,0.363947,9,9,0.555556,0.780831,0.666667,0.520554,0,1,0.942434,0.698274,0.802187,0.377114,0.445011,0.408259,0.958006,0.00874994,0.286442,1.40982,0.899923,0.231385,8400,0.75,1.3615,2.65591,15.9472,,,,,
fastsam-s,98,208,0.68546,0.962379,0.704333,0.887356,0.0991569,0.358205,10,11,0.5,0.82982,0.47619,0.395152,0,2,0.910941,0.666688,0.769907,0.348763,0.428881,0.384695,0.930126,0.0183749,0.408772,1.92283,0.872683,0.158665,8197.5,0.875,0.921614,5.01461,16.3795,,,,,
fastsam-s,98,216,0.705184,0.977051,0.717062,0.901612,0.0931087,0.373542,10,8,0.6,0.785269,0.666667,0.523513,0,1,0.946318,0.694507,0.80109,0.377022,0.449388,0.410037,0.966942,0.0142494,0.368386,1.60072,0.912326,0.151917,9811.29,1,0.876675,3.38542,15.7559,,,,,
fastsam-s,98,224,0.70329,0.984314,0.711262,0.904208,0.0923828,0.297222,10,10,0.5,0.800988,0.5,0.400494,0,2,0.912615,0.659452,0.765649,0.316362,0.386355,0.347873,0.978274,0.0118767,0.226476,0.869821,0.884545,0.0920576,9122.57,0.857143,0.564328,1.24767,18.9492,6.06797,4.38636,3.14286,0.437468,171.649
fastsam-s,98,232,0.739641,0.976788,0.752874,0.914053,0.0783561,0.398269,9,8,0.777778,0.764561,0.823529,0.629638,0,0,0.954362,0.735588,0.830814,0.390576,0.503674,0.439973,0.955192,0.0224318,0.472439,2.87558,0.943683,0.139499,8750.88,0.875,0.640786,2.58421,15.7866,,,,,
fastsam-s,98,240,0.75396,0.971172,0.77122,0.916346,0.0728613,0.387844,9,10,0.888889,0.787985,0.842105,0.663566,0,1,0.938465,0.745247,0.830769,0.347001,0.478691,0.402344,0.95982,0.0160757,0.318304,1.75146,0.928646,0.194325,7637.56,0.666667,0.65273,4.78792,15.9185,,,,,
fastsam-s,98,248,0.759314,0.979034,0.771865,0.921931,0.069528,0.359163,9,9,0.888889,0.770249,0.888889,0.684666,0,0,0.95955,0.756504,0.846014,0.34465,0.437963,0.385744,0.957391,0.0139278,0.349078,1.78819,0.889695,0.362421,7647.33,0.666667,0.509548,2.35536,15.5705,,,,,
fastsam-s,99,0,0.784048,0.974895,0.800205,0.928137,0.0708529,0.487522,10,14,0.6,0.730754,0.583333,0.426273,0,3,0.854996,0.70179,0.770855,0.310618,0.450851,0.367822,0.965795,0.00705613,0.230325,1.60418,0.843853,0.136003,8902.88,0.75,1.43223,6.51303,20.9059,5.33122,4.15508,2.25,0.526203,185.686
fastsam-s,99,8,0.807654,0.993616,0.811867,0.944806,0.0649186,0.500578,9,14,0.777778,0.796048,0.608696,0.484551,0,3,0.87476,0.714751,0.786702,0.34169,0.549933,0.421493,0.984997,0.00429891,0.132305,0.794635,0.870322,0.20692,9299.5,0.75,1.38923,0.474765,22.0837,,,,,
fastsam-s,99,16,0.568354,0.895585,0.608688,0.807729,0.154222,0.372933,10,13,0.4,0.737523,0.434783,0.320662,0,3,0.746608,0.507435,0.604214,0.25689,0.36352,0.301042,0.990095,0.00272447,0.129787,0.534642,0.790156,0.314491,8744.17,0.833333,1.29612,1.24636,18.6401,,,,,
fastsam-s,99,24,0.815294,0.988602,0.82303,0.944742,0.0616602,0.531996,8,14,0.75,0.795893,0.636364,0.506477,0,3,0.863149,0.718589,0.784263,0.332121,0.561435,0.417353,0.982593,0.00284767,0.131439,0.801247,0.869329,0.254499,9249.5,0.875,1.42109,0.911327,19.493,,,,,
fastsam-s,99,32,0.843446,0.988509,0.851798,0.953204,0.0521322,0.538483,10,14,0.6,0.768546,0.583333,0.448318,0,4,0.840591,0.724337,0.778146,0.336325,0.579463,0.425618,0.977912,0.00613373,0.1982,1.15183,0.886499,0.242243,9306.62,0.875,1.53248,3.41219,23.1994,5.6106,3.70646,2.125,0.558672,186.286
fastsam-s,99,40,0.726866,0.990167,0.732151,0.915698,0.0904134,0.48671,10,14,0.5,0.755624,0.5,0.377812,0,3,0.813434,0.60147,0.691575,0.300207,0.428543,0.353074,0.987557,0.00266627,0.162839,0.916829,0.836502,0.301312,8762.29,0.714286,1.30611,0.562407,17.5941,,,,,
fastsam-s,99,48,0.804678,0.975801,0.821062,0.935131,0.0649674,0.457889,10,15,0.6,0.76345,0.48,0.366456,0,3,0.78671,0.661957,0.718962,0.283637,0.472351,0.35444,0.956096,0.0252773,0.816034,5.39865,0.855937,0.120165,8739.38,0.75,1.29848,0.131347,17.1186,,,,,
fastsam-s,99,56,0.719575,0.974082,0.733621,0.905584,0.092207,0.467729,10,16,0.5,0.7456,0.461538,0.344123,0,3,0.823544,0.620245,0.707581,0.285091,0.436789,0.345,0.951238,0.0217539,0.380413,2.30422,0.786537,0.243571,7871.12,0.625,1.6483,2.04939,18.3668,,,,,
fastsam-s,99,64,0.788212,0.980002,0.801097,0.931972,0.0692676,0.502626,10,14,0.6,0.739196,0.583333,0.431197,1,3,0.820097,0.670382,0.73772,0.312275,0.510564,0.387528,0.974122,0.0053266,0.188332,1.21063,0.856808,0.182807,8450.62,0.75,1.6554,3.29322,16.9461,4.83476,4.21055,1.875,0.47297,159.49
fastsam-s,99,72,0.647476,0.865573,0.719862,0.826946,0.129561,0.391007,10,17,0.4,0.736654,0.444444,0.327402,0,3,0.731443,0.608311,0.664219,0.222727,0.362912,0.276041,0.966353,0.0153696,0.388741,2.74319,0.821566,0.304398,8001,0.75,1.32611,0.161485,17.8187,,,,,
fastsam-s,99,80,0.773199,0.975461,0.788536,0.924866,0.078265,0.477013,10,16,0.6,0.781212,0.538462,0.420653,0,3,0.856964,0.692747,0.766155,0.309545,0.46718,0.372367,0.87555,0.098656,1.97479,4.78187,0.809089,0.630729,8345.11,0.666667,1.47841,0.332995,19.9742,,,,,
fastsam-s,99,88,0.732918,0.976617,0.746009,0.911588,0.088138,0.476772,10,15,0.5,0.707249,0.56,0.396059,0,3,0.804929,0.614862,0.697173,0.277992,0.503011,0.358086,0.972915,0.00501622,0.192461,1.37022,0.848797,0.18865,7839,0.75,1.49998,4.08026,18.8601,,,,,
fastsam-s,99,96,0.732354,0.977327,0.745012,0.911719,0.0919954,0.454309,10,13,0.6,0.765194,0.608696,0.46577,0,1,0.877585,0.668979,0.759213,0.281025,0.42102,0.337065,0.964664,0.010333,0.251165,1.71285,0.885801,0.170139,8967,0.75,1.45811,3.39481,22.1345,5.03059,4.36279,2.125,0.426674,218.326
fastsam-s,99,104,0.724353,0.882828,0.801398,0.862601,0.108499,0.440839,10,17,0.6,0.78002,0.518519,0.404455,1,1,0.777902,0.70615,0.740292,0.31392,0.493949,0.383875,0.959742,0.0186443,1.02269,3.95105,0.89268,0.583475,10025.6,0.875,1.56737,0.482176,19.6319,,,,,
fastsam-s,99,112,0.774961,0.98054,0.787066,0.927903,0.0823047,0.439687,10,12,0.6,0.789001,0.636364,0.502092,0,1,0.899637,0.722127,0.801167,0.288694,0.430868,0.345735,0.965552,0.0104695,0.269975,1.57948,0.876375,0.19934,10237.9,0.875,1.66836,2.01495,22.8425,,,,,
fastsam-s,99,120,0.761802,0.976089,0.776289,0.921365,0.0822689,0.446345,10,14,0.7,0.747654,0.583333,0.436132,0,2,0.86418,0.687287,0.765649,0.294959,0.466395,0.361376,0.958533,0.0143907,0.371931,2.15553,0.883007,0.102265,8197.44,0.777778,1.69691,6.24333,18.5615,,,,,
fastsam-s,99,128,0.790746,0.977528,0.805386,0.931579,0.0803776,0.439264,10,14,0.6,0.781018,0.583333,0.455594,0,2,0.878359,0.72368,0.793553,0.312551,0.486732,0.380663,0.858277,0.110586,2.5056,5.7581,0.790448,0.205534,9788.78,0.777778,1.56365,4.01245,19.2992,9.46499,4.54534,2.55556,0.478822,250.452
fastsam-s,99,136,0.715328,0.881277,0.791614,0.858828,0.122777,0.355774,10,19,0.6,0.784117,0.413793,0.324462,0,1,0.768002,0.689864,0.726839,0.235082,0.473313,0.314139,0.916054,0.0642416,2.1892,9.34398,0.868398,0.291416,10987.6,1,2.19556,2.45861,23.6022,,,,,
fastsam-s,99,144,0.79888,0.969735,0.819308,0.930317,0.0778809,0.46643,10,17,0.6,0.776299,0.518519,0.402525,0,3,0.865122,0.730923,0.792381,0.322626,0.504775,0.393651,0.943147,0.0258158,0.436156,2.34445,0.873396,0.211739,11016.8,0.875,1.75606,3.1727,19.3363,,,,,
fastsam-s,99,152,0.80412,0.971052,0.823869,0.932604,0.0716862,0.4684,10,16,0.8,0.746037,0.615385,0.4591,0,3,0.854198,0.724727,0.784154,0.287557,0.466997,0.355941,0.955091,0.0134681,0.522299,1.97918,0.899274,0.118119,9153.44,0.777778,1.29333,6.16745,19.4584,,,,,
fastsam-s,99,160,0.762628,0.930091,0.809001,0.899037,0.0964355,0.414529,10,16,0.6,0.820587,0.461538,0.378733,0,2,0.824827,0.717442,0.767396,0.295459,0.494412,0.369879,0.94531,0.0310134,0.484245,2.33263,0.862018,0.333895,10972,0.875,1.77882,2.60092,19.8245,4.78174,4.23733,2.375,0.473843,235.989
fastsam-s,99,168,0.68414,0.934042,0.718869,0.873693,0.129889,0.317462,10,16,0.6,0.697438,0.615385,0.429193,0,1,0.851895,0.655646,0.740997,0.263427,0.427283,0.325919,0.959825,0.0261411,0.69046,3.63655,0.895906,0.38065,9263.44,0.666667,1.59178,1.13447,20.0468,,,,,
fastsam-s,99,176,0.767906,0.970037,0.786563,0.920488,0.0876563,0.43099,10,13,0.7,0.748668,0.608696,0.455711,0,1,0.869303,0.704882,0.778506,0.29965,0.448045,0.359122,0.926683,0.0386836,0.746407,5.29935,0.883759,0.266672,10617.8,1,1.15243,5.10571,18.5016,,,,,
fastsam-s,99,184,0.781718,0.966653,0.803383,0.923349,0.0818913,0.432643,10,17,0.7,0.75304,0.518519,0.390465,0,2,0.843714,0.701209,0.765889,0.267353,0.460074,0.338184,0.926899,0.0360923,0.79013,3.76298,0.871421,0.157639,8261,0.6,0.950127,5.32972,20.7583,,,,,
fastsam-s,99,192,0.728214,0.933024,0.76838,0.889062,0.111025,0.334005,10,20,0.5,0.696784,0.533333,0.371618,0,3,0.7971,0.656442,0.719966,0.247716,0.472133,0.324943,0.934695,0.0254164,0.631231,3.06099,0.868457,0.271434,8272.8,0.7,1.25774,2.44379,20.734,5.64908,5.07083,2.8,0.36934,201.092
fastsam-s,99,200,0.710093,0.945346,0.740492,0.888616,0.114684,0.337196,10,18,0.5,0.716986,0.5,0.358493,0,5,0.796172,0.623644,0.699426,0.239071,0.418188,0.304223,0.937016,0.0311279,0.469552,2.88848,0.817902,0.158221,7716.6,0.7,1.20325,3.42717,24.8472,,,,,
fastsam-s,99,208,0.751455,0.957943,0.777093,0.909118,0.0924284,0.439118,10,17,0.6,0.742878,0.518519,0.385196,0,2,0.844804,0.685314,0.756747,0.270321,0.459485,0.340387,0.934319,0.0194721,0.480529,2.30526,0.905066,0.289759,7906.8,0.7,0.776559,4.95462,21.6397,,,,,
fastsam-s,99,216,0.767642,0.977225,0.781625,0.923872,0.0852344,0.378796,10,16,0.6,0.727522,0.538462,0.391743,0,3,0.814675,0.65161,0.724075,0.235515,0.422913,0.302546,0.971311,0.00595295,0.200684,1.02587,0.88514,0.130276,8231.78,0.777778,0.67701,4.58427,21.2916,,,,,
fastsam-s,99,224,0.70533,0.932321,0.743393,0.880671,0.113154,0.283911,10,21,0.7,0.727028,0.516129,0.37524,0,4,0.738249,0.588648,0.655015,0.175929,0.362736,0.236941,0.948983,0.0183161,0.458927,1.82585,0.886381,0.45428,6800.5,0.7,0.616,1.89302,18.5636,5.83861,4.53571,3,0.40729,209.823
fastsam-s,99,232,0.760935,0.980605,0.772563,0.923232,0.0850065,0.325442,9,18,0.666667,0.754479,0.444444,0.335324,0,4,0.768003,0.605066,0.676867,0.194339,0.348008,0.249404,0.958303,0.015968,0.898586,1.66672,0.88652,0.336697,8469.62,0.875,0.605272,2.68226,24.359,,,,,
fastsam-s,99,240,0.80488,0.969828,0.825552,0.932231,0.0653418,0.381236,9,14,0.888889,0.731034,0.782609,0.572113,0,2,0.863548,0.735082,0.794153,0.219782,0.387557,0.280495,0.957698,0.00865063,0.270893,1.53694,0.932169,0.224941,8497.11,0.888889,0.880839,4.70513,17.2358,,,,,
fastsam-s,99,248,0.768575,0.973518,0.784987,0.922395,0.0780111,0.37382,9,16,0.555556,0.716493,0.64,0.458556,0,3,0.803227,0.647674,0.717112,0.243279,0.429279,0.310559,0.959344,0.0144345,0.356374,1.71433,0.920765,0.270601,7563.67,0.777778,0.456054,2.20991,17.0845,,,,,
fastsam-x,90,0,0.599329,0.817698,0.691761,0.78473,0.149736,0.397106,10,13,0.6,0.82386,0.521739,0.42984,0,3,0.733653,0.620661,0.672443,0.324728,0.375217,0.348151,0.967179,0.0114466,0.292248,1.6129,0.911562,0.233481,7917.25,0.875,0.86907,7.2658,39.3931,6.35334,4.70876,2,0.348207,168.752
fastsam-x,90,8,0.649135,0.986651,0.654887,0.883377,0.112617,0.421026,10,13,0.4,0.864058,0.347826,0.300542,0,3,0.863516,0.573156,0.688994,0.378165,0.335282,0.355435,0.982343,0.00836506,0.227099,1.34456,0.830309,0.327337,8112.71,0.714286,1.06775,0.498734,36.2345,,,,,
fastsam-x,90,16,0.712387,0.943327,0.744239,0.888479,0.0946549,0.382335,10,12,0.7,0.791137,0.636364,0.503451,0,3,0.883851,0.697315,0.77958,0.371454,0.357742,0.364469,0.96598,0.0219141,0.507985,2.04191,0.928375,0.237903,8653.62,0.625,0.977709,1.20626,35.8597,,,,,
fastsam-x,90,24,0.650898,0.965636,0.666332,0.874942,0.114753,0.418214,10,11,0.5,0.790913,0.571429,0.45195,0,3,0.903447,0.623418,0.737754,0.401287,0.355871,0.377217,0.770472,0.22632,5.45239,8.21695,0.691308,0.374409,7184.56,0.555556,1.00184,1.22693,31.9425,,,,,
fastsam-x,90,32,0.636885,0.986494,0.642488,0.878007,0.11346,0.424637,10,13,0.4,0.755541,0.434783,0.328496,0,3,0.801923,0.52228,0.632574,0.319942,0.356978,0.337447,0.863708,0.131232,3.41199,6.13087,0.740437,0.333509,6512.62,0.625,1.20618,3.87951,30.9728,12.5694,4.80395,2.5,0.462604,160.124
fastsam-x,90,40,0.646865,0.894367,0.700375,0.840634,0.126943,0.377019,10,12,0.6,0.807467,0.545455,0.440437,0,3,0.840918,0.658519,0.738625,0.341776,0.339571,0.34067,0.989153,0.00332646,0.149617,0.719243,0.920658,0.397587,9722.29,0.714286,0.802329,1.20311,34.7208,,,,,
fastsam-x,90,48,0.682383,0.904761,0.735192,0.859038,0.118763,0.315328,10,12,0.6,0.771773,0.545455,0.420967,1,2,0.800704,0.650637,0.717912,0.262579,0.320453,0.288644,0.948098,0.0394118,0.789119,4.51382,0.905303,0.0968791,10695.3,0.714286,0.844703,0.284557,31.9089,,,,,
fastsam-x,90,56,0.518366,0.982953,0.523068,0.817157,0.16638,0.328185,10,12,0.4,0.740966,0.454545,0.336803,0,2,0.868666,0.462251,0.603406,0.323924,0.2982,0.31053,0.772747,0.212766,10.0968,15.3619,0.591882,0.46444,5845.56,0.444444,1.40597,1.80772,39.8787,,,,,
fastsam-x,90,64,0.720268,0.984721,0.728408,0.910764,0.100547,0.412441,10,13,0.7,0.739325,0.695652,0.514313,0,3,0.880271,0.651146,0.748568,0.361454,0.399675,0.379605,0.984786,0.00775202,0.326974,1.14046,0.918397,0.263689,9016.25,0.875,1.38896,3.47219,40.9992,8.22885,5.72415,1.875,0.394047,199.564
fastsam-x,90,72,0.580679,0.875395,0.632999,0.804318,0.168857,0.28925,10,12,0.5,0.716244,0.545455,0.390678,1,2,0.790492,0.571606,0.663462,0.251407,0.304817,0.275548,0.961266,0.0314668,0.686695,3.72001,0.779212,0.264453,8758.12,0.625,0.79801,1.11967,38.9779,,,,,
fastsam-x,90,80,0.589103,0.881617,0.639707,0.810856,0.169831,0.301101,10,12,0.5,0.77313,0.545455,0.421707,0,2,0.843817,0.612279,0.70964,0.291706,0.336694,0.31259,0.985955,0.00392442,0.128756,0.762233,0.774077,0.21709,9061.25,0.75,1.22929,0.703805,38.6988,,,,,
fastsam-x,90,88,0.560797,0.975073,0.568953,0.837171,0.159463,0.296419,10,16,0.3,0.656527,0.538462,0.353515,0,5,0.86171,0.502806,0.635058,0.266449,0.30206,0.283139,0.974764,0.00685409,0.228339,1.34986,0.798432,0.29017,7048.25,0.625,1.25946,4.22104,41.3984,,,,,
fastsam-x,90,96,0.569299,0.987071,0.573576,0.846281,0.165837,0.337919,10,12,0.4,0.801371,0.363636,0.291408,0,3,0.834333,0.484821,0.613275,0.284057,0.323079,0.302314,0.982923,0.00430601,0.181713,1.00064,0.774399,0.260448,8262.71,0.714286,0.932083,3.9271,38.5317,13.2412,4.57256,2.14286,0.404873,191.115
fastsam-x,90,104,0.606024,0.819735,0.699206,0.788374,0.18236,0.343753,10,15,0.4,0.727821,0.48,0.349354,0,5,0.736956,0.628599,0.678478,0.255991,0.365507,0.3011,0.989715,0.00166757,0.101738,0.671441,0.882261,0.290746,11161.4,0.857143,0.610437,1.93603,39.6725,,,,,
fastsam-x,90,112,0.673689,0.869047,0.749806,0.838283,0.142891,0.36839,10,11,0.6,0.851146,0.571429,0.486369,0,2,0.814992,0.703167,0.754961,0.321221,0.408606,0.359682,0.988613,0.0026917,0.118117,0.664076,0.923946,0.253916,12285.4,1,0.830987,3.0951,38.8608,,,,,
fastsam-x,90,120,0.605812,0.984568,0.611619,0.863114,0.136621,0.310227,10,10,0.4,0.78569,0.4,0.314276,0,3,0.877307,0.544988,0.672324,0.293846,0.305873,0.299739,0.736485,0.252642,7.40276,9.87181,0.664929,0.277735,7757.5,0.625,1.36159,6.64385,38.0383,,,,,
fastsam-x,90,128,0.553352,0.835056,0.621255,0.773617,0.194251,0.374851,9,14,0.555556,0.853033,0.434783,0.370884,0,4,0.741034,0.551306,0.632243,0.306411,0.319994,0.313055,0.983679,0.00554093,0.150502,0.787549,0.773995,0.295139,9511,0.714286,0.883155,3.20477,39.38,10.9162,4.23996,1.85714,0.410771,156.782
fastsam-x,90,136,0.65452,0.842987,0.74539,0.818263,0.165449,0.314152,9,19,0.666667,0.711507,0.5,0.355754,0,6,0.727339,0.643131,0.682648,0.238525,0.391719,0.296504,0.983146,0.00450745,0.14695,0.914522,0.870466,0.304272,12061,0.857143,0.275477,3.89721,41.3271,,,,,
fastsam-x,90,144,0.613179,0.841222,0.693434,0.801788,0.16694,0.341847,10,18,0.5,0.804165,0.357143,0.287202,0,5,0.705561,0.581606,0.637615,0.25769,0.400385,0.313567,0.980442,0.00516735,0.185634,1.14086,0.883529,0.164167,9932.14,0.857143,0.746111,5.74294,40.2771,,,,,
fastsam-x,90,152,0.607221,0.967549,0.619844,0.856654,0.129831,0.399892,10,14,0.5,0.83688,0.416667,0.3487,0,2,0.872315,0.558834,0.681242,0.366661,0.360992,0.363805,0.838355,0.126933,4.612,6.6267,0.793624,0.183847,6549,0.555556,0.665336,6.82467,40.0353,,,,,
fastsam-x,90,160,0.639177,0.86158,0.712325,0.821841,0.151908,0.312338,9,14,0.666667,0.791052,0.521739,0.412723,0,4,0.770821,0.637289,0.697724,0.27328,0.388634,0.320905,0.981735,0.0100081,0.18953,0.907233,0.9038,0.26347,10712.7,0.857143,0.79217,3.96245,43.1702,8.53484,6.09989,1.57143,0.388878,154.815
fastsam-x,90,168,0.656988,0.903435,0.706609,0.848869,0.140098,0.371747,9,14,0.666667,0.816658,0.608696,0.497096,0,3,0.816766,0.638822,0.716917,0.309378,0.455079,0.368344,0.985649,0.00199963,0.140073,0.794833,0.947707,0.12293,9423.12,0.75,0.125713,3.20181,41.2718,,,,,
fastsam-x,90,176,0.627102,0.987454,0.632139,0.874076,0.125381,0.376884,9,14,0.555556,0.776091,0.521739,0.404917,0,4,0.813482,0.520767,0.635016,0.312162,0.369979,0.33862,0.861855,0.128312,7.0968,8.85961,0.736133,0.215619,6867.75,0.75,0.536394,6.17663,39.3363,,,,,
fastsam-x,90,184,0.562381,0.963184,0.574736,0.833225,0.126774,0.390046,9,14,0.555556,0.82223,0.434783,0.357491,0,3,0.853313,0.509175,0.637783,0.368788,0.359287,0.363975,0.980233,0.00438949,0.173005,1.19741,0.874095,0.0841995,6431.14,0.571429,0.34086,5.64567,39.4497,,,,,
fastsam-x,90,192,0.593594,0.983022,0.599743,0.85668,0.150719,0.318955,9,14,0.555556,0.776785,0.521739,0.405279,0,3,0.830409,0.506634,0.629319,0.259346,0.361502,0.30202,0.930625,0.0486257,1.10741,4.62614,0.928082,0.108637,8528,0.857143,0.210349,3.37316,39.1354,7.19392,5.7277,2.28571,0.294674,159.01
fastsam-x,90,200,0.55107,0.970197,0.560559,0.830194,0.146064,0.321487,9,13,0.444444,0.798788,0.454545,0.363085,0,3,0.829194,0.479091,0.607298,0.256315,0.31555,0.282865,0.843095,0.122889,7.71379,13.9667,0.84647,0.207197,6176.88,0.375,0.246546,4.02321,41.3622,,,,,
fastsam-x,90,208,0.447614,0.637307,0.600613,0.628446,0.184339,0.362031,9,12,0.444444,0.747765,0.47619,0.356079,0,3,0.56006,0.527813,0.543459,0.306974,0.36034,0.331523,0.984499,0.00445794,0.225936,1.1131,0.913283,0.151915,6817.17,0.833333,0.286089,5.08869,38.262,,,,,
fastsam-x,90,216,0.613244,0.978974,0.621429,0.864226,0.100651,0.381992,9,12,0.444444,0.796621,0.47619,0.379343,0,4,0.858327,0.544845,0.666568,0.344185,0.369412,0.356353,0.963067,0.00759604,0.50392,1.60748,0.847422,1.08114,5489.38,0.375,0.0635419,3.54402,38.7952,,,,,
fastsam-x,90,224,0.459999,0.927274,0.477215,0.761536,0.193529,0.285811,9,16,0.444444,0.82888,0.32,0.265242,0,3,0.766112,0.394275,0.520617,0.210422,0.290341,0.244004,0.962006,0.00907772,0.383609,1.29394,0.86814,0.40521,6103.29,0.571429,0.71108,1.29915,40.2106,21.0473,5.15962,1.85714,0.457875,143.966
fastsam-x,90,232,0.590447,0.986223,0.595358,0.856464,0.114271,0.358327,9,13,0.444444,0.866747,0.363636,0.315181,0,4,0.828533,0.500165,0.623773,0.289777,0.343928,0.314539,0.965448,0.00632656,0.222849,1.13615,0.801981,0.355977,5398.5,0.375,0.195043,3.05224,41.9636,,,,,
fastsam-x,90,240,0.394467,0.590948,0.542632,0.57905,0.191159,0.258215,9,11,0.444444,0.783633,0.4,0.313453,0,3,0.547694,0.502915,0.52435,0.229883,0.265039,0.246212,0.979421,0.0120226,0.232462,1.24046,0.92544,0.204374,5163.86,0.428571,0.141732,3.95954,37.7022,,,,,
fastsam-x,90,248,0.494133,0.656356,0.666585,0.658689,0.171768,0.352702,9,11,0.555556,0.869043,0.5,0.434522,0,2,0.603713,0.613121,0.608381,0.274097,0.360291,0.311339,0.968584,0.00622685,0.246034,1.15876,0.894792,0.404344,6906,0.571429,0.370852,1.74946,38.5082,,,,,
fastsam-x,91,0,0.69535,0.863932,0.780868,0.843233,0.116514,0.429747,10,16,0.8,0.703209,0.692308,0.486837,0,4,0.750822,0.678634,0.712905,0.334992,0.483178,0.395665,0.965212,0.0102837,0.342435,1.99661,0.895791,0.146709,8213.33,0.777778,1.03749,4.01039,44.0688,7.26991,4.75267,2.55556,0.441888,187.683
fastsam-x,91,8,0.758761,0.973964,0.774469,0.919317,0.0907129,0.38862,10,15,0.6,0.716732,0.56,0.40137,0,4,0.832207,0.661748,0.737253,0.329299,0.416348,0.367742,0.952137,0.00619204,0.295997,1.76189,0.893382,0.223936,8629.67,0.888889,0.842077,1.03586,41.3333,,,,,
fastsam-x,91,16,0.73396,0.941963,0.768722,0.895397,0.0947005,0.376967,10,18,0.5,0.746352,0.5,0.373176,0,4,0.811819,0.662513,0.729606,0.344313,0.432408,0.383365,0.966919,0.00834935,0.318072,1.62338,0.885115,0.367245,7943.78,0.666667,1.08785,1.80981,41.1261,,,,,
fastsam-x,91,24,0.770247,0.957741,0.797346,0.915253,0.0881999,0.357135,10,18,0.7,0.750517,0.5,0.375259,0,4,0.803762,0.669154,0.730307,0.294056,0.425577,0.347798,0.960435,0.00565798,0.26832,1.49623,0.874985,0.14752,8780.56,0.777778,0.879164,0.783742,45.2961,,,,,
fastsam-x,91,32,0.75318,0.971291,0.770329,0.916137,0.0922819,0.370971,10,16,0.5,0.744768,0.461538,0.343739,0,4,0.834705,0.662004,0.73839,0.323726,0.412075,0.362597,0.962407,0.00769652,0.264294,1.56882,0.879153,0.212863,8554.56,0.555556,1.14251,1.47846,40.4428,6.92036,4.48695,2.55556,0.374055,226.55
fastsam-x,91,40,0.747038,0.90772,0.808435,0.882703,0.0971061,0.348541,10,18,0.7,0.766232,0.5,0.383116,0,4,0.749392,0.667425,0.706038,0.325769,0.450791,0.378216,0.966575,0.00509828,0.240481,1.44623,0.877803,0.206718,8364.89,0.777778,0.878677,1.64333,43.9599,,,,,
fastsam-x,91,48,0.691781,0.900553,0.748999,0.860378,0.115576,0.349684,10,21,0.6,0.710045,0.516129,0.366475,0,5,0.744737,0.619405,0.676313,0.330791,0.446672,0.380095,0.977355,0.00411051,0.186517,1.19644,0.856387,0.259979,7531.78,0.666667,0.870651,1.59488,41.6887,,,,,
fastsam-x,91,56,0.803344,0.966463,0.826381,0.93008,0.0719694,0.38206,10,18,0.7,0.74433,0.571429,0.425332,0,4,0.809877,0.692491,0.746598,0.303716,0.418928,0.352138,0.961303,0.00613039,0.25997,1.69483,0.87021,0.132435,8757.44,0.777778,1.33492,0.237615,41.0012,,,,,
fastsam-x,91,64,0.796137,0.966058,0.819048,0.927635,0.073877,0.384499,10,17,0.6,0.771235,0.518519,0.399899,0,4,0.774329,0.656495,0.71056,0.317715,0.400987,0.354527,0.962659,0.0049453,0.239549,1.71108,0.85908,0.188468,8237.22,0.666667,1.22867,1.36743,40.0599,8.33011,4.89599,3,0.353301,224.227
fastsam-x,91,72,0.589732,0.865338,0.649322,0.803641,0.161924,0.384999,10,18,0.6,0.766927,0.5,0.383463,0,4,0.745828,0.559645,0.63946,0.410236,0.406275,0.408246,0.975405,0.0039379,0.213563,1.24872,0.783206,0.299749,7055.33,0.666667,0.863901,1.34338,40.0554,,,,,
fastsam-x,91,80,0.602925,0.882071,0.655787,0.817013,0.161826,0.393624,10,16,0.8,0.742695,0.615385,0.457043,0,4,0.777931,0.578363,0.663464,0.401936,0.407174,0.404538,0.968106,0.00468118,0.225343,1.33536,0.83935,0.325207,7629.89,0.888889,0.944113,1.13989,39.5417,,,,,
fastsam-x,91,88,0.773045,0.963353,0.796467,0.91892,0.082653,0.392512,10,17,0.6,0.760494,0.518519,0.39433,0,4,0.791815,0.654646,0.716726,0.33955,0.448225,0.386391,0.966985,0.00554782,0.233905,1.68511,0.860618,0.185066,8212.22,0.777778,1.08441,2.11017,39.5683,,,,,
fastsam-x,91,96,0.796585,0.974217,0.81374,0.931811,0.077832,0.436888,10,15,0.7,0.777603,0.64,0.497666,0,4,0.864386,0.722001,0.786803,0.424424,0.544046,0.476847,0.976106,0.00746643,0.271883,1.38409,0.903703,0.265877,9526.44,0.888889,0.955439,1.46852,43.6556,7.95684,4.76471,2.55556,0.405266,215.42
fastsam-x,91,104,0.681581,0.897802,0.73891,0.855356,0.136911,0.406976,10,15,0.8,0.788504,0.64,0.504642,0,4,0.830917,0.683861,0.750251,0.441882,0.495326,0.46708,0.976684,0.00402801,0.188768,1.24506,0.951169,0.259824,10675.1,1,1.10856,2.2738,40.4296,,,,,
fastsam-x,91,112,0.733433,0.983892,0.742346,0.915174,0.105944,0.367345,10,15,0.8,0.772262,0.64,0.494248,0,4,0.89017,0.671632,0.765611,0.412251,0.457494,0.433696,0.974031,0.00537793,0.229371,1.37661,0.853039,0.339593,9240.56,0.888889,1.06861,0.482469,43.4314,,,,,
fastsam-x,91,120,0.772326,0.965876,0.793991,0.919919,0.0841992,0.39719,10,15,0.7,0.731186,0.64,0.467959,0,5,0.828013,0.680662,0.747142,0.321409,0.396269,0.354935,0.965581,0.00853983,0.251876,1.80082,0.871565,0.160403,8728.33,0.777778,1.18667,4.93059,40.2475,,,,,
fastsam-x,91,128,0.793596,0.97023,0.813403,0.9289,0.0828874,0.438294,10,20,0.7,0.753626,0.533333,0.401934,0,5,0.810309,0.679331,0.739062,0.352235,0.477981,0.405585,0.974164,0.00432487,0.199708,1.5148,0.840955,0.288465,8390.1,0.9,1.14307,0.324774,41.5979,9.94263,4.63798,2.6,0.415442,207.337
fastsam-x,91,136,0.707598,0.824944,0.83262,0.826703,0.131673,0.378267,10,25,0.7,0.752175,0.4,0.30087,0,5,0.676839,0.683137,0.679973,0.261109,0.420151,0.322066,0.96572,0.0155419,1.4196,9.5806,0.814444,0.345095,8317,0.7,0.976452,1.43153,43.3933,,,,,
fastsam-x,91,144,0.683203,0.893402,0.743839,0.853786,0.133665,0.366687,10,17,0.7,0.730543,0.592593,0.432914,0,5,0.763983,0.636086,0.694193,0.309403,0.413263,0.353869,0.97329,0.00417781,0.230719,1.53888,0.850149,0.369576,8628.11,0.777778,1.04406,1.86057,39.6414,,,,,
fastsam-x,91,152,0.768147,0.968799,0.787632,0.919967,0.0858496,0.460322,10,18,0.6,0.743363,0.5,0.371682,0,4,0.791385,0.643395,0.709758,0.359518,0.468133,0.406698,0.969408,0.0102158,0.260326,1.95129,0.841748,0.196073,8169.89,0.555556,0.688839,4.21819,41.2703,,,,,
fastsam-x,91,160,0.786581,0.961286,0.812314,0.922255,0.0856608,0.436566,10,18,0.8,0.742476,0.571429,0.424272,0,5,0.823179,0.69561,0.754037,0.363286,0.466031,0.408294,0.970321,0.0095391,0.314408,1.63789,0.897592,0.326951,9457.67,0.777778,0.602194,2.20098,40.0373,8.01478,5.21386,2,0.345866,189.9
fastsam-x,91,168,0.631686,0.9782,0.640705,0.872179,0.145973,0.423308,10,15,0.6,0.769339,0.48,0.369282,0,4,0.847017,0.554783,0.670439,0.390494,0.418827,0.404164,0.976708,0.00477484,0.194153,1.30474,0.808056,0.283196,7528.33,0.666667,0.47417,0.842141,41.0537,,,,,
fastsam-x,91,176,0.746613,0.972924,0.762455,0.914659,0.0952734,0.461081,10,18,0.6,0.765631,0.428571,0.328127,0,4,0.797708,0.625143,0.700961,0.353738,0.459431,0.399716,0.965886,0.0111494,0.298197,2.18145,0.773067,0.382078,8073.89,0.444444,0.504107,3.4673,40.937,,,,,
fastsam-x,91,184,0.782813,0.972541,0.800506,0.926588,0.0794238,0.487757,10,19,0.7,0.759642,0.482759,0.366724,0,4,0.80115,0.659433,0.723416,0.350321,0.505067,0.413697,0.96727,0.0133239,0.303874,2.0026,0.833664,0.252882,8248.56,0.555556,0.332934,3.38833,40.3141,,,,,
fastsam-x,91,192,0.612016,0.970116,0.623776,0.859933,0.152741,0.396709,10,13,0.7,0.728842,0.695652,0.507021,0,3,0.888461,0.571272,0.695405,0.426016,0.456188,0.440586,0.96719,0.00829085,0.251002,1.60499,0.833059,0.360096,7732.22,0.777778,0.262101,1.40311,38.7225,13.1708,4.14952,2.88889,0.481287,161.606
fastsam-x,91,200,0.763587,0.957421,0.790429,0.912913,0.0912598,0.40616,9,18,0.777778,0.725916,0.592593,0.430173,0,5,0.846231,0.698633,0.765381,0.358547,0.559452,0.437015,0.970343,0.0087604,0.285235,1.78693,0.894965,0.203353,9078.89,0.777778,0.121957,2.04725,41.6183,,,,,
fastsam-x,91,208,0.807741,0.976467,0.823777,0.936413,0.0683171,0.449525,10,18,0.5,0.717697,0.5,0.358849,0,5,0.756861,0.638511,0.692667,0.314905,0.460029,0.373878,0.973683,0.00766603,0.244225,1.67048,0.827845,0.220776,7760.11,0.555556,0.329691,2.90891,40.9558,,,,,
fastsam-x,91,216,0.812086,0.981763,0.824524,0.940378,0.0693001,0.413653,10,17,0.7,0.740308,0.592593,0.438701,0,5,0.856836,0.719605,0.782248,0.350292,0.52028,0.41869,0.965804,0.013146,0.293083,1.90981,0.887627,0.205119,9155,0.777778,0.296691,1.77317,39.8384,,,,,
fastsam-x,91,224,0.537398,0.966292,0.547665,0.8214,0.181217,0.362458,9,16,0.555556,0.670622,0.64,0.429198,0,6,0.843352,0.477986,0.610155,0.34027,0.401012,0.368152,0.961887,0.0120752,0.334193,2.04314,0.795384,0.283408,6474.22,0.555556,0.443438,0.944932,39.4847,14.0437,4.15535,3.22222,0.567231,162.752
fastsam-x,91,232,0.776146,0.979679,0.788846,0.927879,0.0866764,0.391587,10,17,0.7,0.763547,0.518519,0.395913,0,5,0.876682,0.705912,0.782084,0.33927,0.480476,0.397711,0.969957,0.0105652,0.263638,1.73975,0.877815,0.193371,8471.2,0.6,0.237687,1.34826,41.934,,,,,
fastsam-x,91,240,0.787643,0.974448,0.804253,0.929077,0.0794238,0.351131,10,17,0.5,0.703466,0.518519,0.36476,0,5,0.801734,0.661705,0.72502,0.245541,0.358335,0.291404,0.960403,0.0214646,0.437703,2.38383,0.83706,0.221239,8555.11,0.555556,0.181262,2.3487,40.3287,,,,,
fastsam-x,91,248,0.777508,0.965933,0.79943,0.921636,0.0872135,0.337565,10,17,0.5,0.723646,0.518519,0.375224,0,6,0.845401,0.699674,0.765665,0.283914,0.391507,0.329141,0.954271,0.0199001,0.366367,2.52353,0.828924,0.167335,9440.56,0.666667,0.222022,0.903017,44.0754,,,,,
fastsam-x,92,0,0.677784,0.829826,0.787201,0.819585,0.0977083,0.437274,9,17,0.444444,0.771507,0.307692,0.237387,0,4,0.606911,0.575735,0.590912,0.301874,0.434028,0.356085,0.957017,0.0243952,0.4301,2.90891,0.741208,0.227703,5340.33,0.666667,1.2433,4.90709,43.6461,9.34302,3.26807,3.88889,0.47168,180.402
fastsam-x,92,8,0.759918,0.972457,0.776634,0.918984,0.0655762,0.452479,9,16,0.444444,0.758978,0.4,0.303591,0,5,0.828519,0.661681,0.735761,0.348315,0.40107,0.372836,0.945512,0.0403847,1.53494,7.1658,0.75045,0.254641,6221.22,0.555556,1.31378,1.81772,40.0125,,,,,
fastsam-x,92,16,0.733743,0.928911,0.777395,0.88893,0.0746908,0.384056,9,16,0.444444,0.745051,0.4,0.29802,0,5,0.783693,0.655864,0.714103,0.327175,0.383389,0.353058,0.96237,0.0182944,0.396581,2.4777,0.743675,0.347805,6950,0.375,1.21646,2.8751,40.1248,,,,,
fastsam-x,92,24,0.782864,0.97064,0.801852,0.925674,0.0612207,0.451855,9,17,0.444444,0.760275,0.384615,0.292413,0,5,0.7887,0.65155,0.713595,0.328377,0.398639,0.360113,0.951444,0.0268198,0.529204,3.47673,0.766111,0.282731,6339.44,0.555556,1.30898,0.888936,44.3388,,,,,
fastsam-x,92,32,0.771989,0.963314,0.795373,0.918556,0.0642253,0.4492,9,18,0.444444,0.763437,0.37037,0.282754,0,6,0.753796,0.622382,0.681815,0.311457,0.392274,0.347225,0.949166,0.0232026,0.417448,2.70719,0.731166,0.196192,6036.67,0.555556,1.42183,1.64832,42.009,9.29013,3.94999,2.77778,0.505256,222.205
fastsam-x,92,40,0.726787,0.974778,0.740716,0.908527,0.0780827,0.447671,9,15,0.444444,0.765193,0.416667,0.31883,0,5,0.864406,0.656846,0.746466,0.382669,0.416463,0.398851,0.926249,0.0456348,1.05209,4.72369,0.732341,0.302606,6500.33,0.555556,1.15294,0.724176,39.2944,,,,,
fastsam-x,92,48,0.772892,0.899252,0.846162,0.886418,0.0699577,0.413954,9,17,0.444444,0.765285,0.384615,0.29434,0,5,0.748291,0.704113,0.72553,0.306447,0.380137,0.339338,0.971721,0.0119631,0.265995,1.62734,0.773354,0.290907,7812,0.625,1.10991,1.27399,39.3079,,,,,
fastsam-x,92,56,0.783251,0.959052,0.81035,0.920089,0.0645182,0.439724,9,18,0.444444,0.720114,0.444444,0.32005,0,5,0.751687,0.635138,0.688515,0.31057,0.402342,0.350549,0.948246,0.015561,0.365578,2.28301,0.747107,0.167584,6494.22,0.666667,1.53274,0.473668,40.8573,,,,,
fastsam-x,92,64,0.707703,0.954481,0.732422,0.892067,0.0872819,0.376432,9,17,0.444444,0.71683,0.461538,0.330845,0,5,0.801397,0.614953,0.695904,0.32966,0.380706,0.353349,0.944248,0.021131,0.416501,2.47506,0.73445,0.209759,6335.11,0.666667,1.66708,1.36672,39.8959,13.3994,4.5879,2.11111,0.475006,185.79
fastsam-x,92,72,0.810093,0.955264,0.842038,0.926514,0.0560059,0.40444,9,20,0.444444,0.771943,0.344828,0.266187,0,5,0.732054,0.645285,0.685936,0.279319,0.37977,0.321889,0.921991,0.0600363,3.27513,8.89179,0.759647,0.397445,6436.89,0.555556,1.24077,1.49324,40.7741,,,,,
fastsam-x,92,80,0.763783,0.966877,0.784305,0.917585,0.0696777,0.42601,9,18,0.444444,0.766683,0.37037,0.283956,0,5,0.779037,0.631934,0.697817,0.350967,0.410265,0.378307,0.953304,0.0261559,1.12402,7.63755,0.763914,0.31571,6388.89,0.666667,1.38069,1.15977,40.278,,,,,
fastsam-x,92,88,0.765473,0.960887,0.79009,0.91523,0.0681152,0.420912,9,16,0.444444,0.755961,0.4,0.302385,0,4,0.74394,0.611705,0.671373,0.311564,0.404649,0.352057,0.95478,0.0164241,0.349865,2.10431,0.748543,0.159738,6108.56,0.666667,1.44454,2.28088,40.6291,,,,,
fastsam-x,92,96,0.784529,0.974045,0.80128,0.927877,0.0629102,0.445651,9,18,0.444444,0.74072,0.37037,0.274341,0,6,0.721017,0.593131,0.650852,0.328171,0.422443,0.369387,0.964509,0.0174607,0.330545,1.96195,0.746418,0.235766,5954.78,0.666667,1.33452,1.25761,40.7265,10.2105,3.47682,2.88889,0.479039,198.596
fastsam-x,92,104,0.754008,0.969036,0.772623,0.915337,0.0736165,0.418766,9,18,0.444444,0.800968,0.296296,0.237324,0,5,0.764881,0.609849,0.678623,0.348437,0.401784,0.373214,0.958196,0.0165778,0.623791,7.2688,0.766643,0.286125,6305.44,0.666667,1.63037,3.50494,40.5255,,,,,
fastsam-x,92,112,0.777335,0.971622,0.795393,0.92436,0.0673307,0.426124,9,19,0.444444,0.785706,0.285714,0.224487,0,6,0.702064,0.574727,0.632046,0.312408,0.408251,0.353956,0.95397,0.0187057,0.565033,3.76162,0.741809,0.261393,5988.89,0.666667,1.77403,0.674484,40.8457,,,,,
fastsam-x,92,120,0.73507,0.959873,0.758375,0.904419,0.0758301,0.40979,9,17,0.444444,0.719865,0.307692,0.221497,0,5,0.677038,0.534913,0.597642,0.268047,0.377682,0.313557,0.946046,0.0250828,0.444607,2.86559,0.727581,0.200098,5287.67,0.666667,1.62153,4.4205,43.5452,,,,,
fastsam-x,92,128,0.651626,0.820598,0.759879,0.80574,0.122747,0.367422,9,20,0.333333,0.671325,0.344828,0.231491,0,5,0.572668,0.530295,0.550668,0.226655,0.387594,0.286041,0.964186,0.0116882,0.291506,1.92547,0.747994,0.212977,5640.11,0.555556,1.5553,0.922916,45.023,10.1135,3.75085,3,0.490247,175.789
fastsam-x,92,136,0.696327,0.820212,0.821753,0.820567,0.111706,0.344631,9,20,0.555556,0.740094,0.413793,0.306246,0,5,0.623162,0.624333,0.623747,0.236007,0.392851,0.29487,0.967114,0.0103777,0.316349,1.72279,0.802893,0.343649,6869.33,0.666667,2.44524,4.1004,40.4221,,,,,
fastsam-x,92,144,0.721671,0.954744,0.747233,0.897243,0.0877995,0.441936,9,19,0.333333,0.75474,0.214286,0.16173,0,5,0.643468,0.503611,0.565014,0.279017,0.394404,0.326825,0.951043,0.0220858,0.444605,2.5579,0.722882,0.275219,5434.67,0.555556,1.25692,2.55793,40.9658,,,,,
fastsam-x,92,152,0.655321,0.897767,0.708168,0.845527,0.111982,0.411846,9,16,0.333333,0.714661,0.32,0.228692,0,5,0.701165,0.553087,0.618385,0.298215,0.355712,0.324436,0.942706,0.0329631,0.501062,3.09959,0.744529,0.28923,6684.12,0.5,0.873633,5.04501,39.9573,,,,,
fastsam-x,92,160,0.759709,0.972424,0.776436,0.918898,0.0763184,0.380312,9,19,0.444444,0.724322,0.285714,0.206949,0,6,0.640713,0.51158,0.568911,0.222078,0.355973,0.273519,0.958759,0.0154001,0.310009,2.18716,0.729893,0.379227,5644.67,0.555556,1.2445,3.87109,40.5232,13.5966,4.47353,3.33333,0.491613,181.539
fastsam-x,92,168,0.709921,0.851047,0.810646,0.841371,0.100732,0.36436,9,15,0.555556,0.690075,0.583333,0.402544,0,2,0.665371,0.633784,0.649193,0.22649,0.379831,0.28377,0.951163,0.0213129,0.751352,2.57107,0.860261,0.849429,7727.5,0.625,1.32489,0.573254,39.5776,,,,,
fastsam-x,92,176,0.684357,0.958825,0.705078,0.885301,0.0995736,0.406872,9,12,0.333333,0.698424,0.380952,0.266066,0,3,0.739088,0.543493,0.626376,0.312151,0.364317,0.336223,0.946694,0.0281543,0.622688,3.03092,0.776978,0.344267,7671.71,0.571429,0.76618,3.98623,39.0153,,,,,
fastsam-x,92,184,0.685604,0.93989,0.717044,0.876993,0.0966309,0.388965,8,16,0.375,0.692634,0.333333,0.230878,0,4,0.680881,0.519445,0.589307,0.270938,0.341975,0.30234,0.935983,0.0260513,0.450403,2.98051,0.812224,0.321745,7115.14,0.571429,0.539054,4.1536,39.3563,,,,,
fastsam-x,92,192,0.772318,0.960929,0.797357,0.917494,0.0713477,0.407358,8,13,0.5,0.683724,0.571429,0.390699,0,3,0.738507,0.612797,0.669804,0.292451,0.42102,0.345152,0.950192,0.020801,0.418477,2.57479,0.836902,0.44699,7506.5,0.625,0.590479,2.14684,39.0935,6.73557,4.38909,2.125,0.492184,208.902
fastsam-x,92,200,0.676751,0.836477,0.779934,0.822713,0.109219,0.387326,8,15,0.5,0.636658,0.521739,0.33217,0,2,0.615211,0.573625,0.593691,0.252205,0.423216,0.316061,0.917562,0.0371304,0.59792,3.41562,0.831194,0.177773,6832.25,0.5,0.502759,2.90129,40.0315,,,,,
fastsam-x,92,208,0.690944,0.949072,0.717548,0.883302,0.0921484,0.433497,7,14,0.285714,0.729864,0.285714,0.208533,0,4,0.677534,0.512251,0.583412,0.299257,0.371699,0.331567,0.947338,0.0239419,0.455437,3.05218,0.781843,0.18715,7980.33,0.666667,0.420009,3.88316,38.9488,,,,,
fastsam-x,92,216,0.680818,0.952021,0.705007,0.880804,0.0941764,0.411295,7,12,0.285714,0.698883,0.315789,0.2207,0,3,0.662404,0.490535,0.563659,0.288583,0.348969,0.315916,0.947055,0.03094,0.52866,3.71494,0.770749,0.185764,7618.17,0.666667,0.290978,2.75179,38.5235,,,,,
fastsam-x,92,224,0.700271,0.861377,0.789212,0.843576,0.100091,0.380124,7,14,0.285714,0.609342,0.47619,0.290163,0,3,0.610151,0.559033,0.583475,0.243723,0.423911,0.309501,0.959145,0.0258066,0.518506,3.75719,0.804628,0.238459,7598.29,0.571429,0.267962,2.26462,42.1867,6.81469,4.18046,3.42857,0.47503,152.643
fastsam-x,92,232,0.731601,0.953385,0.758742,0.900099,0.0762044,0.425011,7,10,0.428571,0.633097,0.823529,0.521374,0,1,0.759469,0.604416,0.673129,0.341561,0.45505,0.390221,0.957375,0.0234285,0.63569,4.09563,0.849524,0.538933,7637.14,0.714286,0.0733249,1.42398,38.209,,,,,
fastsam-x,92,240,0.506659,0.662182,0.683267,0.666931,0.157246,0.365654,8,14,0.25,0.659671,0.363636,0.23988,0,3,0.465062,0.479871,0.472351,0.242614,0.379101,0.295876,0.928563,0.0347157,0.559901,4.01399,0.793287,0.0871331,6207.33,0.666667,0.368611,3.20313,38.4826,,,,,
fastsam-x,92,248,0.71252,0.96218,0.73305,0.897446,0.0741113,0.42755,7,13,0.285714,0.687125,0.3,0.206138,0,3,0.701668,0.534575,0.606829,0.293453,0.430773,0.349094,0.957794,0.0142403,0.460378,2.26236,0.790873,0.115387,6190,0.714286,0.22483,1.49705,38.2287,,,,,
fastsam-x,93,0,0.673296,0.885205,0.737708,0.846163,0.0921419,0.446022,9,15,0.666667,0.677527,0.583333,0.395224,0,2,0.618027,0.515049,0.561859,0.30111,0.458351,0.363453,0.962733,0.0143071,0.354634,2.38163,0.761935,0.125226,4654.89,0.555556,1.44624,4.85559,41.8537,11.801,3.21095,2.66667,0.509571,175.027
fastsam-x,93,8,0.678926,0.982455,0.687259,0.893855,0.0980111,0.357816,9,15,0.333333,0.67949,0.5,0.339745,0,4,0.701037,0.490398,0.577098,0.263775,0.356886,0.303346,0.967583,0.0169668,0.339307,2.07362,0.790356,0.212642,5164.78,0.555556,1.31419,1.32935,40.0768,,,,,
fastsam-x,93,16,0.731429,0.940363,0.767008,0.893748,0.0791016,0.364567,9,16,0.777778,0.740405,0.56,0.414627,0,2,0.709333,0.578568,0.637312,0.267365,0.392835,0.318177,0.950029,0.031936,0.938153,7.24346,0.873457,0.522231,5691.11,0.444444,1.10568,1.65758,40.7376,,,,,
fastsam-x,93,24,0.584201,0.97993,0.591276,0.850864,0.131901,0.38589,9,15,0.444444,0.727725,0.416667,0.303219,0,4,0.789851,0.476585,0.594473,0.290845,0.372042,0.32647,0.967403,0.0146694,0.279595,1.63615,0.781701,0.138196,5217.11,0.555556,1.127,0.268468,43.0633,,,,,
fastsam-x,93,32,0.621001,0.979693,0.629099,0.868055,0.125176,0.342635,9,14,0.444444,0.722623,0.434783,0.314184,0,2,0.67867,0.4358,0.530772,0.24992,0.300911,0.273055,0.971596,0.0149549,0.284158,1.83517,0.821265,0.101096,5599.5,0.5,1.39931,2.18732,41.9453,7.19018,3.80573,2.5,0.509493,151.657
fastsam-x,93,40,0.637058,0.979528,0.645655,0.8751,0.111449,0.416398,9,16,0.444444,0.681603,0.56,0.381698,0,4,0.777493,0.512484,0.617768,0.338535,0.433663,0.38024,0.971255,0.0134039,0.300722,1.60501,0.782039,0.287312,5392,0.555556,1.09811,0.118838,42.8592,,,,,
fastsam-x,93,48,0.601192,0.849014,0.673162,0.800742,0.128747,0.369347,9,15,0.666667,0.713053,0.666667,0.475369,0,2,0.711413,0.564062,0.629226,0.284848,0.420461,0.339618,0.968,0.0159886,0.340048,1.79376,0.846793,0.270615,5669.67,0.555556,1.06808,0.372803,39.26,,,,,
fastsam-x,93,56,0.584323,0.979767,0.59146,0.850858,0.130524,0.393412,9,13,0.555556,0.719872,0.545455,0.392657,0,2,0.805107,0.486023,0.606136,0.301235,0.388857,0.339483,0.971411,0.0118571,0.281259,1.79495,0.798972,0.150397,5267.33,0.555556,1.53091,0.843026,38.14,,,,,
fastsam-x,93,64,0.608776,0.981721,0.615756,0.863314,0.118529,0.403377,9,12,0.555556,0.69117,0.666667,0.46078,0,2,0.827099,0.518774,0.637619,0.308097,0.391296,0.344748,0.97688,0.0101698,0.250248,1.51645,0.797665,0.148362,5409,0.666667,1.61579,1.96382,41.9897,5.99444,3.10564,2.77778,0.61019,197.985
fastsam-x,93,72,0.655195,0.967187,0.670091,0.877414,0.101139,0.436949,9,14,0.777778,0.724636,0.695652,0.504095,0,2,0.841929,0.583309,0.689154,0.388773,0.463021,0.422661,0.974385,0.0129639,0.314197,1.68005,0.853484,0.243082,5826.78,0.555556,1.23326,0.978945,41.0223,,,,,
fastsam-x,93,80,0.765193,0.984609,0.774456,0.926586,0.0674154,0.463496,9,14,0.777778,0.718166,0.695652,0.499594,0,2,0.784725,0.617236,0.690976,0.369624,0.474411,0.415513,0.970966,0.0108792,0.311933,1.72572,0.856703,0.216909,6096.22,0.555556,1.33869,0.280597,38.8818,,,,,
fastsam-x,93,88,0.662713,0.980302,0.671657,0.886313,0.0987728,0.419144,9,13,0.666667,0.691941,0.636364,0.440326,0,2,0.764967,0.52412,0.622044,0.304434,0.406135,0.348006,0.97313,0.0112143,0.274777,1.82004,0.799869,0.163106,5279.11,0.555556,1.34841,3.1808,38.8399,,,,,
fastsam-x,93,96,0.694025,0.944953,0.723266,0.88253,0.0876302,0.447251,9,14,0.777778,0.717239,0.608696,0.436581,0,2,0.756322,0.578888,0.655815,0.352432,0.488557,0.409477,0.971057,0.0137764,0.306584,1.89902,0.810192,0.159178,5563,0.666667,1.44811,1.64584,38.4394,6.61677,4.28106,2.44444,0.506717,197.402
fastsam-x,93,104,0.582863,0.903184,0.621707,0.817746,0.12377,0.399257,9,13,0.777778,0.717127,0.727273,0.521547,0,2,0.805552,0.554502,0.656857,0.378539,0.430656,0.402919,0.964668,0.0194795,0.486556,2.50344,0.83312,0.203065,5458.22,0.444444,1.58167,2.33765,38.6922,,,,,
fastsam-x,93,112,0.694411,0.978612,0.705112,0.898212,0.0835059,0.446331,9,14,0.777778,0.723412,0.608696,0.440338,0,2,0.79356,0.571778,0.664656,0.354949,0.456116,0.399223,0.972591,0.0114985,0.304523,1.87387,0.830645,0.240864,5400.33,0.666667,1.9743,1.09838,38.1749,,,,,
fastsam-x,93,120,0.632555,0.967367,0.646347,0.867893,0.100449,0.414794,9,12,0.555556,0.676584,0.666667,0.451056,0,2,0.754981,0.504441,0.604791,0.342525,0.375442,0.358229,0.950948,0.016615,0.363416,2.51674,0.799743,0.198146,5371.75,0.625,1.59351,5.19243,38.3479,,,,,
fastsam-x,93,128,0.568323,0.78761,0.671187,0.757296,0.138405,0.379004,9,13,0.777778,0.709677,0.636364,0.451612,0,2,0.662779,0.564808,0.609884,0.310115,0.482704,0.377624,0.975445,0.00853409,0.259428,1.66271,0.823554,0.16313,5358.67,0.666667,1.76453,0.825619,39.1379,8.4314,5.53326,2.55556,0.432392,161.459
fastsam-x,93,136,0.76001,0.969913,0.778361,0.91779,0.0723047,0.421225,9,16,0.777778,0.684864,0.64,0.438313,0,2,0.683429,0.548455,0.608548,0.303313,0.431217,0.356129,0.976078,0.00851172,0.243272,1.45072,0.863385,0.226667,5614.78,0.666667,1.89061,2.85743,40.4311,,,,,
fastsam-x,93,144,0.741612,0.982914,0.751297,0.91763,0.0755534,0.444664,9,15,0.666667,0.716018,0.583333,0.417677,0,2,0.745537,0.569856,0.645965,0.354074,0.497235,0.413617,0.977099,0.0097359,0.238833,1.58743,0.834165,0.188865,5734.56,0.666667,1.60488,2.41549,39.7493,,,,,
fastsam-x,93,152,0.477318,0.983845,0.481088,0.79268,0.169977,0.32079,9,11,0.444444,0.690215,0.6,0.414129,0,2,0.829826,0.405775,0.545034,0.301916,0.296069,0.298964,0.969526,0.0101404,0.243027,1.73725,0.770294,0.253488,5126.25,0.625,1.00983,4.98522,38.0819,,,,,
fastsam-x,93,160,0.77876,0.983747,0.78891,0.930704,0.0695768,0.422498,9,16,0.666667,0.716253,0.64,0.458402,0,2,0.707227,0.567156,0.629494,0.301719,0.411034,0.347994,0.976208,0.00841704,0.235658,1.47371,0.860905,0.299203,6131.89,0.666667,1.61791,1.61722,39.0152,5.84183,4.86742,2.33333,0.528256,176.973
fastsam-x,93,168,0.566585,0.976435,0.57444,0.840672,0.146309,0.381733,9,14,0.555556,0.663098,0.695652,0.461285,0,2,0.780636,0.459251,0.578291,0.337175,0.375204,0.355175,0.974674,0.00771696,0.251953,1.55761,0.813235,0.271986,5326.11,0.666667,1.77206,0.3616,39.0546,,,,,
fastsam-x,93,176,0.753873,0.981481,0.764751,0.921233,0.0834766,0.418168,9,15,0.555556,0.671286,0.666667,0.447524,0,3,0.723847,0.564007,0.634008,0.296492,0.418509,0.347089,0.969809,0.0100392,0.277834,1.61629,0.828527,0.127932,6578.67,0.666667,1.097,4.17534,42.2217,,,,,
fastsam-x,93,184,0.776344,0.968923,0.796169,0.92272,0.0785059,0.377895,9,17,0.555556,0.683123,0.615385,0.420383,0,3,0.67407,0.553887,0.608097,0.247302,0.384169,0.300903,0.964486,0.0136982,0.390161,1.97962,0.83644,0.16567,6645.11,0.666667,0.812067,4.4238,39.5292,,,,,
fastsam-x,93,192,0.675222,0.979703,0.684802,0.891143,0.112533,0.396357,9,14,0.666667,0.711026,0.695652,0.494627,0,2,0.732528,0.512029,0.602746,0.313295,0.392609,0.348496,0.972506,0.00846033,0.368815,1.28487,0.827623,0.164759,6114.89,0.666667,1.23545,1.38565,41.764,9.52899,4.48013,1.66667,0.498031,198.253
fastsam-x,93,200,0.782692,0.974214,0.79925,0.927366,0.076862,0.337891,9,17,0.444444,0.633125,0.538462,0.340913,0,4,0.616706,0.505949,0.555864,0.212154,0.325927,0.257013,0.962188,0.0156118,0.37083,2.86908,0.768507,0.244905,6155.11,0.666667,0.860718,2.30714,40.5578,,,,,
fastsam-x,93,208,0.593306,0.961823,0.607615,0.847775,0.145488,0.350338,9,14,0.555556,0.695011,0.608696,0.42305,0,2,0.689866,0.435811,0.534169,0.296553,0.336746,0.315374,0.95477,0.0157993,0.312245,2.14169,0.742951,0.178262,5452.22,0.555556,0.71849,4.06879,38.8107,,,,,
fastsam-x,93,216,0.784374,0.957993,0.812313,0.919921,0.0768555,0.355001,9,16,0.555556,0.698269,0.64,0.446892,0,3,0.660171,0.55978,0.605845,0.235799,0.375885,0.289801,0.937918,0.0229265,0.56281,4.0882,0.850775,0.160655,6913.22,0.666667,0.547345,2.74504,39.1246,,,,,
fastsam-x,93,224,0.797248,0.974795,0.814029,0.932305,0.0697005,0.348214,9,15,0.666667,0.783416,0.5,0.391708,0,2,0.639733,0.534226,0.582238,0.219752,0.347956,0.269378,0.949534,0.0290693,1.56329,8.3936,0.861903,0.190436,6323.44,0.666667,0.677561,1.86987,42.4346,5.90882,3.894,2.44444,0.439807,183.719
fastsam-x,93,232,0.801318,0.969922,0.821737,0.931171,0.0683203,0.330261,8,15,0.5,0.73416,0.521739,0.38304,0,3,0.647394,0.548485,0.593849,0.207155,0.362778,0.26372,0.959368,0.0246735,1.007,7.26755,0.835044,0.24831,7289.25,0.75,0.376518,1.59474,39.5569,,,,,
fastsam-x,93,240,0.739258,0.972568,0.755001,0.911924,0.0912207,0.308516,8,14,0.625,0.703616,0.545455,0.383791,0,2,0.702358,0.545238,0.613904,0.19933,0.322022,0.246239,0.951643,0.0128924,0.300111,1.96974,0.837149,0.151971,7409.88,0.625,0.483156,3.81998,39.2013,,,,,
fastsam-x,93,248,0.498414,0.954497,0.510545,0.794971,0.167809,0.311962,8,14,0.5,0.69404,0.545455,0.378567,0,3,0.639313,0.341958,0.445582,0.228131,0.306361,0.261521,0.950221,0.0316966,0.88556,6.75767,0.734236,0.289261,4448.62,0.5,0.547063,2.72884,38.0394,,,,,
fastsam-x,94,0,0.565744,0.959228,0.579684,0.833318,0.114043,0.450589,9,11,0.555556,0.767419,0.5,0.383709,0,2,0.821046,0.496177,0.61855,0.420709,0.407443,0.413969,0.945996,0.030596,0.546931,3.38845,0.789684,0.190205,5153.25,0.625,1.19225,6.21101,43.6947,10.1536,3.03739,3.25,0.517743,157.304
fastsam-x,94,8,0.650531,0.986589,0.656335,0.883947,0.109349,0.412679,9,15,0.555556,0.717775,0.5,0.358887,0,2,0.795144,0.528975,0.635307,0.342293,0.473684,0.39741,0.980706,0.00705187,0.214504,1.3504,0.818305,0.196852,5708.56,0.666667,1.07114,0.995707,39.1175,,,,,
fastsam-x,94,16,0.714304,0.983595,0.722916,0.908034,0.0883659,0.365352,9,14,0.555556,0.658296,0.695652,0.457945,0,3,0.812023,0.596815,0.687982,0.33963,0.462678,0.391718,0.972019,0.0114993,0.308514,1.48122,0.869128,0.289818,6380.33,0.666667,1.17864,0.804588,39.0318,,,,,
fastsam-x,94,24,0.616795,0.893615,0.665676,0.828173,0.126797,0.418301,9,16,0.666667,0.71162,0.56,0.398507,0,2,0.671807,0.500446,0.573602,0.33202,0.482305,0.393295,0.974542,0.0106901,0.272984,1.84836,0.796353,0.186281,5375.22,0.666667,1.05269,2.07459,39.5868,,,,,
fastsam-x,94,32,0.563171,0.969803,0.573223,0.836285,0.136556,0.446343,9,13,0.444444,0.691852,0.545455,0.377374,0,3,0.775494,0.458373,0.576181,0.364238,0.409753,0.385658,0.854757,0.123046,6.2963,11.5457,0.714747,0.388356,5432.56,0.555556,1.25164,3.68178,43.2221,10.9259,3.84319,2.44444,0.522371,167.553
fastsam-x,94,40,0.704369,0.984058,0.7125,0.904503,0.0932747,0.407342,9,16,0.555556,0.720716,0.48,0.345944,0,4,0.735892,0.532817,0.618102,0.320457,0.441505,0.371366,0.974561,0.0123186,0.274644,1.75809,0.778965,0.297477,5805.56,0.666667,1.014,1.29381,39.5105,,,,,
fastsam-x,94,48,0.776367,0.985046,0.785627,0.930538,0.0720182,0.413004,9,16,0.777778,0.75873,0.56,0.424889,0,3,0.82168,0.655333,0.729139,0.326121,0.437233,0.37359,0.975479,0.0116682,0.272341,1.59171,0.860634,0.284401,7258.44,0.666667,1.02279,0.877068,39.0181,,,,,
fastsam-x,94,56,0.641206,0.970395,0.653999,0.872938,0.114574,0.392917,9,15,0.444444,0.729989,0.416667,0.304162,0,3,0.736655,0.49647,0.593171,0.319645,0.434534,0.368339,0.953592,0.0229637,0.409969,2.56496,0.754309,0.226899,5510.11,0.666667,1.41508,2.12997,38.238,,,,,
fastsam-x,94,64,0.694773,0.971997,0.708963,0.89534,0.0990299,0.41236,9,15,0.444444,0.745556,0.416667,0.310648,0,3,0.735567,0.536514,0.620467,0.308173,0.444811,0.364095,0.959255,0.0250706,0.444532,3.07942,0.790548,0.149585,6031.11,0.666667,1.39317,3.45137,38.7377,7.36074,4.59751,3.22222,0.542556,178.008
fastsam-x,94,72,0.777584,0.983029,0.788164,0.929969,0.0734017,0.415366,9,15,0.666667,0.736352,0.583333,0.429539,0,2,0.808464,0.648204,0.719518,0.324132,0.435705,0.371727,0.968021,0.0172627,0.346907,2.12105,0.857399,0.274233,7366.89,0.666667,1.23626,0.199519,39.593,,,,,
fastsam-x,94,80,0.791266,0.980601,0.803849,0.933246,0.0691927,0.429146,9,18,0.555556,0.709107,0.518519,0.367685,0,3,0.689818,0.565479,0.62149,0.28193,0.411765,0.334697,0.966095,0.0177655,0.330791,2.11969,0.798222,0.149526,6466.33,0.666667,1.3136,0.681264,40.0687,,,,,
fastsam-x,94,88,0.590816,0.968244,0.602491,0.849268,0.133285,0.38881,9,14,0.444444,0.737312,0.434783,0.32057,0,3,0.783242,0.487373,0.600861,0.318408,0.405978,0.3569,0.954177,0.0300401,0.510989,3.4858,0.771768,0.173187,5541.67,0.666667,1.31536,3.98355,38.2582,,,,,
fastsam-x,94,96,0.595184,0.970499,0.606151,0.852278,0.129867,0.409081,9,15,0.444444,0.715718,0.5,0.357859,0,4,0.799285,0.499215,0.614578,0.337214,0.434962,0.379901,0.957444,0.0199309,0.404391,2.68999,0.761382,0.278739,5585.67,0.666667,1.3015,3.04455,38.3796,12.9668,3.04755,3.22222,0.576186,202.933
fastsam-x,94,104,0.613747,0.9829,0.620371,0.866101,0.12682,0.390566,9,14,0.555556,0.698837,0.608696,0.425379,0,3,0.788527,0.49769,0.610227,0.345199,0.422643,0.380015,0.969335,0.0175274,0.354256,2.18931,0.778386,0.290625,5653,0.555556,1.51299,1.97727,40.3177,,,,,
fastsam-x,94,112,0.652381,0.826064,0.756265,0.808837,0.123327,0.387081,9,16,0.666667,0.786271,0.48,0.37741,0,2,0.617274,0.565117,0.590045,0.264365,0.445375,0.331788,0.957005,0.0207711,0.393075,2.49631,0.822552,0.158948,6128,0.666667,1.50568,1.49875,40.234,,,,,
fastsam-x,94,120,0.592025,0.960263,0.606893,0.846518,0.126686,0.41167,9,13,0.444444,0.747909,0.454545,0.339959,0,3,0.828912,0.523878,0.642005,0.349891,0.452057,0.394466,0.950372,0.0247401,0.453037,3.07416,0.769335,0.25172,5685,0.666667,1.49184,6.16117,38.4051,,,,,
fastsam-x,94,128,0.726391,0.952439,0.753731,0.897818,0.080931,0.450853,9,16,0.555556,0.731448,0.56,0.409611,0,4,0.779051,0.616517,0.688319,0.326774,0.457559,0.381262,0.96322,0.0196511,0.383499,2.57307,0.839051,0.15776,6216.56,0.666667,1.49219,2.8605,42.5222,6.15429,4.91113,3,0.553307,188.662
fastsam-x,94,136,0.595122,0.828657,0.67863,0.788434,0.137682,0.369988,9,19,0.666667,0.728817,0.571429,0.416467,0,2,0.704219,0.576721,0.634125,0.300333,0.433208,0.354736,0.955788,0.0227456,0.472801,2.68426,0.844322,0.233474,6079.56,0.555556,1.80242,0.822979,41.6377,,,,,
fastsam-x,94,144,0.744647,0.949755,0.775185,0.902836,0.0727116,0.464811,9,16,0.555556,0.679623,0.64,0.434959,0,4,0.779628,0.636328,0.700727,0.361016,0.457241,0.403471,0.960999,0.018327,0.365432,2.40207,0.826123,0.116947,6159.67,0.666667,1.56848,3.10278,43.5926,,,,,
fastsam-x,94,152,0.677697,0.957288,0.698828,0.882009,0.0867448,0.462317,9,14,0.555556,0.73921,0.521739,0.385675,0,3,0.806653,0.588863,0.680763,0.39012,0.424978,0.406803,0.956568,0.0225913,0.404636,2.75111,0.763913,0.205362,5498.11,0.555556,0.994051,6.04097,38.9808,,,,,
fastsam-x,94,160,0.747475,0.94858,0.779041,0.903219,0.0719596,0.403584,9,13,0.777778,0.730142,0.727273,0.531012,0,3,0.846016,0.694808,0.762992,0.354296,0.418962,0.383925,0.959417,0.0189729,0.360682,2.08407,0.88231,0.188186,6734.22,0.666667,1.66755,2.61983,39.1018,5.01323,4.09348,3.22222,0.559701,197.631
fastsam-x,94,168,0.696435,0.963271,0.715433,0.891965,0.0873372,0.452161,9,14,0.888889,0.768,0.695652,0.534261,0,2,0.878623,0.652564,0.748906,0.430897,0.471334,0.450209,0.964558,0.0138715,0.306248,1.78673,0.872931,0.16624,6447.11,0.555556,1.33147,1.76377,39.2799,,,,,
fastsam-x,94,176,0.757737,0.964075,0.779755,0.914205,0.0671419,0.488875,9,15,0.666667,0.704732,0.666667,0.469821,0,4,0.800529,0.647477,0.715914,0.389017,0.484158,0.431404,0.960506,0.0188371,0.354111,2.3429,0.827998,0.162934,6187.89,0.666667,1.11376,4.63228,37.6969,,,,,
fastsam-x,94,184,0.706863,0.962892,0.726658,0.895695,0.0865202,0.525224,9,14,0.777778,0.771653,0.608696,0.469702,0,3,0.836243,0.631081,0.719319,0.46428,0.521416,0.491192,0.966897,0.0154311,0.319619,2.11937,0.824599,0.152867,6385.33,0.666667,0.846721,5.19646,38.983,,,,,
fastsam-x,94,192,0.780362,0.964001,0.803785,0.921608,0.0632747,0.49645,9,15,0.777778,0.767099,0.583333,0.447474,0,3,0.810946,0.676168,0.737449,0.412555,0.487861,0.447059,0.966017,0.0138411,0.300594,1.8652,0.864589,0.172483,6679.56,0.666667,1.35134,2.15826,39.3253,5.85727,4.00643,2.44444,0.549373,186.755
fastsam-x,94,200,0.649134,0.88315,0.710125,0.836136,0.11068,0.466774,9,14,0.777778,0.741296,0.695652,0.515684,0,3,0.769739,0.618934,0.686148,0.401079,0.466966,0.431522,0.970734,0.0103019,0.248915,1.5139,0.841227,0.184234,6274.78,0.666667,1.13882,3.11266,37.7597,,,,,
fastsam-x,94,208,0.784605,0.970032,0.804096,0.925937,0.0680339,0.492083,9,15,0.666667,0.75623,0.583333,0.441134,0,3,0.748965,0.620845,0.678913,0.373134,0.459549,0.411858,0.957184,0.0158175,0.334437,2.26206,0.836236,0.1674,6783.56,0.666667,0.8007,4.70389,38.7173,,,,,
fastsam-x,94,216,0.802544,0.975073,0.819354,0.934105,0.0625651,0.524207,9,14,0.666667,0.76424,0.608696,0.465189,0,3,0.761031,0.639494,0.694989,0.398188,0.483134,0.436567,0.961122,0.0144528,0.305816,1.97216,0.848678,0.148682,7011.67,0.666667,0.875467,3.74983,38.7565,,,,,
fastsam-x,94,224,0.800524,0.951319,0.834718,0.92161,0.0609798,0.50225,9,16,0.777778,0.741052,0.64,0.474273,0,3,0.742031,0.651081,0.693587,0.37423,0.489397,0.424134,0.965994,0.00954323,0.254569,1.60747,0.869718,0.138346,6731.56,0.666667,0.645107,2.18893,37.5884,6.87404,5.44308,2.77778,0.575183,195.889
fastsam-x,94,232,0.809134,0.977947,0.824172,0.937578,0.0608496,0.500201,9,16,0.555556,0.764851,0.48,0.367129,0,4,0.713434,0.601252,0.652557,0.350397,0.454959,0.39589,0.967433,0.00998979,0.259991,1.62227,0.801623,0.23177,6630.22,0.666667,0.501701,3.79871,40.9544,,,,,
fastsam-x,94,240,0.69308,0.885502,0.761307,0.853375,0.114772,0.365006,9,15,0.555556,0.710517,0.5,0.355258,0,3,0.655082,0.563204,0.605678,0.244511,0.359521,0.291067,0.921584,0.0481104,2.63711,14.2438,0.763579,0.199636,7692.11,0.555556,0.741001,4.84998,39.4478,,,,,
fastsam-x,94,248,0.66605,0.97659,0.676857,0.886044,0.109281,0.462183,9,13,0.666667,0.752882,0.636364,0.479107,0,3,0.771371,0.534623,0.631539,0.380032,0.445136,0.410016,0.968917,0.00804721,0.247795,1.55996,0.81652,0.0720894,6071.11,0.666667,0.615157,3.91659,38.7196,,,,,
fastsam-x,95,0,0.711376,0.823316,0.839541,0.827005,0.0900814,0.481039,9,18,0.666667,0.744408,0.444444,0.330848,0,4,0.571261,0.582519,0.576835,0.302056,0.457243,0.36379,0.951456,0.0164714,0.3951,2.52898,0.767208,0.188801,5469.22,0.666667,1.42567,6.26569,44.606,9.99312,3.83237,2,0.593589,189.667
fastsam-x,95,8,0.688066,0.981887,0.696911,0.897221,0.0749577,0.425509,9,16,0.555556,0.726186,0.4,0.290474,0,4,0.802706,0.569735,0.666447,0.366276,0.415512,0.389344,0.969827,0.0167749,0.337576,2.1695,0.744767,0.275712,4761.22,0.555556,1.32051,0.122926,40.7546,,,,,
fastsam-x,95,16,0.72102,0.933288,0.7602,0.886698,0.0707813,0.321753,9,17,0.444444,0.658133,0.461538,0.303754,0,4,0.703258,0.572832,0.63138,0.263339,0.382542,0.31194,0.95214,0.032445,0.903584,9.00977,0.792604,0.430365,4891.56,0.666667,1.33594,1.7884,41.2556,,,,,
fastsam-x,95,24,0.706605,0.959933,0.728078,0.894219,0.0751921,0.426284,9,17,0.555556,0.749748,0.384615,0.288365,0,4,0.783601,0.594336,0.67597,0.35461,0.425963,0.387025,0.975503,0.0100534,0.251654,1.50899,0.744193,0.272597,5194.67,0.555556,1.29345,1.21305,45.3487,,,,,
fastsam-x,95,32,0.758793,0.982238,0.76935,0.92328,0.0636882,0.480081,9,16,0.444444,0.751472,0.32,0.240471,0,4,0.672731,0.526925,0.590967,0.305687,0.360318,0.330762,0.967554,0.01875,0.369071,2.35059,0.740755,0.322161,6229.57,0.714286,1.36803,3.9612,40.7765,13.9826,3.2871,2.14286,0.493722,143.459
fastsam-x,95,40,0.713968,0.896775,0.777897,0.866227,0.0820378,0.37932,9,17,0.555556,0.704302,0.461538,0.325062,0,4,0.702757,0.609598,0.652871,0.298966,0.43123,0.353119,0.97351,0.0177302,0.341249,2.49643,0.792117,0.290404,5639.89,0.666667,1.16676,1.15245,40.5664,,,,,
fastsam-x,95,48,0.708383,0.885357,0.779923,0.858573,0.0859993,0.346835,9,19,0.555556,0.679314,0.5,0.339657,0,4,0.669384,0.58967,0.627004,0.285594,0.395419,0.331651,0.950649,0.0234485,0.43794,2.6754,0.819753,0.239101,5690.22,0.666667,1.21493,0.0573038,40.9737,,,,,
fastsam-x,95,56,0.773259,0.973719,0.789741,0.924043,0.0638704,0.484349,9,19,0.555556,0.748551,0.357143,0.26734,0,4,0.702678,0.569911,0.629369,0.314535,0.437777,0.366062,0.971071,0.0122627,0.285704,2.00659,0.731378,0.290341,5547.11,0.666667,1.60723,1.89505,40.8004,,,,,
fastsam-x,95,64,0.788127,0.977337,0.802799,0.930644,0.0601921,0.502893,9,18,0.555556,0.747423,0.37037,0.276823,0,4,0.698215,0.573524,0.629757,0.332974,0.455481,0.38471,0.96337,0.0178786,0.358017,2.35263,0.727287,0.237147,5669,0.666667,1.58022,3.39199,41.8744,12.082,3.43415,2.88889,0.544311,205.753
fastsam-x,95,72,0.802484,0.963976,0.827294,0.928572,0.0558496,0.398106,9,22,0.444444,0.690397,0.387097,0.267251,0,5,0.670566,0.575487,0.6194,0.257766,0.384891,0.308755,0.960657,0.0211102,0.488482,2.33299,0.767196,0.245689,5650.33,0.666667,1.33046,0.0656697,41.6267,,,,,
fastsam-x,95,80,0.74581,0.876205,0.833654,0.866004,0.0798763,0.413402,9,21,0.555556,0.703659,0.4,0.281464,0,5,0.608814,0.579248,0.593663,0.28731,0.395659,0.33289,0.963169,0.0163376,0.581273,2.23988,0.760318,0.28542,5808,0.666667,1.57387,0.626766,41.8996,,,,,
fastsam-x,95,88,0.803829,0.975105,0.820671,0.934522,0.0566016,0.478037,9,18,0.555556,0.71204,0.444444,0.316462,0,4,0.692355,0.582702,0.632813,0.316791,0.44453,0.369944,0.9598,0.0254072,0.426496,2.80639,0.734699,0.268684,5832.22,0.666667,1.44771,4.0014,40.1395,,,,,
fastsam-x,95,96,0.813446,0.956044,0.84505,0.927918,0.0559863,0.484284,9,20,0.555556,0.722251,0.413793,0.298862,0,5,0.669501,0.591774,0.628243,0.32079,0.458471,0.377468,0.96424,0.0142438,0.402509,2.1137,0.758547,0.286422,6051.44,0.666667,1.5359,2.65084,40.9106,11.8075,3.55812,2.55556,0.510746,200.849
fastsam-x,95,104,0.741452,0.865114,0.838372,0.858793,0.0810579,0.342162,9,21,0.555556,0.656733,0.466667,0.306475,0,4,0.584416,0.56635,0.575241,0.226408,0.325709,0.267129,0.938845,0.0360578,1.80458,23.1069,0.790247,0.940722,5729.56,0.555556,1.78903,2.44153,41.6803,,,,,
fastsam-x,95,112,0.844385,0.980273,0.858981,0.949338,0.0463867,0.462457,9,19,0.666667,0.717229,0.5,0.358615,0,5,0.680722,0.596494,0.635831,0.310775,0.42309,0.358338,0.959215,0.015849,0.391381,2.40218,0.771343,0.416259,6223.56,0.666667,1.82454,0.55736,41.3032,,,,,
fastsam-x,95,120,0.797487,0.966101,0.820445,0.928079,0.0602865,0.442514,9,18,0.555556,0.695256,0.444444,0.309003,0,4,0.671731,0.570456,0.616965,0.267291,0.400114,0.320486,0.946507,0.0144885,0.361842,2.29589,0.746081,0.239258,5908.67,0.666667,1.65509,6.12916,41.132,,,,,
fastsam-x,95,128,0.711473,0.810963,0.852927,0.820277,0.103467,0.421759,9,17,0.777778,0.747833,0.538462,0.402679,0,4,0.586003,0.616326,0.600782,0.292294,0.436664,0.350182,0.965094,0.0158057,0.369587,2.22199,0.803053,0.514443,6526.78,0.666667,1.78108,1.75557,39.8704,11.4598,3.69252,2.55556,0.467925,171.783
fastsam-x,95,136,0.699023,0.848537,0.798679,0.836486,0.0976009,0.330913,9,16,0.555556,0.659542,0.48,0.31658,0,2,0.599286,0.564073,0.581147,0.258801,0.341265,0.294367,0.897567,0.0564972,0.989776,6.07897,0.831299,0.21384,6621.75,0.625,6.66758,16.5523,39.8433,,,,,
fastsam-x,95,144,0.83242,0.963641,0.859412,0.937406,0.0525749,0.475137,9,19,0.666667,0.746646,0.5,0.373323,0,4,0.673565,0.600711,0.635056,0.321727,0.473832,0.383239,0.962883,0.01489,0.432843,2.26801,0.828962,0.38178,6459.22,0.666667,1.6885,3.08474,41.1253,,,,,
fastsam-x,95,152,0.818841,0.976234,0.835496,0.939705,0.0565625,0.473237,9,19,0.555556,0.780769,0.357143,0.278846,0,5,0.668324,0.571976,0.616408,0.289087,0.432056,0.3464,0.962671,0.0161341,0.326163,2.13459,0.759337,0.28138,6184.89,0.666667,1.00492,5.8419,40.6668,,,,,
fastsam-x,95,160,0.824092,0.956798,0.855941,0.93147,0.0562923,0.40145,9,16,0.777778,0.748506,0.56,0.419163,0,3,0.679693,0.608047,0.641877,0.305604,0.434619,0.358869,0.944315,0.0293158,0.909159,7.51319,0.869052,0.509673,6725.67,0.666667,1.71451,2.00993,39.1683,6.69487,4.35578,1.88889,0.511526,175.792
fastsam-x,95,168,0.722653,0.955755,0.747666,0.898074,0.0891374,0.377086,9,14,0.666667,0.748604,0.521739,0.390576,0,3,0.761319,0.595563,0.668317,0.346922,0.404007,0.373295,0.95707,0.0156384,0.345411,2.05987,0.869054,0.235487,7448.5,0.75,1.62408,0.461217,42.1762,,,,,
fastsam-x,95,176,0.840111,0.974687,0.85885,0.945265,0.0515267,0.46391,9,20,0.555556,0.742457,0.413793,0.307224,0,5,0.659573,0.581185,0.617903,0.278399,0.423098,0.335825,0.969719,0.0111785,0.252426,1.81413,0.786873,0.255141,6462.67,0.666667,1.11727,4.49827,40.9401,,,,,
fastsam-x,95,184,0.821619,0.963142,0.848292,0.933961,0.0553288,0.448664,9,21,0.555556,0.747275,0.4,0.29891,0,5,0.683763,0.602228,0.640411,0.27026,0.430251,0.331985,0.969087,0.00936994,0.251922,1.64615,0.784843,0.265384,6381.33,0.666667,0.952717,4.74173,40.5392,,,,,
fastsam-x,95,192,0.778675,0.959996,0.804789,0.919092,0.0712728,0.336068,9,17,0.555556,0.760243,0.384615,0.292401,0,4,0.712046,0.596926,0.649424,0.275079,0.370217,0.315635,0.885316,0.0877632,5.37687,12.005,0.845679,0.592661,6671,0.555556,1.35998,2.75213,39.0352,6.08996,3.81993,2.11111,0.45846,165.134
fastsam-x,95,200,0.792869,0.894848,0.874329,0.890028,0.0674772,0.365027,9,16,0.666667,0.732884,0.56,0.410415,0,3,0.712649,0.696308,0.704383,0.257222,0.38738,0.30916,0.922038,0.0449927,2.07187,9.36298,0.899721,0.467366,7319.44,0.555556,0.93209,2.39851,40.0604,,,,,
fastsam-x,95,208,0.815192,0.968158,0.83765,0.934557,0.0536719,0.483395,9,19,0.555556,0.781668,0.357143,0.279167,0,5,0.740978,0.641094,0.687427,0.318596,0.450945,0.37339,0.961354,0.0119314,0.294492,2.04738,0.784905,0.229905,6424.89,0.666667,0.98837,4.96734,43.9659,,,,,
fastsam-x,95,216,0.766339,0.973822,0.782458,0.921797,0.0665332,0.473884,9,13,0.666667,0.726878,0.727273,0.528639,0,4,0.881661,0.708408,0.785595,0.408811,0.45006,0.428445,0.95809,0.0134691,0.31234,2.25144,0.859205,0.212489,7007.89,0.666667,0.723645,3.00062,38.7985,,,,,
fastsam-x,95,224,0.697065,0.97308,0.710772,0.896712,0.0869824,0.343247,9,11,0.777778,0.745333,0.7,0.521733,0,2,0.885372,0.646707,0.74745,0.344615,0.334553,0.339509,0.93361,0.0230679,0.497469,2.96952,0.901517,0.307854,7375.88,0.5,0.447887,0.603525,38.0256,9.24107,3.87655,2.125,0.447249,156.483
fastsam-x,95,232,0.785449,0.970892,0.804391,0.92663,0.0592578,0.428595,9,12,0.777778,0.750182,0.761905,0.571567,0,3,0.882563,0.73121,0.799789,0.38906,0.410155,0.399329,0.945564,0.0118742,0.362411,2.34006,0.887731,0.213743,7022.11,0.444444,0.69218,2.06441,38.4716,,,,,
fastsam-x,95,240,0.547624,0.673698,0.745308,0.688975,0.154837,0.3586,8,16,0.5,0.722047,0.416667,0.300853,0,5,0.578963,0.640503,0.608181,0.255443,0.396113,0.310593,0.950808,0.0158849,0.346157,2.37167,0.761836,0.309469,6434.12,0.75,0.802581,4.17158,40.0665,,,,,
fastsam-x,95,248,0.844471,0.979288,0.859828,0.948866,0.0404785,0.426131,8,14,0.5,0.706209,0.545455,0.385205,0,5,0.788124,0.691983,0.736931,0.279711,0.359299,0.314548,0.969095,0.00817372,0.295609,1.66213,0.803588,0.53036,6966.75,0.625,0.564972,2.3052,38.3906,,,,,
fastsam-x,96,0,0.789129,0.861721,0.903545,0.871025,0.0814518,0.533308,10,15,0.8,0.809086,0.72,0.582542,0,3,0.778565,0.816354,0.797012,0.411869,0.599488,0.488276,0.960285,0.0183144,0.378314,2.49733,0.928596,0.0445068,9710.44,0.888889,1.61585,6.82083,42.4836,4.50115,3.82316,2.55556,0.528401,185.101
fastsam-x,96,8,0.86432,0.982796,0.877599,0.956341,0.0421517,0.517037,10,14,0.7,0.75052,0.75,0.56289,0,3,0.853621,0.762251,0.805353,0.445384,0.614741,0.516535,0.973459,0.0120361,0.266658,1.5766,0.887377,0.156801,8188.22,0.888889,1.44906,0.459661,39.4765,,,,,
fastsam-x,96,16,0.729341,0.936102,0.767553,0.890953,0.0749837,0.413512,10,13,0.6,0.79944,0.608696,0.486616,0,4,0.833024,0.683034,0.75061,0.405105,0.519422,0.455196,0.961011,0.020995,0.366126,2.29855,0.922298,0.171162,7189.12,0.875,1.4185,2.34037,38.9503,,,,,
fastsam-x,96,24,0.848939,0.968647,0.872926,0.94474,0.0486035,0.545606,10,15,0.8,0.764968,0.72,0.550777,0,4,0.853878,0.769498,0.809495,0.458864,0.627255,0.530006,0.975087,0.0123683,0.269369,1.51479,0.894684,0.141922,8437.67,1,1.46761,0.442808,39.5164,,,,,
fastsam-x,96,32,0.851976,0.975456,0.87064,0.949088,0.0466178,0.575363,10,13,0.7,0.752993,0.782609,0.589299,0,3,0.863505,0.770718,0.814477,0.470149,0.619282,0.534508,0.976267,0.0120755,0.279148,1.73612,0.865378,0.0555407,8298.22,0.888889,1.71754,2.75884,39.5133,5.21161,3.60267,2.77778,0.522298,180.235
fastsam-x,96,40,0.838558,0.983238,0.850719,0.94912,0.0490039,0.502435,10,13,0.9,0.770747,0.782609,0.603193,0,4,0.889596,0.769698,0.825315,0.448602,0.583363,0.507183,0.972694,0.0138163,0.293231,1.53267,0.910363,0.120671,8094.33,1,1.37937,0.0860028,39.1914,,,,,
fastsam-x,96,48,0.824923,0.954234,0.858905,0.930404,0.0524479,0.440379,10,16,0.8,0.784021,0.615385,0.482474,0,5,0.82126,0.739215,0.778081,0.386616,0.566912,0.459718,0.970617,0.0160956,0.306574,1.83231,0.887065,0.123403,7495.11,0.777778,1.32447,0.375108,40.0402,,,,,
fastsam-x,96,56,0.820889,0.972344,0.840513,0.938379,0.0567611,0.470174,10,15,0.8,0.767805,0.64,0.491395,0,4,0.852645,0.737042,0.79064,0.397768,0.540666,0.458337,0.970997,0.00947202,0.25614,1.74946,0.867929,0.0466467,8048.22,1,1.90966,1.45476,39.8426,,,,,
fastsam-x,96,64,0.796767,0.974195,0.813946,0.931857,0.0643848,0.517154,10,14,0.7,0.771826,0.666667,0.51455,0,4,0.84017,0.701967,0.764876,0.400845,0.476055,0.435225,0.965375,0.0134884,0.3093,1.98373,0.896051,0.0352161,8681.62,1,1.93114,2.7933,39.1482,4.41946,3.16314,2.875,0.603835,176.196
fastsam-x,96,72,0.856125,0.980994,0.870564,0.953095,0.0443034,0.513882,10,15,0.8,0.801619,0.64,0.513036,0,5,0.847508,0.752104,0.796961,0.421025,0.581526,0.488428,0.974405,0.00993055,0.260038,1.52489,0.884026,0.103187,7983.11,1,1.46782,0.0826156,39.9274,,,,,
fastsam-x,96,80,0.780279,0.89182,0.861853,0.884721,0.0777507,0.50042,10,16,0.8,0.810842,0.615385,0.49898,0,5,0.778646,0.752482,0.76534,0.388855,0.565358,0.460782,0.97655,0.00947567,0.241926,1.3347,0.891629,0.114989,8426.44,1,1.88519,1.05224,40.0454,,,,,
fastsam-x,96,88,0.767033,0.955151,0.795691,0.91293,0.077002,0.487041,10,18,0.6,0.774804,0.5,0.387402,0,4,0.795695,0.662856,0.723226,0.317534,0.459894,0.37568,0.96733,0.012199,0.290689,2.05798,0.872678,0.0374383,8371,1,1.68451,4.28293,40.503,,,,,
fastsam-x,96,96,0.837108,0.982958,0.849436,0.94855,0.0572493,0.517196,10,14,0.8,0.784683,0.75,0.588512,0,4,0.879409,0.759953,0.815329,0.409263,0.557814,0.472129,0.973309,0.00975786,0.277793,1.57255,0.904064,0.042087,9212.89,1,1.85073,2.7917,38.7524,4.55596,3.74941,3.11111,0.496476,195.335
fastsam-x,96,104,0.666804,0.778854,0.822535,0.788517,0.131566,0.414125,10,17,0.8,0.789846,0.592593,0.468057,0,4,0.701502,0.740845,0.720637,0.34975,0.584324,0.437583,0.965386,0.0124853,0.346344,2.09359,0.841358,0.206367,8347.11,0.888889,1.76215,1.81135,40.9106,,,,,
fastsam-x,96,112,0.900515,0.986374,0.911859,0.968117,0.0357682,0.557531,9,15,1,0.819596,0.75,0.614697,0,5,0.891258,0.823928,0.856272,0.446695,0.624113,0.520706,0.977088,0.00695005,0.209895,1.34615,0.932454,0.0837109,10188.6,1,1.80302,1.13024,38.6398,,,,,
fastsam-x,96,120,0.806851,0.917082,0.870344,0.905856,0.0744824,0.478662,10,17,0.8,0.770412,0.666667,0.513608,0,4,0.799777,0.759017,0.778864,0.338558,0.489221,0.400179,0.960779,0.0144706,0.311151,2.10396,0.904341,0.0547702,9633.22,1,1.9546,6.28981,39.4227,,,,,
fastsam-x,96,128,0.773728,0.847077,0.89935,0.858594,0.0944531,0.434265,9,15,0.888889,0.84635,0.666667,0.564233,0,4,0.769625,0.817119,0.792661,0.337709,0.582947,0.427666,0.973512,0.00860223,0.241636,1.68372,0.923551,0.0516783,10208,0.777778,1.89479,2.05848,38.8508,4.35102,3.58573,2.88889,0.461552,200.265
fastsam-x,96,136,0.143679,0.659287,0.155204,0.37684,0.308512,0.134666,9,7,0.333333,0.692418,0.375,0.259657,0,0,0.643905,0.151583,0.245396,0.355742,0.1982,0.254568,0.958749,0.0228297,0.412472,2.86078,0.824386,0.0603756,4052.5,0.5,10.1611,11.6605,37.8758,,,,,
fastsam-x,96,144,0.877787,0.981368,0.892664,0.959368,0.0450456,0.5312,10,15,0.8,0.822451,0.64,0.526368,0,4,0.870584,0.791893,0.829376,0.390148,0.587526,0.468913,0.958776,0.0150633,0.326877,1.98357,0.914572,0.136884,10066.4,0.777778,1.53815,3.59361,38.8497,,,,,
fastsam-x,96,152,0.859907,0.966583,0.886254,0.94678,0.0501302,0.535694,9,17,0.888889,0.804532,0.615385,0.495097,0,4,0.84262,0.772593,0.806088,0.365382,0.563733,0.443386,0.965401,0.0110036,0.28328,2.03212,0.896757,0.125561,9373.44,0.888889,1.3818,6.90473,39.3392,,,,,
fastsam-x,96,160,0.193012,0.977553,0.193872,0.505762,0.283906,0.12722,9,6,0.333333,0.725446,0.4,0.290178,0,0,0.968368,0.19205,0.320531,0.35108,0.16164,0.221363,0.969682,0.00954227,0.231515,1.5722,0.67558,0.337257,3556.5,0.333333,8.85878,23.6647,37.0029,15.7714,2.60827,2.16667,0.528589,105.622
fastsam-x,96,168,0.249393,0.755998,0.271225,0.535233,0.263636,0.140826,9,10,0.333333,0.65405,0.421053,0.27539,0,0,0.741923,0.266175,0.39179,0.251868,0.176038,0.207234,0.87244,0.08574,1.20187,3.36769,0.613143,0.322475,3428.88,0.375,8.67285,20.2418,38.1155,,,,,
fastsam-x,96,176,0.854397,0.971479,0.87638,0.947746,0.0499414,0.498334,9,16,0.888889,0.79598,0.64,0.509427,0,5,0.831046,0.749693,0.788276,0.335956,0.568253,0.422265,0.965192,0.0114723,0.275933,1.9188,0.910383,0.141026,8772.56,1,1.10565,5.25398,38.9809,,,,,
fastsam-x,96,184,0.767467,0.958155,0.794082,0.914548,0.0736914,0.506519,9,15,0.888889,0.77828,0.666667,0.518853,0,4,0.84524,0.700503,0.766095,0.379647,0.533333,0.443555,0.948599,0.0110629,0.337775,2.04954,0.931127,0.138062,8499.25,0.75,1.14913,6.34063,38.9061,,,,,
fastsam-x,96,192,0.541124,0.811151,0.619122,0.75697,0.158714,0.450602,9,15,0.666667,0.813554,0.583333,0.474573,0,1,0.743136,0.567209,0.643363,0.406177,0.576074,0.476432,0.95479,0.0146849,0.461782,2.21414,0.839803,0.250371,6050.56,0.666667,1.07655,1.92316,38.8573,10.3373,3.4456,2.77778,0.45324,172.016
fastsam-x,96,200,0.766633,0.983406,0.77668,0.926498,0.0660645,0.425429,9,11,0.777778,0.814347,0.7,0.570043,0,2,0.912178,0.720425,0.80504,0.366872,0.527165,0.432649,0.971843,0.0154486,0.301115,1.83257,0.975542,0.189224,8995.71,0.857143,1.01844,3.06481,38.1364,,,,,
fastsam-x,96,208,0.848802,0.968661,0.872769,0.944708,0.045166,0.51572,8,13,1,0.799195,0.761905,0.60891,0,3,0.871922,0.785606,0.826517,0.340465,0.574511,0.427554,0.971987,0.00966556,0.246746,1.66397,0.939383,0.0986552,8977.62,0.875,0.765929,5.61993,39.1264,,,,,
fastsam-x,96,216,0.895582,0.975876,0.915858,0.961338,0.0287565,0.512722,8,14,1,0.819121,0.727273,0.595725,0,4,0.857704,0.804954,0.830492,0.331604,0.603129,0.42793,0.974031,0.009789,0.253704,1.40977,0.948169,0.120477,8501,0.875,0.589138,3.63498,39.0785,,,,,
fastsam-x,96,224,0.818975,0.98432,0.829801,0.943764,0.0486458,0.406799,8,12,0.875,0.775499,0.8,0.620399,0,3,0.886744,0.747542,0.811215,0.328227,0.611328,0.427126,0.967062,0.0108292,0.287436,1.65157,0.962449,0.366765,7802.12,0.875,0.536392,1.37491,42.0936,4.13062,3.74592,2.5,0.574213,164.061
fastsam-x,96,232,0.86396,0.974397,0.884028,0.951941,0.0348014,0.437003,8,11,1,0.823325,0.842105,0.693327,0,3,0.904406,0.820528,0.860427,0.355568,0.634304,0.455692,0.95852,0.0107201,0.320741,1.86173,0.972765,0.131964,8135,0.875,0.554785,2.36465,38.4135,,,,,
fastsam-x,96,240,0.66923,0.70745,0.925303,0.748096,0.107682,0.432253,7,11,1,0.812996,0.777778,0.632331,0,2,0.628459,0.821988,0.712312,0.350501,0.559873,0.431111,0.950795,0.0260984,0.43427,2.57089,0.950883,0.0707007,8901.14,1,0.627987,4.59278,37.9518,,,,,
fastsam-x,96,248,0.676671,0.960529,0.696025,0.883085,0.0758529,0.375319,8,8,0.625,0.81007,0.625,0.506294,0,2,0.88716,0.64286,0.745506,0.341656,0.469926,0.395654,0.816506,0.156683,3.10114,8.71403,0.980364,0.945023,7869.17,0.833333,0.452036,2.23344,37.2306,,,,,
fastsam-x,97,0,0.702713,0.850895,0.801396,0.838937,0.0779362,0.41596,10,14,0.8,0.743737,0.75,0.557803,0,3,0.758683,0.714549,0.735955,0.324192,0.595331,0.419786,0.976263,0.0100743,0.278392,1.78195,0.884641,0.0980929,5172.7,0.8,1.51071,6.23447,43.0625,6.72259,5.12121,1.9,0.493063,180.444
fastsam-x,97,8,0.781937,0.984921,0.791411,0.932314,0.060778,0.457988,10,13,0.7,0.744633,0.782609,0.582756,0,3,0.857876,0.689327,0.764421,0.409341,0.493302,0.447416,0.877157,0.105919,2.60949,5.34884,0.872389,0.271282,6459.7,0.9,1.44925,0.723315,38.508,,,,,
fastsam-x,97,16,0.800984,0.95369,0.833399,0.922948,0.0615951,0.445985,10,15,0.9,0.736037,0.72,0.529947,0,2,0.824655,0.720639,0.769146,0.408948,0.546351,0.467768,0.968861,0.0115591,0.408138,1.58861,0.930502,0.240699,6727.2,0.7,1.43667,2.25926,42.5537,,,,,
fastsam-x,97,24,0.7681,0.967541,0.788416,0.91934,0.0677311,0.42549,10,14,0.8,0.731845,0.75,0.548884,0,3,0.847113,0.690283,0.760699,0.403692,0.541159,0.462426,0.968913,0.00779053,0.274849,1.44808,0.917878,0.198122,6178.6,0.8,1.4986,0.417125,38.9198,,,,,
fastsam-x,97,32,0.758122,0.979146,0.770564,0.921578,0.0688053,0.418338,10,15,0.7,0.724381,0.72,0.521555,0,4,0.850933,0.669664,0.749494,0.37622,0.556479,0.44893,0.965614,0.00649246,0.31785,1.37926,0.8941,0.229175,5911.1,0.9,1.651,2.65666,43.4748,7.9228,5.61795,1.9,0.412957,179.999
fastsam-x,97,40,0.754173,0.926142,0.802435,0.894325,0.0789518,0.414276,10,16,0.7,0.704276,0.769231,0.54175,0,3,0.79066,0.68505,0.734076,0.374087,0.556933,0.447555,0.97789,0.00605142,0.233443,1.31091,0.916176,0.171743,6486.5,0.9,1.40308,0.142836,39.4997,,,,,
fastsam-x,97,48,0.763512,0.915399,0.821479,0.891868,0.0744466,0.444403,10,18,0.5,0.702868,0.642857,0.451844,0,5,0.74916,0.672296,0.70865,0.357109,0.586961,0.444054,0.978086,0.00710399,0.227624,1.4269,0.862435,0.171644,6184.5,0.9,1.26655,0.243849,40.5655,,,,,
fastsam-x,97,56,0.772536,0.979568,0.785189,0.926631,0.067181,0.409234,10,14,0.7,0.70624,0.75,0.52968,0,3,0.822626,0.659389,0.732018,0.387808,0.562416,0.45907,0.969439,0.00697151,0.29447,1.5564,0.897801,0.21349,6041.7,0.9,1.75009,1.37659,38.7941,,,,,
fastsam-x,97,64,0.737242,0.975698,0.751034,0.912692,0.0718717,0.411987,10,15,0.7,0.762145,0.56,0.426801,0,4,0.817804,0.629496,0.7114,0.361616,0.564389,0.440801,0.964338,0.00710975,0.262207,1.63336,0.877839,0.141919,5356.9,0.8,1.729,2.87533,38.8869,6.72962,4.85344,2.3,0.4157,194.799
fastsam-x,97,72,0.739912,0.916595,0.793325,0.884865,0.0789323,0.451701,10,16,0.6,0.705971,0.769231,0.543055,0,4,0.817337,0.707417,0.758415,0.399207,0.603184,0.480442,0.97581,0.00883358,0.258113,1.57538,0.905861,0.200614,6300.6,0.7,1.42151,0.658445,39.8877,,,,,
fastsam-x,97,80,0.748618,0.890741,0.824312,0.874478,0.0764062,0.397889,10,18,0.7,0.75398,0.571429,0.430846,0,5,0.743265,0.687835,0.714476,0.322804,0.514879,0.396821,0.973817,0.0113015,0.264007,1.89697,0.870642,0.148694,6007.4,0.8,1.561,0.209019,41.0296,,,,,
fastsam-x,97,88,0.718894,0.97999,0.729603,0.908074,0.0703809,0.384335,10,14,0.5,0.725349,0.583333,0.42312,0,4,0.842313,0.627103,0.718948,0.323364,0.515659,0.397476,0.966011,0.00537748,0.255142,1.43401,0.863971,0.160285,4880.9,0.6,1.48634,3.8564,42.306,,,,,
fastsam-x,97,96,0.741748,0.900252,0.808168,0.877187,0.0700163,0.418686,10,15,0.7,0.724464,0.72,0.521614,0,4,0.754412,0.677245,0.713749,0.330523,0.551919,0.413448,0.98209,0.00545205,0.195135,1.17285,0.859748,0.140146,5269.9,0.8,1.59395,2.40258,41.3321,7.89103,4.46829,2.2,0.417937,207.588
fastsam-x,97,104,0.685865,0.82477,0.802856,0.819608,0.0999219,0.412543,10,14,0.8,0.815494,0.666667,0.543663,0,2,0.792934,0.771865,0.782258,0.42135,0.513955,0.463068,0.971337,0.0103326,0.405879,2.03568,0.914908,0.243064,7408.22,0.666667,1.64198,1.71395,39.9377,,,,,
fastsam-x,97,112,0.829257,0.984895,0.839939,0.947173,0.0449707,0.500211,10,11,0.8,0.801399,0.761905,0.61059,1,2,0.891332,0.760146,0.820529,0.438675,0.506555,0.470178,0.962348,0.0203186,1.11903,8.54291,0.924324,0.180832,7133.11,0.777778,1.81842,0.772383,38.2243,,,,,
fastsam-x,97,120,0.714845,0.988668,0.72075,0.910559,0.0635547,0.399205,10,14,0.5,0.767877,0.5,0.383938,0,4,0.838925,0.611586,0.70744,0.293762,0.488415,0.366867,0.972009,0.0160054,0.379748,2.40997,0.845837,0.141615,4236.4,0.4,1.76514,6.03888,41.6196,,,,,
fastsam-x,97,128,0.735005,0.850089,0.844461,0.848784,0.079043,0.433737,10,12,0.8,0.794289,0.727273,0.577665,0,2,0.767554,0.762473,0.765005,0.33672,0.513073,0.406598,0.902811,0.0800736,4.54857,8.85176,0.902662,0.233201,6772.7,0.7,1.78315,1.72824,41.9158,4.77809,4.43868,2,0.524088,188.826
fastsam-x,97,136,0.570481,0.939893,0.592082,0.827689,0.125166,0.359278,10,13,0.6,0.746671,0.608696,0.454495,0,2,0.876932,0.55242,0.677839,0.376759,0.375873,0.376316,0.97796,0.00448763,0.191806,1.25265,0.925935,0.286928,6087.75,0.75,2.11966,2.45076,39.0091,,,,,
fastsam-x,97,144,0.735405,0.97071,0.752093,0.909689,0.0722754,0.449623,10,12,0.7,0.761335,0.727273,0.553698,0,2,0.890423,0.689888,0.777432,0.376445,0.519423,0.436525,0.972587,0.00930982,0.281907,1.68292,0.926003,0.244865,6521.11,0.777778,1.63214,3.11272,38.3741,,,,,
fastsam-x,97,152,0.686382,0.970613,0.700949,0.891469,0.0897526,0.338708,10,13,0.7,0.757347,0.608696,0.460994,0,3,0.863136,0.623332,0.72389,0.282985,0.48083,0.356285,0.975844,0.00388944,0.172892,1.22788,0.872851,0.167426,5519.5,0.6,1.04188,5.74772,38.4847,,,,,
fastsam-x,97,160,0.775652,0.967652,0.7963,0.921873,0.0662988,0.43251,10,15,0.6,0.718719,0.64,0.45998,1,4,0.809894,0.666478,0.73122,0.341082,0.528082,0.414465,0.954644,0.0208251,0.445398,2.52442,0.819283,0.127134,6175.5,0.7,1.42199,2.59269,39.6076,8.02354,4.61905,2.4,0.43537,174.655
fastsam-x,97,168,0.720366,0.886474,0.793576,0.863157,0.0972201,0.360654,10,17,0.6,0.751536,0.518519,0.389685,1,4,0.739397,0.661912,0.698512,0.2743,0.468421,0.345992,0.951815,0.0302197,0.675006,4.28954,0.851948,0.202605,6889.9,0.7,1.36756,1.09433,40.1089,,,,,
fastsam-x,97,176,0.721208,0.967732,0.738978,0.903211,0.083252,0.330156,10,14,0.5,0.703186,0.666667,0.46879,0,4,0.773528,0.59068,0.66985,0.240311,0.445142,0.312122,0.968101,0.00540006,0.226284,1.59029,0.848365,0.196653,5486.1,0.7,1.05869,4.56379,38.7819,,,,,
fastsam-x,97,184,0.695616,0.965501,0.713347,0.892682,0.0935189,0.317207,10,13,0.6,0.726506,0.608696,0.442221,0,3,0.821709,0.607108,0.698292,0.241133,0.485593,0.322247,0.968538,0.00561222,0.227624,1.55353,0.869241,0.200817,5823.7,0.7,0.766933,4.58609,38.0715,,,,,
fastsam-x,97,192,0.709062,0.903925,0.766855,0.868116,0.103548,0.329719,10,17,0.6,0.751505,0.518519,0.389669,0,5,0.747382,0.634051,0.686068,0.251827,0.450144,0.322971,0.956875,0.0152438,0.418896,3.19349,0.830196,0.147783,6665.6,0.6,0.967703,1.97882,40.4823,9.62261,5.46487,2.4,0.510081,170.928
fastsam-x,97,200,0.612719,0.922918,0.645765,0.839747,0.139977,0.294961,10,14,0.3,0.674126,0.583333,0.39324,0,3,0.735505,0.514632,0.605557,0.241752,0.426958,0.308707,0.869267,0.0947437,1.88369,5.49201,0.778891,0.165269,6156.8,0.7,0.727267,2.40846,39.8224,,,,,
fastsam-x,97,208,0.653898,0.921614,0.692406,0.856207,0.111497,0.305341,10,14,0.4,0.697865,0.583333,0.407088,0,3,0.763832,0.573865,0.65536,0.212801,0.441196,0.287117,0.954595,0.00923677,0.291224,1.9971,0.858645,0.21568,5670.5,0.7,0.614961,4.51339,38.5381,,,,,
fastsam-x,97,216,0.663833,0.931453,0.697929,0.864686,0.115986,0.284737,10,15,0.5,0.702897,0.48,0.337391,0,4,0.701201,0.525403,0.600704,0.203402,0.405002,0.270801,0.946923,0.0136413,0.450582,4.25991,0.82672,0.166607,5608.2,0.6,0.559737,3.13587,40.1757,,,,,
fastsam-x,97,224,0.681695,0.946783,0.708856,0.87872,0.12139,0.298516,10,18,0.4,0.692766,0.428571,0.2969,0,4,0.694297,0.51982,0.594521,0.203628,0.393158,0.268297,0.860569,0.108167,2.74557,5.12513,0.768785,0.269584,6382.5,0.7,0.52322,1.47374,41.1855,10.4939,4.97716,2.3,0.334043,163.223
fastsam-x,97,232,0.666414,0.97437,0.678305,0.885207,0.116087,0.286127,10,16,0.4,0.820458,0.307692,0.252449,0,4,0.733632,0.510716,0.602207,0.194869,0.424406,0.267098,0.96664,0.00854878,0.256918,1.47427,0.839876,0.224045,5570.6,0.6,0.387981,1.4222,39.8275,,,,,
fastsam-x,97,240,0.648479,0.962085,0.665486,0.872362,0.0944759,0.30868,10,13,0.5,0.735572,0.608696,0.447739,0,3,0.801747,0.554578,0.655641,0.213006,0.38143,0.273358,0.959961,0.00886556,0.407539,5.08206,0.881725,0.206108,4648.4,0.5,0.477601,3.52294,38.8402,,,,,
fastsam-x,97,248,0.636825,0.932792,0.66745,0.854407,0.118135,0.289795,10,16,0.4,0.696791,0.461538,0.321596,0,4,0.713285,0.510384,0.595012,0.193524,0.412219,0.263393,0.96582,0.00616782,0.236079,1.30955,0.848296,0.158283,5056.2,0.6,0.43541,1.1739,39.6935,,,,,
fastsam-x,98,0,0.679006,0.819184,0.798713,0.814368,0.109632,0.488146,10,12,0.8,0.838799,0.727273,0.610036,0,2,0.777053,0.757635,0.767221,0.445514,0.61517,0.516774,0.972414,0.0187163,0.382778,2.44022,0.90315,0.0985634,7757,1,1.49213,6.38582,42.0959,5.30287,4.54064,2.66667,0.502242,201.438
fastsam-x,98,8,0.673032,0.981018,0.681912,0.890845,0.111315,0.456197,10,12,0.8,0.818819,0.727273,0.595505,0,3,0.918078,0.638162,0.752946,0.463827,0.539216,0.498688,0.877931,0.103651,3.19248,5.9762,0.846287,0.16709,7557.56,0.777778,1.27255,0.31818,38.8996,,,,,
fastsam-x,98,16,0.76927,0.94546,0.804992,0.908862,0.0782454,0.33518,9,15,0.888889,0.791214,0.666667,0.527476,0,3,0.800694,0.681734,0.736441,0.312207,0.471688,0.375725,0.973211,0.00942744,0.255583,1.58294,0.92,0.230219,7739.78,0.888889,1.3223,1.25117,39.5589,,,,,
fastsam-x,98,24,0.672218,0.960853,0.691146,0.881474,0.11501,0.454698,10,14,0.8,0.815114,0.666667,0.543409,0,3,0.882415,0.634725,0.738351,0.438064,0.519059,0.475135,0.967211,0.0095382,0.279036,1.73333,0.849467,0.21636,7589.33,0.777778,1.19678,1.5231,39.3403,,,,,
fastsam-x,98,32,0.707463,0.977984,0.718913,0.902898,0.0997331,0.511806,10,13,0.8,0.809874,0.695652,0.563391,0,3,0.883675,0.649587,0.748761,0.454026,0.519343,0.484493,0.97452,0.0119467,0.260379,1.77359,0.834445,0.17032,7646.67,0.777778,1.57435,3.3513,40.1105,9.16124,3.3937,2.55556,0.497232,183.352
fastsam-x,98,40,0.73311,0.90494,0.794277,0.876751,0.0944141,0.336083,10,14,0.8,0.824596,0.666667,0.549731,0,3,0.815775,0.716016,0.762647,0.34573,0.557423,0.426767,0.973773,0.0174833,0.294995,1.873,0.917871,0.143156,8203.56,0.888889,1.21243,1.06652,39.3709,,,,,
fastsam-x,98,48,0.742842,0.896781,0.812294,0.87576,0.086862,0.308261,10,15,0.7,0.810795,0.56,0.454045,0,3,0.748653,0.678122,0.711644,0.291112,0.459693,0.356476,0.968384,0.017302,0.358292,2.08536,0.87853,0.191098,7402.44,0.888889,1.19337,0.179494,39.3861,,,,,
fastsam-x,98,56,0.686697,0.967603,0.702856,0.890221,0.103532,0.466679,10,12,0.8,0.828382,0.727273,0.60246,0,2,0.916426,0.665682,0.771184,0.460861,0.51426,0.486099,0.958479,0.0138523,0.331825,2.22363,0.856399,0.126672,7616.44,0.777778,1.67769,1.63141,38.6711,,,,,
fastsam-x,98,64,0.70103,0.974457,0.714153,0.898851,0.0959147,0.494601,10,10,0.8,0.858514,0.8,0.686811,0,1,0.949394,0.695785,0.803042,0.547044,0.528548,0.537637,0.964625,0.0111403,0.27857,2.06251,0.87511,0.162314,7747.56,0.777778,1.65475,3.07371,40.8885,9.45048,4.44395,2.66667,0.44913,182.231
fastsam-x,98,72,0.804939,0.970787,0.824921,0.932726,0.0615234,0.336195,10,12,0.9,0.797239,0.818182,0.652286,0,2,0.918123,0.78017,0.843544,0.370271,0.501417,0.425978,0.969114,0.0125898,0.290599,1.64366,0.952469,0.149981,8473,0.888889,1.36933,0.00295646,39.0037,,,,,
fastsam-x,98,80,0.725563,0.873481,0.81077,0.858164,0.0956901,0.333906,10,12,0.9,0.807741,0.818182,0.660879,0,1,0.856814,0.795299,0.824911,0.399086,0.52349,0.452901,0.968544,0.0123098,0.281118,1.72556,0.964579,0.193893,8777.78,1,1.58564,0.29479,38.2395,,,,,
fastsam-x,98,88,0.70071,0.960069,0.721744,0.89209,0.09611,0.505239,10,12,0.8,0.844092,0.727273,0.613885,0,1,0.915694,0.688384,0.785934,0.516112,0.523192,0.519628,0.969386,0.0130846,0.290896,1.78255,0.861934,0.122583,7591.56,0.777778,1.47083,3.93526,38.5688,,,,,
fastsam-x,98,96,0.797598,0.976388,0.813286,0.933199,0.0663346,0.432178,10,12,0.8,0.803197,0.818182,0.657161,0,3,0.930829,0.775337,0.845997,0.455266,0.600983,0.518073,0.974185,0.010912,0.257789,1.76256,0.931487,0.124841,8756.11,1,1.56939,2.74584,39.4057,4.68156,4.36635,2.11111,0.520502,196.768
fastsam-x,98,104,0.757818,0.879506,0.845611,0.871445,0.0827669,0.337415,10,13,0.9,0.796814,0.782609,0.623593,0,1,0.834083,0.801939,0.817695,0.392269,0.504278,0.441277,0.944082,0.0348412,1.30653,6.35635,0.95751,0.272691,7848,0.9,1.63119,1.68307,38.6302,,,,,
fastsam-x,98,112,0.673591,0.859144,0.757214,0.833259,0.117188,0.321732,10,11,0.8,0.784739,0.761905,0.597896,0,1,0.819142,0.721958,0.767485,0.398657,0.49497,0.441623,0.94036,0.0382193,0.521729,2.41299,0.854087,0.108809,8119.89,0.888889,1.77531,0.725455,38.7049,,,,,
fastsam-x,98,120,0.715508,0.971388,0.730912,0.90284,0.093112,0.535906,10,9,0.8,0.850757,0.842105,0.716427,0,1,0.928233,0.69844,0.797106,0.590716,0.545843,0.567394,0.968574,0.0113839,0.288325,1.948,0.966356,0.085871,8892.62,1,1.74982,6.17066,37.7677,,,,,
fastsam-x,98,128,0.814865,0.976324,0.831291,0.938537,0.0605697,0.414662,10,11,0.9,0.798616,0.857143,0.684528,0,2,0.932848,0.794273,0.858001,0.434507,0.553563,0.486862,0.977725,0.0142837,0.269928,1.74435,0.939721,0.177359,8929.44,1,1.88946,1.66863,38.7035,5.49564,4.77584,2.22222,0.514878,222.379
fastsam-x,98,136,0.632526,0.742741,0.809979,0.757248,0.143828,0.298969,10,14,0.8,0.77121,0.75,0.578408,0,0,0.732467,0.798775,0.764186,0.359954,0.51993,0.425399,0.971434,0.0130604,0.336345,1.46586,0.971832,0.198683,8598.89,0.888889,2.0062,2.51729,39.3242,,,,,
fastsam-x,98,144,0.812787,0.968565,0.834809,0.93403,0.0621452,0.43496,10,13,0.9,0.770697,0.869565,0.670171,0,2,0.925562,0.797744,0.856913,0.439325,0.558556,0.491817,0.972313,0.0101156,0.272448,1.65157,0.924795,0.137533,8125.9,0.9,1.80163,3.27504,42.3656,,,,,
fastsam-x,98,152,0.758047,0.967725,0.777709,0.916074,0.0761686,0.470219,10,12,0.7,0.800048,0.727273,0.581853,0,1,0.919477,0.738935,0.819379,0.44077,0.59914,0.507896,0.956356,0.0278984,0.468386,2.81762,0.899574,0.168147,7187.3,0.8,1.31538,6.17723,37.8827,,,,,
fastsam-x,98,160,0.796213,0.952738,0.828955,0.921001,0.0667773,0.406258,10,14,0.9,0.755921,0.833333,0.629934,0,2,0.915424,0.79649,0.851826,0.411989,0.52425,0.461389,0.967927,0.00883612,0.283592,1.75084,0.945696,0.193593,7947.3,0.9,1.72017,2.2307,42.0489,5.23184,4.33466,3.1,0.473281,203.269
fastsam-x,98,168,0.788759,0.972434,0.806798,0.928447,0.0646452,0.375398,10,14,0.7,0.77544,0.666667,0.51696,0,2,0.9314,0.772753,0.844692,0.41887,0.539613,0.471637,0.970373,0.00866298,0.270259,1.52889,0.928403,0.29609,7310.7,0.7,1.66651,1.14957,43.1657,,,,,
fastsam-x,98,176,0.785261,0.962603,0.809971,0.922487,0.0670215,0.47548,10,14,0.8,0.761255,0.75,0.570941,0,2,0.903343,0.760107,0.825558,0.424476,0.584624,0.491842,0.96201,0.0122436,0.29881,1.93661,0.914476,0.117177,7283.2,0.8,1.3814,4.79458,41.3154,,,,,
fastsam-x,98,184,0.761648,0.960303,0.786408,0.913679,0.0737077,0.447288,10,13,0.7,0.780781,0.695652,0.543152,0,1,0.903751,0.740096,0.813777,0.410398,0.557557,0.472791,0.951603,0.0124042,0.356498,1.96918,0.893954,0.142445,7048.8,0.8,1.02218,5.64457,38.6181,,,,,
fastsam-x,98,192,0.788094,0.973777,0.805182,0.928893,0.0645182,0.420106,10,13,0.6,0.795714,0.608696,0.484348,0,2,0.926866,0.766393,0.839026,0.441463,0.539771,0.485692,0.964406,0.0108354,0.281028,1.49147,0.915467,0.243336,7995.44,0.777778,1.23778,2.41554,42.4118,4.92761,4.0141,2.66667,0.485089,207.504
fastsam-x,98,200,0.786934,0.973412,0.80422,0.928342,0.0663411,0.410101,9,13,0.555556,0.746412,0.636364,0.474989,0,3,0.87536,0.723212,0.792045,0.369847,0.490689,0.421783,0.957551,0.00997863,0.310695,1.59099,0.874681,0.272933,7749.44,0.777778,1.3615,2.65591,40.2043,,,,,
fastsam-x,98,208,0.751349,0.964917,0.772451,0.912452,0.0784277,0.434564,10,13,0.5,0.784194,0.521739,0.409145,0,2,0.835478,0.668831,0.742924,0.349704,0.51083,0.415183,0.935872,0.0150153,0.379843,1.92964,0.857657,0.149202,7294.33,0.888889,0.921614,5.01461,40.198,,,,,
fastsam-x,98,216,0.772061,0.977216,0.786214,0.925339,0.0720931,0.432465,10,12,0.6,0.791312,0.545455,0.431625,0,3,0.837867,0.674101,0.747115,0.342565,0.504635,0.408098,0.971149,0.0102583,0.228487,1.23911,0.869016,0.154015,8277.12,1,0.876675,3.38542,39.2301,,,,,
fastsam-x,98,224,0.757945,0.953913,0.786756,0.909328,0.0773535,0.353276,10,13,0.7,0.804347,0.608696,0.489602,0,2,0.891416,0.73521,0.805813,0.340214,0.482306,0.398987,0.954183,0.0139745,0.322776,1.26386,0.92074,0.127009,7936.89,0.777778,0.564328,1.24767,41.189,4.5724,3.90606,2.66667,0.512282,214.74
fastsam-x,98,232,0.752261,0.978982,0.76461,0.919491,0.0744499,0.394428,9,11,0.666667,0.787801,0.6,0.47268,0,3,0.894459,0.698595,0.784486,0.330428,0.472772,0.388987,0.964574,0.0138395,0.329418,1.81118,0.923209,0.148411,8154.75,0.875,0.640786,2.58421,38.317,,,,,
fastsam-x,98,240,0.597777,0.718553,0.78053,0.731966,0.152048,0.367243,9,12,0.777778,0.771157,0.761905,0.587549,0,2,0.648911,0.704881,0.675739,0.287872,0.491438,0.363068,0.963866,0.0130635,0.278831,1.60748,0.909678,0.198145,7197.89,0.666667,0.65273,4.78792,40.1053,,,,,
fastsam-x,98,248,0.804224,0.978334,0.818807,0.93624,0.0566439,0.40091,9,12,1,0.750733,0.857143,0.643485,0,3,0.898117,0.75167,0.818393,0.318029,0.468174,0.378765,0.961217,0.00940436,0.269565,1.36575,0.942368,0.281032,7495.11,0.777778,0.509548,2.35536,40.3176,,,,,
fastsam-x,99,0,0.722264,0.862801,0.815981,0.851525,0.100869,0.46125,10,14,0.7,0.763172,0.666667,0.508782,0,1,0.794512,0.751397,0.772353,0.310188,0.494582,0.381261,0.965939,0.00962642,0.246319,1.56744,0.892586,0.140973,8487.33,0.777778,1.43223,6.51303,39.9509,5.45804,3.89245,2.22222,0.505602,192.971
fastsam-x,99,8,0.845136,0.993371,0.84993,0.956133,0.0522917,0.489891,9,16,0.777778,0.771981,0.56,0.432309,0,5,0.839945,0.718658,0.774583,0.321221,0.55665,0.407366,0.990464,0.00248886,0.115169,0.758442,0.885886,0.233351,9330.5,0.875,1.38923,0.474765,44.0304,,,,,
fastsam-x,99,16,0.784356,0.913113,0.847618,0.897116,0.0777441,0.465378,10,18,0.6,0.73465,0.571429,0.4198,0,4,0.752856,0.698856,0.724852,0.28715,0.51231,0.368023,0.982519,0.00540964,0.178474,1.05651,0.881368,0.269717,9084.62,1,1.29612,1.24636,42.78,,,,,
fastsam-x,99,24,0.843102,0.973661,0.862779,0.945616,0.0530957,0.530657,8,17,0.625,0.755468,0.56,0.423062,0,5,0.81465,0.721877,0.765463,0.316065,0.555605,0.402921,0.984354,0.00258541,0.135902,0.83662,0.857437,0.316494,9277,0.75,1.42109,0.911327,40.1548,,,,,
fastsam-x,99,32,0.835345,0.979122,0.850495,0.946102,0.0552767,0.518578,10,15,0.7,0.792386,0.56,0.443736,0,3,0.850569,0.73883,0.790771,0.344998,0.566255,0.428765,0.980632,0.00219018,0.141414,1.19449,0.896582,0.216013,9491.75,0.875,1.53248,3.41219,40.0252,6.97939,4.51392,1.75,0.481877,153.913
fastsam-x,99,40,0.798,0.917347,0.85982,0.903399,0.0715267,0.524028,10,17,0.5,0.713214,0.592593,0.422645,0,5,0.74307,0.696472,0.719017,0.319448,0.550464,0.404281,0.972945,0.010383,0.241971,1.6548,0.843158,0.167775,8973.62,0.625,1.30611,0.562407,43.7625,,,,,
fastsam-x,99,48,0.76023,0.903299,0.827583,0.884622,0.0850846,0.445723,10,20,0.4,0.753871,0.4,0.301548,0,5,0.706911,0.647657,0.675988,0.265097,0.468484,0.338596,0.962906,0.0211122,0.373601,2.15902,0.819458,0.157683,8327.5,0.75,1.29848,0.131347,40.9994,,,,,
fastsam-x,99,56,0.828763,0.972485,0.848663,0.940808,0.0565527,0.535326,10,18,0.6,0.738101,0.5,0.369051,0,4,0.790301,0.689676,0.736568,0.322045,0.582317,0.414729,0.944183,0.0152798,0.447761,2.06479,0.870229,0.361545,7789.11,0.666667,1.6483,2.04939,44.7612,,,,,
fastsam-x,99,64,0.811095,0.978832,0.825576,0.938622,0.061875,0.513143,10,17,0.6,0.745438,0.518519,0.386523,0,4,0.803068,0.677332,0.73486,0.334142,0.572718,0.422047,0.939843,0.0182977,0.489392,2.08888,0.865517,0.115787,7589.56,0.666667,1.6554,3.29322,42.182,5.73791,4.02795,2.44444,0.367219,173.919
fastsam-x,99,72,0.714867,0.870882,0.799616,0.853331,0.10543,0.442606,10,22,0.4,0.733982,0.375,0.275243,0,5,0.673273,0.618178,0.644551,0.22483,0.409367,0.290251,0.970916,0.0137525,0.346989,1.76382,0.842268,0.304091,7149.56,0.555556,1.32611,0.161485,46.1996,,,,,
fastsam-x,99,80,0.721401,0.885834,0.795348,0.863172,0.103932,0.464579,10,17,0.6,0.817039,0.444444,0.363128,0,3,0.743552,0.6676,0.703532,0.298019,0.490472,0.370759,0.975943,0.00795666,0.295822,1.30632,0.872313,0.349851,7872.89,0.666667,1.47841,0.332995,40.936,,,,,
fastsam-x,99,88,0.756346,0.975665,0.770889,0.919311,0.0805143,0.490153,10,18,0.4,0.706994,0.428571,0.302997,0,5,0.762142,0.602181,0.672784,0.293769,0.54704,0.382259,0.868483,0.110925,3.10661,8.38044,0.79036,1.13921,6346.2,0.5,1.49998,4.08026,39.8697,,,,,
fastsam-x,99,96,0.756459,0.978599,0.769184,0.92075,0.0836719,0.468738,10,16,0.5,0.724516,0.538462,0.390124,0,3,0.833977,0.65551,0.734052,0.27233,0.454694,0.34064,0.968643,0.0114987,0.275796,1.35737,0.861345,0.177569,7757.11,0.555556,1.45811,3.39481,44.8665,5.85101,4.75267,1.88889,0.447913,192.526
fastsam-x,99,104,0.59646,0.818252,0.687549,0.783865,0.165495,0.366568,10,17,0.5,0.778798,0.444444,0.346132,0,2,0.701032,0.589053,0.640183,0.241117,0.368003,0.291344,0.767292,0.201678,5.49925,11.1796,0.691864,0.413671,7464,0.666667,1.56737,0.482176,42.979,,,,,
fastsam-x,99,112,0.735723,0.88786,0.811093,0.868882,0.104919,0.407986,10,18,0.6,0.742011,0.571429,0.424006,0,3,0.779539,0.712138,0.744316,0.262979,0.506778,0.34627,0.969162,0.00943781,0.250266,1.44686,0.872013,0.205901,8960.11,0.777778,1.66836,2.01495,41.4265,,,,,
fastsam-x,99,120,0.776725,0.977186,0.79107,0.926863,0.0770736,0.462354,10,14,0.7,0.775962,0.583333,0.452644,0,2,0.882667,0.714553,0.789763,0.330713,0.507128,0.400348,0.961973,0.0118701,0.316167,1.82509,0.89612,0.0932479,8509,0.777778,1.69691,6.24333,38.7108,,,,,
fastsam-x,99,128,0.723843,0.874925,0.807389,0.858356,0.116169,0.407304,10,16,0.6,0.77724,0.538462,0.418514,0,2,0.776096,0.716188,0.74494,0.271946,0.486005,0.348748,0.858069,0.11075,2.50881,5.80778,0.788867,0.206035,9695.89,0.777778,1.56365,4.01245,44.0163,9.76413,5.07031,2.44444,0.428805,219.656
fastsam-x,99,136,0.733248,0.869173,0.824214,0.858368,0.116859,0.361663,10,19,0.6,0.812674,0.413793,0.336279,0,3,0.742399,0.703997,0.722688,0.24053,0.468057,0.317764,0.969914,0.00917819,0.245338,1.49689,0.853311,0.437926,10846.5,0.875,2.19556,2.45861,42.5309,,,,,
fastsam-x,99,144,0.766728,0.903315,0.835275,0.886648,0.0959538,0.450371,10,17,0.6,0.784776,0.518519,0.406921,0,2,0.798454,0.738312,0.767206,0.306112,0.524727,0.386658,0.878651,0.0864588,1.55791,4.37093,0.86581,0.266836,10085.1,0.777778,1.75606,3.1727,40.6418,,,,,
fastsam-x,99,152,0.805948,0.970355,0.826293,0.932824,0.0710645,0.481426,10,18,0.8,0.734847,0.571429,0.419912,0,4,0.8407,0.715887,0.773289,0.292215,0.486286,0.365061,0.949877,0.0119567,0.317879,1.97892,0.898264,0.107456,8094.8,0.7,1.29333,6.16745,40.5362,,,,,
fastsam-x,99,160,0.753071,0.897156,0.824224,0.879203,0.103503,0.408916,10,17,0.6,0.834818,0.444444,0.37103,0,2,0.790463,0.726205,0.756973,0.288809,0.509862,0.368744,0.949286,0.0270315,0.375962,2.06094,0.860765,0.28346,11021.5,0.875,1.77882,2.60092,40.6799,5.24741,4.52142,2.375,0.44954,201.01
fastsam-x,99,168,0.719482,0.928355,0.76178,0.883759,0.116237,0.360533,10,20,0.5,0.730065,0.466667,0.340697,0,4,0.787781,0.64643,0.71014,0.258665,0.452086,0.329057,0.950538,0.0224662,0.567373,2.39274,0.841543,0.311607,8090.8,0.6,1.59178,1.13447,42.2608,,,,,
fastsam-x,99,176,0.76064,0.971722,0.777858,0.918874,0.0902539,0.450445,10,16,0.6,0.723605,0.538462,0.389633,0,3,0.838263,0.671025,0.745379,0.283351,0.438022,0.344105,0.933693,0.0252471,0.430329,2.39106,0.866349,0.26902,8762,0.777778,1.15243,5.10571,39.6098,,,,,
fastsam-x,99,184,0.79272,0.962999,0.817624,0.925043,0.0780436,0.441212,10,19,0.7,0.745102,0.482759,0.359704,0,4,0.812841,0.690134,0.746478,0.267113,0.476644,0.342364,0.963748,0.0132238,0.47078,1.77681,0.867166,0.16881,7924.9,0.6,0.950127,5.32972,41.218,,,,,
fastsam-x,99,192,0.679015,0.844046,0.776427,0.827417,0.142096,0.342466,10,24,0.5,0.696954,0.470588,0.327978,0,4,0.706519,0.649918,0.677037,0.226168,0.46424,0.304157,0.958342,0.00900332,0.394264,1.55625,0.860419,0.289929,7971.3,0.6,1.25774,2.44379,46.4889,7.64109,6.59048,2.4,0.406101,194.121
fastsam-x,99,200,0.706932,0.971962,0.721648,0.899927,0.11349,0.326242,10,21,0.5,0.700863,0.387097,0.271302,0,4,0.768145,0.570322,0.654614,0.231394,0.427147,0.300176,0.955971,0.00984391,0.311951,1.91585,0.75933,0.253414,6863.9,0.6,1.20325,3.42717,41.5962,,,,,
fastsam-x,99,208,0.620357,0.75473,0.777002,0.759756,0.170996,0.412536,10,20,0.6,0.758387,0.4,0.303355,0,4,0.635151,0.653894,0.644386,0.243503,0.472081,0.321285,0.949188,0.0123968,0.386001,1.7972,0.856103,0.307754,7454,0.7,0.776559,4.95462,41.2732,,,,,
fastsam-x,99,216,0.766143,0.9769,0.780279,0.923214,0.085804,0.361932,10,17,0.6,0.719851,0.518519,0.373256,0,5,0.802018,0.640596,0.712276,0.228328,0.414563,0.294471,0.970193,0.00477108,0.195474,1.06435,0.871048,0.150856,8092,0.777778,0.67701,4.58427,40.4729,,,,,
fastsam-x,99,224,0.69258,0.910709,0.743036,0.865631,0.120166,0.275262,10,25,0.5,0.709192,0.457143,0.324202,0,5,0.683417,0.557592,0.614126,0.158912,0.355584,0.219658,0.950442,0.0155793,0.437578,1.78204,0.874414,0.470568,6446.4,0.7,0.616,1.89302,41.8731,6.87641,5.42723,2.4,0.394242,216.697
fastsam-x,99,232,0.796988,0.980227,0.81001,0.93489,0.0722624,0.338354,9,17,0.666667,0.728681,0.538462,0.392367,0,4,0.783932,0.647802,0.709395,0.216603,0.397751,0.28047,0.96357,0.0127966,0.271447,1.45568,0.877123,0.171152,8012.67,0.888889,0.605272,2.68226,41.9531,,,,,
fastsam-x,99,240,0.803962,0.969706,0.824674,0.931886,0.0656543,0.379193,9,17,0.777778,0.722923,0.615385,0.444876,0,4,0.830148,0.705989,0.763051,0.214755,0.402679,0.280119,0.95384,0.0081564,0.269379,1.58279,0.896635,0.22726,8163.78,0.777778,0.880839,4.70513,44.1169,,,,,
fastsam-x,99,248,0.771926,0.976033,0.786841,0.924722,0.0767285,0.383871,9,16,0.555556,0.721544,0.64,0.461788,0,4,0.794056,0.640138,0.708838,0.238542,0.422742,0.304988,0.961317,0.0104045,0.267404,1.51968,0.910964,0.31884,7462.89,0.777778,0.456054,2.20991,40.6346,,,,,
